:10000000FFFFFFFFFFFFFFFFFFFFFFFFFFFFFFFF00
:10001000FFFFFFFFFFFFFFFFFFFFFFFFFFFFFFFFF0
:10002000FFFFFFFFFFFFFFFFFFFFFFFFFFFFFFFFE0
:10003000FFFFFFFFFFFFFFFFFFFFFFFFFFFFFFFFD0
:10004000FFFFFFFFFFFFFFFFFFFFFFFFFFFFFFFFC0
:10005000FFFFFFFFFFFFFFFFFFFFFFFFFFFFFFFFB0
:10006000FFFFFFFFFFFFFFFFFFFFFFFFFFFFFFFFA0
:10007000FFFFFFFFFFFFFFFFFFFFFFFFFFFFFFFF90
:10008000FFFFFFFFFFFFFFFFFFFFFFFFFFFFFFFF80
:10009000FFFFFFFFFFFFFFFFFFFFFFFFFFFFFFFF70
:1000A000FFFFFFFFFFFFFFFFFFFFFFFFFFFFFFFF60
:1000B000FFFFFFFFFFFFFFFFFFFFFFFFFFFFFFFF50
:1000C000FFFFFFFFFFFFFFFFFFFFFFFFFFFFFFFF40
:1000D000FFFFFFFFFFFFFFFFFFFFFFFFFFFFFFFF30
:1000E000FFFFFFFFFFFFFFFFFFFFFFFFFFFFFFFF20
:1000F000FFFFFFFFFFFFFFFFFFFFFFFFFFFFFFFF10
:10010000FFFFFFFFFFFFFFFFFFFFFFFFFFFFFFFFFF
:10011000FFFFFFFFFFFFFFFFFFFFFFFFFFFFFFFFEF
:10012000FFFFFFFFFFFFFFFFFFFFFFFFFFFFFFFFDF
:10013000FFFFFFFFFFFFFFFFFFFFFFFFFFFFFFFFCF
:10014000FFFFFFFFFFFFFFFFFFFFFFFFFFBDCDFF33
:10015000FFFFFFDC00000047000000803400C244C5
:100160000000000200003C620000004189A81F005E
:10017000000000000000000000000000000000007F
:10018000000000000000000000F1F8FF0000000087
:10019000000000000000000000000000000000005F
:1001A00000000000000003EBFF0000000000000062
:1001B000000000000000000000000000000000003F
:1001C00000000003EBFF0000000000000000000042
:1001D000000000000000000000000000000000001F
:1001E00003EBFF0000000000000000000000000022
:1001F0000000000000000000000000000003EBFF12
:1002000000000000000000000000000000000000EE
:100210000000000000000000000003EBFF000000F1
:1002200000000000000000000000000000000000CE
:100230000000000000000003EBFF000000000000D1
:1002400000000000000000000000000000000000AE
:100250000000000003EBFF000000000000000000B1
:10026000000000000000000000000000000000008E
:100270000003EBFF00000000000000000000000091
:10028000000000000000000000000000000003EB80
:10029000FF0000000000000000000000000000005F
:1002A000000000000000000000000003EBFF000061
:1002B000000000000000000000000000000000003E
:1002C000000000000000000003EBFF000000000041
:1002D000000000000000000000000000000000001E
:1002E000000000000003EBFF000000000000000021
:1002F00000000000000000000000000000000000FE
:10030000000003EBFF000000000000000000000000
:1003100000000000000000000000000000000003DA
:10032000EBFF0000000000000000000000000000E3
:1003300000000000000000000000000003EBFF00D0
:1003400000000000000000000000000000000000AD
:1003500000000000000000000003EBFF00000000B0
:10036000000000000000000000000000000000008D
:1003700000000000000003EBFF0000000000000090
:10038000000000000000000000000000000000006D
:1003900000000003EBFF0000000000000000000070
:1003A000000000000000000000000000000000004D
:1003B00003EBFF0000000000000000000000000050
:1003C0000000000000000000000000000003EBFF40
:1003D000000000000000000000000000000000001D
:1003E0000000000000000000000003EBFF00000020
:1003F00000000000000000000000000000000000FD
:100400000000000000000003EBFF000000000000FF
:1004100000000000000000000000000000000000DC
:100420000000000003EBFF000000000000000000DF
:1004300000000000000000000000000000000000BC
:100440000003EBFF000000000000000000000000BF
:10045000000000000000000000000000000003EBAE
:10046000FF0000000000000000000000000000008D
:10047000000000000000000000000003EBFF00008F
:10048000000000000000000000000000000000006C
:10049000000000000000000003EBFF00000000006F
:1004A000000000000000000000000000000000004C
:1004B000000000000003EBFF00000000000000004F
:1004C000000000000000000000000000000000002C
:1004D000000003EBFF00000000000000000000002F
:1004E0000000000000000000000000000000000309
:1004F000EBFF000000000000000000000000000012
:1005000000000000000000000000000003EBFF00FE
:1005100000000000000000000000000000000000DB
:1005200000000000000000000003EBFF00000000DE
:1005300000000000000000000000000000000000BB
:1005400000000000000003EBFF00000000000000BE
:10055000000000000000000000000000000000009B
:1005600000000003EBFF000000000000000000009E
:10057000000000000000000000000000000000007B
:1005800003EBFF000000000000000000000000007E
:100590000000000000000000000000000003EBFF6E
:1005A000000000000000000000000000000000004B
:1005B0000000000000000000000003EBFF0000004E
:1005C000000000000000000000000000000000002B
:1005D0000000000000000003EBFF0000000000002E
:1005E000000000000000000000000000000000000B
:1005F0000000000003EBFF0000000000000000000E
:1006000000000000000000000000000000000000EA
:100610000003EBFF000000000000000000000000ED
:10062000000000000000000000000000000003EBDC
:10063000FF000000000000000000000000000000BB
:10064000000000000000000000000003EBFF0000BD
:10065000000000000000000000000000000000009A
:10066000000000000000000003EBFF00000000009D
:10067000000000000000000000000000000000007A
:10068000000000000003EBFF00000000000000007D
:10069000000000000000000000000000000000005A
:1006A000000003EBFF00000000000000000000005D
:1006B0000000000000000000000000000000000337
:1006C000EBFF000000000000000000000000000040
:1006D00000000000000000000000000003EBFF002D
:1006E000000000000000000000000000000000000A
:1006F00000000000000000000003EBFF000000000D
:1007000000000000000000000000000000000000E9
:1007100000000000000003EBFF00000000000000EC
:1007200000000000000000000000000000000000C9
:1007300000000003EBFF00000000000000000000CC
:1007400000000000000000000000000000000000A9
:1007500003EBFF00000000000000000000000000AC
:100760000000000000000000000000000003EBFF9C
:100770000000000000000000000000000000000079
:100780000000000000000000000003EBFF0000007C
:100790000000000000000000000000000000000059
:1007A0000000000000000003EBFF0000000000005C
:1007B0000000000000000000000000000000000039
:1007C0000000000003EBFF0000000000000000003C
:1007D0000000000000000000000000000000000019
:1007E0000003EBFF08000000000000000000000014
:1007F0000000000000000000000000000000C9949C
:10080000FF000000000000000000000000000000E9
:10081000000000000000000000000003EBFF0000EB
:1008200000000000000000000000000000000000C8
:10083000000000000000000003EBFF0800000000C3
:1008400000000000000000000000000000000000A8
:100850000000000000C994FF080000000000000034
:100860000000000000000000000000000000000088
:100870000000C994FF00000000000000000000001C
:100880000000000000000000000000000000000365
:10089000EBFF00000000000000000000000000006E
:1008A00000000000000000000000000003EBFF005B
:1008B0000000000000000000000000000000000038
:1008C00000000000000000000003EBFF000000003B
:1008D0000000000000000000000000000000000018
:1008E00000000000000003EBFF000000000000001B
:1008F00000000000000000000000000000000000F8
:1009000000000003EBFF00000000000000000000FA
:1009100000000000000000000000000000000000D7
:1009200003EBFF00000000000000000000000000DA
:100930000000000000000000000000000003EBFFCA
:1009400000000000000000000000000000000000A7
:100950000000000000000000000003EBFF000000AA
:100960000000000000000000000000000000000087
:100970000000000000000003EBFF0000000000008A
:100980000000000000000000000000000000000067
:100990000000000003EBFF0000000000000000006A
:1009A0000000000000000000000000000000000047
:1009B0000003EBFF0000000000000000000000004A
:1009C000000000000000000000000000000003EB39
:1009D000FF00000000000000000000000000000018
:1009E000000000000000000000000003EBFF00001A
:1009F00000000000000000000000000000000000F7
:100A0000000000000000000003EBFF0000000000F9
:100A100000000000000000000000000000000000D6
:100A2000000000000003EBFF0000000000000000D9
:100A300000000000000000000000000000000000B6
:100A4000000003EBFF0000000000000000000000B9
:100A50000000000000000000000000000000000393
:100A6000EBFF00000000000000000000000000009C
:100A700000000000000000000000000003EBFF0089
:100A80000000000000000000000000000000000066
:100A900000000000000000000003EBFF0000000069
:100AA0000000000000000000000000000000000046
:100AB00000000000000003EBFF0000000000000049
:100AC0000000000000000000000000000000000026
:100AD00000000003EBFF0000000000000000000029
:100AE0000000000000000000000000000000000006
:100AF00003EBFF0000000000000000000000000009
:100B00000000000000000000000000000003EBFFF8
:100B100000000000000000000000000000000000D5
:100B20000000000000000000000003EBFF000000D8
:100B300000000000000000000000000000000000B5
:100B40000000000000000003EBFF000000000000B8
:100B50000000000000000000000000000000000095
:100B60000000000003EBFF00000000000000000098
:100B70000000000000000000000000000000000075
:100B80000003EBFF00000000000000000000000078
:100B9000000000000000000000000000000003EB67
:100BA000FF00000000000000000000000000000046
:100BB000000000000000000000000003EBFF000048
:100BC0000000000000000000000000000000000025
:100BD000000000000000000003EBFF000000000028
:100BE0000000000000000000000000000000000005
:100BF000000000000003EBFF000000000000000008
:100C000000000000000000000000000000000000E4
:100C1000000003EBFF0000000000000000000000E7
:100C200000000000000000000000000000000003C1
:100C3000EBFF0000000000000000000000000000CA
:100C400000000000000000000000000003EBFF00B7
:100C50000000000000000000000000000000000094
:100C600000000000000000000003EBFF0000000097
:100C70000000000000000000000000000000000074
:100C800000000000000003EBFF0000000000000077
:100C90000000000000000000000000000000000054
:100CA00000000003EBFF0000000000000000000057
:100CB0000000000000000000000000000000000034
:100CC00003EBFF0000000000000000000000000037
:100CD0000000000000000000000000000003EBFF27
:100CE0000000000000000000000000000000000004
:100CF0000000000000000000000003EBFF00000007
:100D000000000000000000000000000000000000E3
:100D10000000000000000003EBFF000000000000E6
:100D200000000000000000000000000000000000C3
:100D30000000000003EBFF000000000000000000C6
:100D400000000000000000000000000000000000A3
:100D50000003EBFF000000000000000000000000A6
:100D6000000000000000000000000000000003EB95
:100D7000FF00000000000000000000000000000074
:100D8000000000000000000000000003EBFF000076
:100D90000000000000000000000000000000000053
:100DA000000000000000000003EBFF000000000056
:100DB0000000000000000000000000000000000033
:100DC000000000000003EBFF000000000000000036
:100DD0000000000000000000000000000000000013
:100DE000000003EBFF000000000000000000000016
:100DF00000000000000000000000000000000003F0
:100E0000EBFF0000000000000000000000000000F8
:100E100000000000000000000000000003EBFF00E5
:100E200000000000000000000000000000000000C2
:100E300000000000000000000003EBFF00000000C5
:100E400000000000000000000000000000000000A2
:100E500000000000000003EBFF00000000000000A5
:100E60000000000000000000000000000000000082
:100E700000000003EBFF0000000000000000000085
:100E80000000000000000000000000000000000062
:100E900003EBFF0000000000000000000000000065
:100EA0000000000000000000000000000003EBFF55
:100EB0000000000000000000000000000000000032
:100EC0000000000000000000000003EBFF00000035
:100ED0000000000000000000000000000000000012
:100EE0000000000000000003EBFF00000000000015
:100EF00000000000000000000000000000000000F2
:100F00000000000003EBFF000000000000000000F4
:100F100000000000000000000000000000000000D1
:100F20000003EBFF000000000000000000000000D4
:100F3000000000000000000000000000000003EBC3
:100F4000FF000000000000000000000000000000A2
:100F5000000000000000000000000003EBFF0000A4
:100F60000000000000000000000000000000000081
:100F7000000000000000000003EBFF000000000084
:100F80000000000000000000000000000000000061
:100F9000000000000003EBFF000000000000000064
:100FA0000000000000000000000000000000000041
:100FB000000003EBFF000000000000000000000044
:100FC000000000000000000000000000000000031E
:100FD000EBFF000000000000000000000000000027
:100FE00000000000000000000000000003EBFF0014
:100FF00000000000000000000000000000000000F1
:1010000000000000000000000003EBFF00000000F3
:1010100000000000000000000000000000000000D0
:1010200000000000000003EBFF00000000000000D3
:1010300000000000000000000000000000000000B0
:1010400000000003EBFF00000000000000000000B3
:101050000000000000000000000000000000000090
:1010600003EBFF0000000000000000000000000093
:101070000000000000000000000000000003EBFF83
:101080000000000000000000000000000000000060
:101090000000000000000000000003EBFF00000063
:1010A0000000000000000000000000000000000040
:1010B0000000000000000003EBFF00000000000043
:1010C0000000000000000000000000000000000020
:1010D0000000000003EBFF00000000000000000023
:1010E0000000000000000000000000000000000000
:1010F0000003EBFF00000000000000000000000003
:10110000000000000000000000000000000003EBF1
:10111000FF000000000000000000000000000000D0
:10112000000000000000000000000003EBFF0000D2
:1011300000000000000000000000000000000000AF
:10114000000000000000000003EBFF0000000000B2
:10115000000000000000000000000000000000008F
:10116000000000000003EBFF000000000000000092
:10117000000000000000000000000000000000006F
:10118000000003EBFF000000000000000000000072
:10119000000000000000000000000000000000034C
:1011A000EBFF000000000000000000000000000055
:1011B00000000000000000000000000003EBFF0042
:1011C000000000000000000000000000000000001F
:1011D00000000000000000000003EBFF0000000022
:1011E00000000000000000000000000000000000FF
:1011F00000000000000003EBFF0000000000000002
:1012000000000000000000000000000000000000DE
:1012100000000003EBFF00000000000000000000E1
:1012200000000000000000000000000000000000BE
:1012300003EBFF00000000000000000000000000C1
:101240000000000000000000000000000003EBFFB1
:10125000000000000000000000000000000000008E
:101260000000000000000000000003EBFF00000091
:10127000000000000000000000000000000000006E
:101280000000000000000003EBFF00000000000071
:10129000000000000000000000000000000000004E
:1012A0000000000003EBFF00000000000000000051
:1012B000000000000000000000000000000000002E
:1012C0000003EBFF00000000000000000000000031
:1012D000000000000000000000000000000003EB20
:1012E000FF000000000000000000000000000000FF
:1012F000000000000000000000000003EBFF000001
:1013000000000000000000000000000000000000DD
:10131000000000000000000003EBFF0000000000E0
:1013200000000000000000000000000000000000BD
:10133000000000000003EBFF0000000000000000C0
:10134000000000000000000000000000000000009D
:10135000000003EBFF0000000000000000000000A0
:10136000000000000000000000000000000000037A
:10137000EBFF000000000000000000000000000083
:1013800000000000000000000000000003EBFF0070
:10139000000000000000000000000000000000004D
:1013A00000000000000000000003EBFF0000000050
:1013B000000000000000000000000000000000002D
:1013C00000000000000003EBFF0000000000000030
:1013D000000000000000000000000000000000000D
:1013E00000000003EBFF0800000000000000000008
:1013F00000000000000000000000000000000000ED
:10140000C994FF0000000000000000000000000080
:101410000000000000000000000000000003EBFFDF
:1014200000000000000000000000000000000000BC
:101430000000000000000000000003EBFF080000B7
:10144000000000000000000000000000000000009C
:1014500000000000000000C994FF08000000000028
:10146000000000000000000000000000000000007C
:1014700000000000C994FF00000000000000000010
:10148000000000000000000000000000000000005C
:101490000003EBFF0000000000000000000000005F
:1014A000000000000000000000000000000003EB4E
:1014B000FF0000000000000000000000000000002D
:1014C000000000000000000000000003EBFF00002F
:1014D000000000000000000000000000000000000C
:1014E000000000000000000003EBFF00000000000F
:1014F00000000000000000000000000000000000EC
:10150000000000000003EBFF0000000000000000EE
:1015100000000000000000000000000000000000CB
:10152000000003EBFF0000000000000000000000CE
:1015300000000000000000000000000000000003A8
:10154000EBFF0000000000000000000000000000B1
:1015500000000000000000000000000003EBFF009E
:10156000000000000000000000000000000000007B
:1015700000000000000000000003EBFF000000007E
:10158000000000000000000000000000000000005B
:1015900000000000000003EBFF000000000000005E
:1015A000000000000000000000000000000000003B
:1015B00000000003EBFF000000000000000000003E
:1015C000000000000000000000000000000000001B
:1015D00003EBFF000000000000000000000000001E
:1015E0000000000000000000000000000003EBFF0E
:1015F00000000000000000000000000000000000EB
:101600000000000000000000000003EBFF000000ED
:1016100000000000000000000000000000000000CA
:101620000000000000000003EBFF000000000000CD
:1016300000000000000000000000000000000000AA
:101640000000000003EBFF000000000000000000AD
:10165000000000000000000000000000000000008A
:101660000003EBFF0000000000000000000000008D
:10167000000000000000000000000000000003EB7C
:10168000FF0000000000000000000000000000005B
:10169000000000000000000000000003EBFF00005D
:1016A000000000000000000000000000000000003A
:1016B000000000000000000003EBFF00000000003D
:1016C000000000000000000000000000000000001A
:1016D000000000000003EBFF00000000000000001D
:1016E00000000000000000000000000000000000FA
:1016F000000003EBFF0000000000000000000000FD
:1017000000000000000000000000000000000003D6
:10171000EBFF0000000000000000000000000000DF
:1017200000000000000000000000000003EBFF00CC
:1017300000000000000000000000000000000000A9
:1017400000000000000000000003EBFF00000000AC
:101750000000000000000000000000000000000089
:1017600000000000000003EBFF000000000000008C
:101770000000000000000000000000000000000069
:1017800000000003EBFF000000000000000000006C
:101790000000000000000000000000000000000049
:1017A00003EBFF000000000000000000000000004C
:1017B0000000000000000000000000000003EBFF3C
:1017C0000000000000000000000000000000000019
:1017D0000000000000000000000003EBFF0000001C
:1017E00000000000000000000000000000000000F9
:1017F0000000000000000003EBFF000000000000FC
:1018000000000000000000000000000000000000D8
:101810000000000003EBFF000000000000000000DB
:1018200000000000000000000000000000000000B8
:101830000003EBFF000000000000000000000000BB
:10184000000000000000000000000000000003EBAA
:10185000FF00000000000000000000000000000089
:10186000000000000000000000000003EBFF00008B
:101870000000000000000000000000000000000068
:10188000000000000000000003EBFF00000000006B
:101890000000000000000000000000000000000048
:1018A000000000000003EBFF00000000000000004B
:1018B0000000000000000000000000000000000028
:1018C000000003EBFF00000000000000000000002B
:1018D0000000000000000000000000000000000305
:1018E000EBFF00000000000000000000000000000E
:1018F00000000000000000000000000003EBFF00FB
:1019000000000000000000000000000000000000D7
:1019100000000000000000000003EBFF00000000DA
:1019200000000000000000000000000000000000B7
:1019300000000000000003EBFF00000000000000BA
:101940000000000000000000000000000000000097
:1019500000000003EBFF000000000000000000009A
:101960000000000000000000000000000000000077
:1019700003EBFF000000000000000000000000007A
:101980000000000000000000000000000003EBFF6A
:101990000000000000000000000000000000000047
:1019A0000000000000000000000003EBFF0000004A
:1019B0000000000000000000000000000000000027
:1019C0000000000000000003EBFF0000000000002A
:1019D0000000000000000000000000000000000007
:1019E0000000000003EBFF0000000000000000000A
:1019F00000000000000000000000000000000000E7
:101A00000003EBFF000000000000000000000000E9
:101A1000000000000000000000000000000003EBD8
:101A2000FF000000000000000000000000000000B7
:101A3000000000000000000000000003EBFF0000B9
:101A40000000000000000000000000000000000096
:101A5000000000000000000003EBFF000000000099
:101A60000000000000000000000000000000000076
:101A7000000000000003EBFF000000000000000079
:101A80000000000000000000000000000000000056
:101A9000000003EBFF000000000000000000000059
:101AA0000000000000000000000000000000000333
:101AB000EBFF00000000000000000000000000003C
:101AC00000000000000000000000000003EBFF0029
:101AD0000000000000000000000000000000000006
:101AE00000000000000000000003EBFF0000000009
:101AF00000000000000000000000000000000000E6
:101B000000000000000003EBFF00000000000000E8
:101B100000000000000000000000000000000000C5
:101B200000000003EBFF00000000000000000000C8
:101B300000000000000000000000000000000000A5
:101B400003EBFF00000000000000000000000000A8
:101B50000000000000000000000000000003EBFF98
:101B60000000000000000000000000000000000075
:101B70000000000000000000000003EBFF00000078
:101B80000000000000000000000000000000000055
:101B90000000000000000003EBFF00000000000058
:101BA0000000000000000000000000000000000035
:101BB0000000000003EBFF00000000000000000038
:101BC0000000000000000000000000000000000015
:101BD0000003EBFF00000000000000000000000018
:101BE000000000000000000000000000000003EB07
:101BF000FF000000000000000000000000000000E6
:101C0000000000000000000000000003EBFF0000E7
:101C100000000000000000000000000000000000C4
:101C2000000000000000000003EBFF0000000000C7
:101C300000000000000000000000000000000000A4
:101C4000000000000003EBFF0000000000000000A7
:101C50000000000000000000000000000000000084
:101C6000000003EBFF000000000000000000000087
:101C70000000000000000000000000000000000361
:101C8000EBFF00000000000000000000000000006A
:101C900000000000000000000000000003EBFF0057
:101CA0000000000000000000000000000000000034
:101CB00000000000000000000003EBFF0000000037
:101CC0000000000000000000000000000000000014
:101CD00000000000000003EBFF0000000000000017
:101CE00000000000000000000000000000000000F4
:101CF00000000003EBFF00000000000000000000F7
:101D000000000000000000000000000000000000D3
:101D100003EBFF00000000000000000000000000D6
:101D20000000000000000000000000000003EBFFC6
:101D300000000000000000000000000000000000A3
:101D40000000000000000000000003EBFF000000A6
:101D50000000000000000000000000000000000083
:101D60000000000000000003EBFF00000000000086
:101D70000000000000000000000000000000000063
:101D80000000000003EBFF00000000000000000066
:101D90000000000000000000000000000000000043
:101DA0000003EBFF00000000000000000000000046
:101DB000000000000000000000000000000003EB35
:101DC000FF00000000000000000000000000000014
:101DD000000000000000000000000003EBFF000016
:101DE00000000000000000000000000000000000F3
:101DF000000000000000000003EBFF0000000000F6
:101E000000000000000000000000000000000000D2
:101E1000000000000003EBFF0000000000000000D5
:101E200000000000000000000000000000000000B2
:101E3000000003EBFF0000000000000000000000B5
:101E4000000000000000000000000000000000038F
:101E5000EBFF000000000000000000000000000098
:101E600000000000000000000000000003EBFF0085
:101E70000000000000000000000000000000000062
:101E800000000000000000000003EBFF080000005D
:101E90000000000000000000000000000000000042
:101EA000000000000000C994FF00000000000000D6
:101EB0000000000000000000000000000000000022
:101EC00000000003EBFF0000000000000000000025
:101ED0000000000000000000000000000000000002
:101EE00003EBFF0000000000000000000000000005
:101EF0000000000000000000000000000003EBFFF5
:101F000000000000000000000000000000000000D1
:101F10000000000000000000000003EBFF000000D4
:101F200000000000000000000000000000000000B1
:101F30000000000000000003EBFF000000000000B4
:101F40000000000000000000000000000000000091
:101F50000000000003EBFF00000000000000000094
:101F60000000000000000000000000000000000071
:101F70000003EBFF00000000000000000000000074
:101F8000000000000000000000000000000003EB63
:101F9000FF00000000000000000000000000000042
:101FA000000000000000000000000003EBFF000044
:101FB0000000000000000000000000000000000021
:101FC000000000000000000003EBFF000000000024
:101FD0000000000000000000000000000000000001
:101FE000000000000003EBFF0800000000000000FC
:101FF00000000000000000000000000000000000E1
:102000000000C994FF000000000000000000000074
:1020100000000000000000000000000000000003BD
:10202000EBFF0000000000000000000000000000C6
:1020300000000000000000000000000003EBFF08AB
:102040000000000000000000000000000000000090
:10205000000000000000000000C994FF080000001C
:102060000000000000000000000000000000000070
:10207000000000000000C994FF0000000000000004
:102080000000000000000000000000000000000050
:1020900000000003EBFF0000000000000000000053
:1020A0000000000000000000000000000000000030
:1020B00003EBFF0000000000000000000000000033
:1020C0000000000000000000000000000003EBFF23
:1020D0000000000000000000000000000000000000
:1020E0000000000000000000000003EBFF00000003
:1020F00000000000000000000000000000000000E0
:102100000000000000000003EBFF000000000000E2
:1021100000000000000000000000000000000000BF
:102120000000000003EBFF000000000000000000C2
:10213000000000000000000000000000000000009F
:102140000003EBFF000000000000000000000000A2
:10215000000000000000000000000000000003EB91
:10216000FF00000000000000000000000000000070
:10217000000000000000000000000003EBFF000072
:10218000000000000000000000000000000000004F
:10219000000000000000000003EBFF000000000052
:1021A000000000000000000000000000000000002F
:1021B000000000000003EBFF000000000000000032
:1021C000000000000000000000000000000000000F
:1021D000000003EBFF000000000000000000000012
:1021E00000000000000000000000000000000003EC
:1021F000EBFF0000000000000000000000000000F5
:1022000000000000000000000000000003EBFF00E1
:1022100000000000000000000000000000000000BE
:1022200000000000000000000003EBFF00000000C1
:10223000000000000000000000000000000000009E
:1022400000000000000003EBFF00000000000000A1
:10225000000000000000000000000000000000007E
:1022600000000003EBFF0000000000000000000081
:10227000000000000000000000000000000000005E
:1022800003EBFF0000000000000000000000000061
:102290000000000000000000000000000003EBFF51
:1022A000000000000000000000000000000000002E
:1022B0000000000000000000000003EBFF00000031
:1022C000000000000000000000000000000000000E
:1022D0000000000000000003EBFF00000000000011
:1022E00000000000000000000000000000000000EE
:1022F0000000000003EBFF000000000000000000F1
:1023000000000000000000000000000000000000CD
:102310000003EBFF000000000000000000000000D0
:10232000000000000000000000000000000003EBBF
:10233000FF0000000000000000000000000000009E
:10234000000000000000000000000003EBFF0000A0
:10235000000000000000000000000000000000007D
:10236000000000000000000003EBFF000000000080
:10237000000000000000000000000000000000005D
:10238000000000000003EBFF000000000000000060
:10239000000000000000000000000000000000003D
:1023A000000003EBFF000000000000000000000040
:1023B000000000000000000000000000000000031A
:1023C000EBFF000000000000000000000000000023
:1023D00000000000000000000000000003EBFF0010
:1023E00000000000000000000000000000000000ED
:1023F00000000000000000000003EBFF00000000F0
:1024000000000000000000000000000000000000CC
:1024100000000000000003EBFF00000000000000CF
:1024200000000000000000000000000000000000AC
:1024300000000003EBFF00000000000000000000AF
:10244000000000000000000000000000000000008C
:1024500003EBFF000000000000000000000000008F
:102460000000000000000000000000000003EBFF7F
:10247000000000000000000000000000000000005C
:102480000000000000000000000003EBFF0000005F
:10249000000000000000000000000000000000003C
:1024A0000000000000000003EBFF0000000000003F
:1024B000000000000000000000000000000000001C
:1024C0000000000003EBFF0000000000000000001F
:1024D00000000000000000000000000000000000FC
:1024E0000003EBFF000000000000000000000000FF
:1024F000000000000000000000000000000003EBEE
:10250000FF000000000000000000000000000000CC
:10251000000000000000000000000003EBFF0000CE
:1025200000000000000000000000000000000000AB
:10253000000000000000000003EBFF0000000000AE
:10254000000000000000000000000000000000008B
:10255000000000000003EBFF00000000000000008E
:10256000000000000000000000000000000000006B
:10257000000003EBFF00000000000000000000006E
:102580000000000000000000000000000000000348
:10259000EBFF000000000000000000000000000051
:1025A00000000000000000000000000003EBFF003E
:1025B000000000000000000000000000000000001B
:1025C00000000000000000000003EBFF000000001E
:1025D00000000000000000000000000000000000FB
:1025E00000000000000003EBFF00000000000000FE
:1025F00000000000000000000000000000000000DB
:1026000000000003EBFF00000000000000000000DD
:1026100000000000000000000000000000000000BA
:1026200003EBFF00000000000000000000000000BD
:102630000000000000000000000000000003EBFFAD
:10264000000000000000000000000000000000008A
:102650000000000000000000000003EBFF0000008D
:10266000000000000000000000000000000000006A
:102670000000000000000003EBFF0000000000006D
:10268000000000000000000000000000000000004A
:102690000000000003EBFF0000000000000000004D
:1026A000000000000000000000000000000000002A
:1026B0000003EBFF0000000000000000000000002D
:1026C000000000000000000000000000000003EB1C
:1026D000FF000000000000000000000000000000FB
:1026E000000000000000000000000003EBFF0000FD
:1026F00000000000000000000000000000000000DA
:10270000000000000000000003EBFF0000000000DC
:1027100000000000000000000000000000000000B9
:10272000000000000003EBFF0000000000000000BC
:102730000000000000000000000000000000000099
:10274000000003EBFF00000000000000000000009C
:102750000000000000000000000000000000000376
:10276000EBFF00000000000000000000000000007F
:1027700000000000000000000000000003EBFF006C
:102780000000000000000000000000000000000049
:1027900000000000000000000003EBFF000000004C
:1027A0000000000000000000000000000000000029
:1027B00000000000000003EBFF000000000000002C
:1027C0000000000000000000000000000000000009
:1027D00000000003EBFF000000000000000000000C
:1027E00000000000000000000000000000000000E9
:1027F00003EBFF00000000000000000000000000EC
:102800000000000000000000000000000003EBFFDB
:1028100000000000000000000000000000000000B8
:102820000000000000000000000003EBFF000000BB
:102830000000000000000000000000000000000098
:102840000000000000000003EBFF0000000000009B
:102850000000000000000000000000000000000078
:102860000000000003EBFF0000000000000000007B
:102870000000000000000000000000000000000058
:102880000003EBFF0000000000000000000000005B
:10289000000000000000000000000000000003EB4A
:1028A000FF00000000000000000000000000000029
:1028B000000000000000000000000003EBFF00002B
:1028C0000000000000000000000000000000000008
:1028D000000000000000000003EBFF00000000000B
:1028E00000000000000000000000000000000000E8
:1028F000000000000003EBFF0000000000000000EB
:1029000000000000000000000000000000000000C7
:10291000000003EBFF0000000000000000000000CA
:1029200000000000000000000000000000000003A4
:10293000EBFF0000000000000000000000000000AD
:1029400000000000000000000000000003EBFF009A
:102950000000000000000000000000000000000077
:1029600000000000000000000003EBFF000000007A
:102970000000000000000000000000000000000057
:1029800000000000000003EBFF000000000000005A
:102990000000000000000000000000000000000037
:1029A00000000003EBFF000000000000000000003A
:1029B0000000000000000000000000000000000017
:1029C00003EBFF000000000000000000000000001A
:1029D0000000000000000000000000000003EBFF0A
:1029E00000000000000000000000000000000000E7
:1029F0000000000000000000000003EBFF000000EA
:102A000000000000000000000000000000000000C6
:102A10000000000000000003EBFF000000000000C9
:102A200000000000000000000000000000000000A6
:102A30000000000003EBFF000000000000000000A9
:102A40000000000000000000000000000000000086
:102A50000003EBFF00000000000000000000000089
:102A6000000000000000000000000000000003EB78
:102A7000FF00000000000000000000000000000057
:102A8000000000000000000000000003EBFF000059
:102A90000000000000000000000000000000000036
:102AA000000000000000000003EBFF000000000039
:102AB0000000000000000000000000000000000016
:102AC000000000000003EBFF000000000000000019
:102AD00000000000000000000000000000000000F6
:102AE000000003EBFF0000000000000000000000F9
:102AF00000000000000000000000000000000003D3
:102B0000EBFF0000000000000000000000000000DB
:102B100000000000000000000000000003EBFF00C8
:102B200000000000000000000000000000000000A5
:102B300000000000000000000003EBFF00000000A8
:102B40000000000000000000000000000000000085
:102B500000000000000003EBFF0000000000000088
:102B60000000000000000000000000000000000065
:102B700000000003EBFF0000000000000000000068
:102B80000000000000000000000000000000000045
:102B900003EBFF0000000000000000000000000048
:102BA0000000000000000000000000000003EBFF38
:102BB0000000000000000000000000000000000015
:102BC0000000000000000000000003EBFF00000018
:102BD00000000000000000000000000000000000F5
:102BE0000000000000000003EBFF080000000000F0
:102BF00000000000000000000000000000000000D5
:102C000000000000C994FF00020000000000000066
:102C100000000000000000000000000000000000B4
:102C200000A859FF000000000000000000000000A4
:102C3000000000000000000000000000000003EBA6
:102C4000FF0800000000000000000000000000007D
:102C50000000000000000000000000C994FF080010
:102C60000000000000000000000000000000000064
:102C70000000000000000000C994FF0002000000F6
:102C80000000000000000000000000000000000044
:102C90000000000000A859FF000000000000000034
:102CA0000000000000000000000000000000000024
:102CB000000003EBFF000000000000000000000027
:102CC0000000000000000000000000000000000301
:102CD000EBFF00000000000000000000000000000A
:102CE00000000000000000000000000003EBFF00F7
:102CF00000000000000000000000000000000000D4
:102D000000000000000000000003EBFF00000000D6
:102D100000000000000000000000000000000000B3
:102D200000000000000003EBFF00000000000000B6
:102D30000000000000000000000000000000000093
:102D400000000003EBFF0000000000000000000096
:102D50000000000000000000000000000000000073
:102D600003EBFF2000000000000000000000000056
:102D7000000000000000000000000000002854FFD8
:102D80000000000000000000000000000000000043
:102D90000000000000000000000003EBFF00000046
:102DA0000000000000000000000000000000000023
:102DB0000000000000000003EBFF00000000000026
:102DC0000000000000000000000000000000000003
:102DD0000000000003EBFF200000000000000000E6
:102DE00000000000000000000000000000000000E3
:102DF000002854FF00000000000000000000000058
:102E0000000000000000000000000000000003EBD4
:102E1000FF000000000000000000000000000000B3
:102E2000000000000000000000000003EBFF0000B5
:102E30000000000000000000000000000000000092
:102E4000000000000000000003EBFF000000000095
:102E50000000000000000000000000000000000072
:102E6000000000000003EBFF000000000000000075
:102E70000000000000000000000000000000000052
:102E8000000003EBFF000000000000000000000055
:102E9000000000000000000000000000000000032F
:102EA000EBFF000000000000000000000000000038
:102EB00000000000000000000000000003EBFF0025
:102EC0000000000000000000000000000000000002
:102ED00000000000000000000003EBFF0000000005
:102EE00000000000000000000000000000000000E2
:102EF00000000000000003EBFF00000000000000E5
:102F000000000000000000000000000000000000C1
:102F100000000003EBFF00000000000000000000C4
:102F200000000000000000000000000000000000A1
:102F300003EBFF00000000000000000000000000A4
:102F40000000000000000000000000000003EBFF94
:102F50000000000000000000000000000000000071
:102F60000000000000000000000003EBFF00000074
:102F70000000000000000000000000000000000051
:102F80000000000000000003EBFF00000000000054
:102F90000000000000000000000000000000000031
:102FA0000000000003EBFF00000000000000000034
:102FB0000000000000000000000000000000000011
:102FC0000003EBFF00000000000000000000000014
:102FD000000000000000000000000000000003EB03
:102FE000FF000000000000000000000000000000E2
:102FF000000000000000000000000003EBFF0000E4
:1030000000000000000000000000000000000000C0
:10301000000000000000000003EBFF0000000000C3
:1030200000000000000000000000000000000000A0
:10303000000000000003EBFF0000000000000000A3
:103040000000000000000000000000000000000080
:10305000000003EBFF000000000000000000000083
:10306000000000000000000000000000000000035D
:10307000EBFF000000000000000000000000000066
:1030800000000000000000000000000003EBFF0053
:103090000000000000000000000000000000000030
:1030A00000000000000000000003EBFF0000000033
:1030B0000000000000000000000000000000000010
:1030C00000000000000003EBFF0000000000000013
:1030D00000000000000000000000000000000000F0
:1030E00000000003EBFF00000000000000000000F3
:1030F00000000000000000000000000000000000D0
:1031000003EBFF00000000000000000000000000D2
:103110000000000000000000000000000003EBFFC2
:10312000000000000000000000000000000000009F
:103130000000000000000000000003EBFF000000A2
:10314000000000000000000000000000000000007F
:103150000000000000000003EBFF00000000000082
:10316000000000000000000000000000000000005F
:103170000000000003EBFF00000000000000000062
:10318000000000000000000000000000000000003F
:103190000003EBFF00000000000000000000000042
:1031A000000000000000000000000000000003EB31
:1031B000FF00000000000000000000000000000010
:1031C000000000000000000000000003EBFF000012
:1031D00000000000000000000000000000000000EF
:1031E000000000000000000003EBFF0000000000F2
:1031F00000000000000000000000000000000000CF
:10320000000000000003EBFF0000000000000000D1
:1032100000000000000000000000000000000000AE
:10322000000003EBFF0000000000000000000000B1
:10323000000000000000000000000000000000038B
:10324000EBFF000000000000000000000000000094
:1032500000000000000000000000000003EBFF0081
:10326000000000000000000000000000000000005E
:1032700000000000000000000003EBFF0000000061
:10328000000000000000000000000000000000003E
:1032900000000000000003EBFF0000000000000041
:1032A000000000000000000000000000000000001E
:1032B00000000003EBFF0000000000000000000021
:1032C00000000000000000000000000000000000FE
:1032D00003EBFF0000000000000000000000000001
:1032E0000000000000000000000000000003EBFFF1
:1032F00000000000000000000000000000000000CE
:103300000000000000000000000003EBFF000000D0
:1033100000000000000000000000000000000000AD
:103320000000000000000003EBFF000000000000B0
:10333000000000000000000000000000000000008D
:103340000000000003EBFF00000000000000000090
:10335000000000000000000000000000000000006D
:103360000003EBFF00000000000000000000000070
:10337000000000000000000000000000000003EB5F
:10338000FF0000000000000000000000000000003E
:10339000000000000000000000000003EBFF000040
:1033A000000000000000000000000000000000001D
:1033B000000000000000000003EBFF000000000020
:1033C00000000000000000000000000000000000FD
:1033D000000000000003EBFF000000000000000000
:1033E00000000000000000000000000000000000DD
:1033F000000003EBFF0000000000000000000000E0
:1034000000000000000000000000000000000003B9
:10341000EBFF0000000000000000000000000000C2
:1034200000000000000000000000000003EBFF00AF
:10343000000000000000000000000000000000008C
:1034400000000000000000000003EBFF000000008F
:10345000000000000000000000000000000000006C
:1034600000000000000003EBFF000000000000006F
:10347000000000000000000000000000000000004C
:1034800000000003EBFF000000000000000000004F
:10349000000000000000000000000000000000002C
:1034A00003EBFF000000000000000000000000002F
:1034B0000000000000000000000000000003EBFF1F
:1034C00000000000000000000000000000000000FC
:1034D0000000000000000000000003EBFF000000FF
:1034E00000000000000000000000000000000000DC
:1034F0000000000000000003EBFF000000000000DF
:1035000000000000000000000000000000000000BB
:103510000000000003EBFF000000000000000000BE
:10352000000000000000000000000000000000009B
:103530000003EBFF0000000000000000000000009E
:10354000000000000000000000000000000003EB8D
:10355000FF0000000000000000000000000000006C
:10356000000000000000000000000003EBFF00006E
:10357000000000000000000000000000000000004B
:10358000000000000000000003EBFF00000000004E
:10359000000000000000000000000000000000002B
:1035A000000000000003EBFF00000000000000002E
:1035B000000000000000000000000000000000000B
:1035C000000003EBFF00000000000000000000000E
:1035D00000000000000000000000000000000003E8
:1035E000EBFF0000000000000000000000000000F1
:1035F00000000000000000000000000003EBFF00DE
:1036000000000000000000000000000000000000BA
:1036100000000000000000000003EBFF00000000BD
:10362000000000000000000000000000000000009A
:1036300000000000000003EBFF000000000000009D
:10364000000000000000000000000000000000007A
:1036500000000003EBFF000000000000000000007D
:10366000000000000000000000000000000000005A
:1036700003EBFF000000000000000000000000005D
:103680000000000000000000000000000003EBFF4D
:10369000000000000000000000000000000000002A
:1036A0000000000000000000000003EBFF0000002D
:1036B000000000000000000000000000000000000A
:1036C0000000000000000003EBFF0000000000000D
:1036D00000000000000000000000000000000000EA
:1036E0000000000003EBFF000000000000000000ED
:1036F00000000000000000000000000000000000CA
:103700000003EBFF000000000000000000000000CC
:10371000000000000000000000000000000003EBBB
:10372000FF0000000000000000000000000000009A
:10373000000000000000000000000003EBFF00009C
:103740000000000000000000000000000000000079
:10375000000000000000000003EBFF00000000007C
:103760000000000000000000000000000000000059
:10377000000000000003EBFF00000000000000005C
:103780000000000000000000000000000000000039
:10379000000003EBFF00000000000000000000003C
:1037A0000000000000000000000000000000000316
:1037B000EBFF00000000000000000000000000001F
:1037C00000000000000000000000000003EBFF000C
:1037D00000000000000000000000000000000000E9
:1037E00000000000000000000003EBFF00000000EC
:1037F00000000000000000000000000000000000C9
:1038000000000000000003EBFF00000000000000CB
:1038100000000000000000000000000000000000A8
:1038200000000003EBFF00000000000000000000AB
:103830000000000000000000000000000000000088
:1038400003EBFF000000000000000000000000008B
:103850000000000000000000000000000003EBFF7B
:103860000000000000000000000000000000000058
:103870000000000000000000000003EBFF0000005B
:103880000000000000000000000000000000000038
:103890000000000000000003EBFF0000000000003B
:1038A0000000000000000000000000000000000018
:1038B0000000000003EBFF0000000000000000001B
:1038C00000000000000000000000000000000000F8
:1038D0000003EBFF000000000000000000000000FB
:1038E000000000000000000000000000000003EBEA
:1038F000FF000000000000000000000000000000C9
:10390000000000000000000000000003EBFF0000CA
:1039100000000000000000000000000000000000A7
:10392000000000000000000003EBFF0000000000AA
:103930000000000000000000000000000000000087
:10394000000000000003EBFF00000000000000008A
:103950000000000000000000000000000000000067
:10396000000003EBFF00000000000000000000006A
:103970000000000000000000000000000000000344
:10398000EBFF00000000000000000000000000004D
:1039900000000000000000000000000003EBFF003A
:1039A0000000000000000000000000000000000017
:1039B00000000000000000000003EBFF000000001A
:1039C00000000000000000000000000000000000F7
:1039D00000000000000003EBFF00000000000000FA
:1039E00000000000000000000000000000000000D7
:1039F00000000003EBFF00000000000000000000DA
:103A000000000000000000000000000000000000B6
:103A100003EBFF00000000000000000000000000B9
:103A20000000000000000000000000000003EBFFA9
:103A30000000000000000000000000000000000086
:103A40000000000000000000000003EBFF00000089
:103A50000000000000000000000000000000000066
:103A60000000000000000003EBFF00000000000069
:103A70000000000000000000000000000000000046
:103A80000000000003EBFF00000000000000000049
:103A90000000000000000000000000000000000026
:103AA0000003EBFF00000000000000000000000029
:103AB000000000000000000000000000000003EB18
:103AC000FF000000000000000000000000000000F7
:103AD000000000000000000000000003EBFF0000F9
:103AE00000000000000000000000000000000000D6
:103AF000000000000000000003EBFF0000000000D9
:103B000000000000000000000000000000000000B5
:103B1000000000000003EBFF0000000000000000B8
:103B20000000000000000000000000000000000095
:103B3000000003EBFF000000000000000000000098
:103B40000000000000000000000000000000000372
:103B5000EBFF00000000000000000000000000007B
:103B600000000000000000000000000003EBFF0068
:103B70000000000000000000000000000000000045
:103B800000000000000000000003EBFF0000000048
:103B90000000000000000000000000000000000025
:103BA00000000000000003EBFF0000000000000028
:103BB0000000000000000000000000000000000005
:103BC00000000003EBFF0000000000000000000008
:103BD00000000000000000000000000000000000E5
:103BE00003EBFF00000000000000000000000000E8
:103BF0000000000000000000000000000003EBFFD8
:103C000000000000000000000000000000000000B4
:103C10000000000000000000000003EBFF000000B7
:103C20000000000000000000000000000000000094
:103C30000000000000000003EBFF00000000000097
:103C40000000000000000000000000000000000074
:103C50000000000003EBFF00000000000000000077
:103C60000000000000000000000000000000000054
:103C70000003EBFF00000000000000000000000057
:103C8000000000000000000000000000000003EB46
:103C9000FF00000000000000000000000000000025
:103CA000000000000000000000000003EBFF000027
:103CB0000000000000000000000000000000000004
:103CC000000000000000000003EBFF000000000007
:103CD00000000000000000000000000000000000E4
:103CE000000000000003EBFF0000000000000000E7
:103CF00000000000000000000000000000000000C4
:103D0000000003EBFF0000000000000000000000C6
:103D100000000000000000000000000000000003A0
:103D2000EBFF0000000000000000000000000000A9
:103D300000000000000000000000000003EBFF0096
:103D40000000000000000000000000000000000073
:103D500000000000000000000003EBFF0000000076
:103D60000000000000000000000000000000000053
:103D700000000000000003EBFF0000000000000056
:103D80000000000000000000000000000000000033
:103D900000000003EBFF0000000000000000000036
:103DA0000000000000000000000000000000000013
:103DB00003EBFF0000000000000000000000000016
:103DC0000000000000000000000000000003EBFF06
:103DD00000000000000000000000000000000000E3
:103DE0000000000000000000000003EBFF000000E6
:103DF00000000000000000000000000000000000C3
:103E00000000000000000003EBFF000000000000C5
:103E100000000000000000000000000000000000A2
:103E20000000000003EBFF000000000000000000A5
:103E30000000000000000000000000000000000082
:103E40000003EBFF00000000000000000000000085
:103E5000000000000000000000000000000003EB74
:103E6000FF00000000000000000000000000000053
:103E7000000000000000000000000003EBFF000055
:103E80000000000000000000000000000000000032
:103E9000000000000000000003EBFF000000000035
:103EA0000000000000000000000000000000000012
:103EB000000000000003EBFF000000000000000015
:103EC00000000000000000000000000000000000F2
:103ED000000003EBFF0000000000000000000000F5
:103EE00000000000000000000000000000000003CF
:103EF000EBFF0000000000000000000000000000D8
:103F000000000000000000000000000003EBFF00C4
:103F100000000000000000000000000000000000A1
:103F200000000000000000000003EBFF00000000A4
:103F30000000000000000000000000000000000081
:103F400000000000000003EBFF0000000000000084
:103F50000000000000000000000000000000000061
:103F600000000003EBFF0000000000000000000064
:103F70000000000000000000000000000000000041
:103F800003EBFF0000000000000000000000000044
:103F90000000000000000000000000000003EBFF34
:103FA0000000000000000000000000000000000011
:103FB0000000000000000000000003EBFF00000014
:103FC00000000000000000000000000000000000F1
:103FD0000000000000000003EBFF000000000000F4
:103FE00000000000000000000000000000000000D1
:103FF0000000000003EBFF000000000000000000D4
:1040000000000000000000000000000000000000B0
:104010000003EBFF000000000000000000000000B3
:10402000000000000000000000000000000003EBA2
:10403000FF00000000000000000000000000000081
:10404000000000000000000000000003EBFF000083
:104050000000000000000000000000000000000060
:10406000000000000000000003EBFF000000000063
:104070000000000000000000000000000000000040
:10408000000000000003EBFF000000000000000043
:104090000000000000000000000000000000000020
:1040A000000003EBFF000000000000000000000023
:1040B00000000000000000000000000000000003FD
:1040C000EBFF000000000000000000000000000006
:1040D00000000000000000000000000003EBFF00F3
:1040E00000000000000000000000000000000000D0
:1040F00000000000000000000003EBFF00000000D3
:1041000000000000000000000000000000000000AF
:1041100000000000000003EBFF00000000000000B2
:10412000000000000000000000000000000000008F
:1041300000000003EBFF0000000000000000000092
:10414000000000000000000000000000000000006F
:1041500003EBFF0000000000000000000000000072
:104160000000000000000000000000000003EBFF62
:10417000000000000000000000000000000000003F
:104180000000000000000000000003EBFF00000042
:10419000000000000000000000000000000000001F
:1041A0000000000000000003EBFF00000000000022
:1041B00000000000000000000000000000000000FF
:1041C0000000000003EBFF00000000000000000002
:1041D00000000000000000000000000000000000DF
:1041E0000003EBFF000000000000000000000000E2
:1041F000000000000000000000000000000003EBD1
:10420000FF000000000000000000000000000000AF
:10421000000000000000000000000003EBFF0000B1
:10422000000000000000000000000000000000008E
:10423000000000000000000003EBFF000000000091
:10424000000000000000000000000000000000006E
:10425000000000000003EBFF000000000000000071
:10426000000000000000000000000000000000004E
:10427000000003EBFF000000000000000000000051
:10428000000000000000000000000000000000032B
:10429000EBFF000000000000000000000000000034
:1042A00000000000000000000000000003EBFF0021
:1042B00000000000000000000000000000000000FE
:1042C00000000000000000000003EBFF0000000001
:1042D00000000000000000000000000000000000DE
:1042E00000000000000003EBFF00000000000000E1
:1042F00000000000000000000000000000000000BE
:1043000000000003EBFF00000000000000000000C0
:10431000000000000000000000000000000000009D
:1043200003EBFF00000000000000000000000000A0
:104330000000000000000000000000000003EBFF90
:10434000000000000000000000000000000000006D
:104350000000000000000000000003EBFF00000070
:10436000000000000000000000000000000000004D
:104370000000000000000003EBFF00000000000050
:10438000000000000000000000000000000000002D
:104390000000000003EBFF00000000000000000030
:1043A000000000000000000000000000000000000D
:1043B0000003EBFF00000000000000000000000010
:1043C000000000000000000000000000000003EBFF
:1043D000FF000000000000000000000000000000DE
:1043E000000000000000000000000003EBFF0000E0
:1043F00000000000000000000000000000000000BD
:10440000000000000000000003EBFF0000000000BF
:10441000000000000000000000000000000000009C
:10442000000000000003EBFF00000000000000009F
:10443000000000000000000000000000000000007C
:10444000000003EBFF00000000000000000000007F
:104450000000000000000000000000000000000359
:10446000EBFF000000000000000000000000000062
:1044700000000000000000000000000003EBFF004F
:10448000000000000000000000000000000000002C
:1044900000000000000000000003EBFF000000002F
:1044A000000000000000000000000000000000000C
:1044B00000000000000003EBFF000000000000000F
:1044C00000000000000000000000000000000000EC
:1044D00000000003EBFF00000000000000000000EF
:1044E00000000000000000000000000000000000CC
:1044F00003EBFF00000000000000000000000000CF
:104500000000000000000000000000000003EBFFBE
:10451000000000000000000000000000000000009B
:104520000000000000000000000003EBFF0000009E
:10453000000000000000000000000000000000007B
:104540000000000000000003EBFF0000000000007E
:10455000000000000000000000000000000000005B
:104560000000000003EBFF0000000000000000005E
:10457000000000000000000000000000000000003B
:104580000003EBFF0000000000000000000000003E
:10459000000000000000000000000000000003EB2D
:1045A000FF0000000000000000000000000000000C
:1045B000000000000000000000000003EBFF00000E
:1045C00000000000000000000000000000000000EB
:1045D000000000000000000003EBFF0000000000EE
:1045E00000000000000000000000000000000000CB
:1045F000000000000003EBFF0000000000000000CE
:1046000000000000000000000000000000000000AA
:10461000000003EBFF0000000000000000000000AD
:104620000000000000000000000000000000000387
:10463000EBFF000000000000000000000000000090
:1046400000000000000000000000000003EBFF007D
:10465000000000000000000000000000000000005A
:1046600000000000000000000003EBFF000000005D
:10467000000000000000000000000000000000003A
:1046800000000000000003EBFF000000000000003D
:10469000000000000000000000000000000000001A
:1046A00000000003EBFF000000000000000000001D
:1046B00000000000000000000000000000000000FA
:1046C00003EBFF00000000000000000000000000FD
:1046D0000000000000000000000000000003EBFFED
:1046E00000000000000000000000000000000000CA
:1046F0000000000000000000000003EBFF000000CD
:1047000000000000000000000000000000000000A9
:104710000000000000000003EBFF000000000000AC
:104720000000000000000000000000000000000089
:104730000000000003EBFF0000000000000000008C
:104740000000000000000000000000000000000069
:104750000003EBFF0000000000000000000000006C
:10476000000000000000000000000000000003EB5B
:10477000FF0000000000000000000000000000003A
:10478000000000000000000000000003EBFF00003C
:104790000000000000000000000000000000000019
:1047A000000000000000000003EBFF00000000001C
:1047B00000000000000000000000000000000000F9
:1047C000000000000003EBFF0000000000000000FC
:1047D00000000000000000000000000000000000D9
:1047E000000003EBFF0000000000000000000000DC
:1047F00000000000000000000000000000000003B6
:10480000EBFF0000000000000000000000000000BE
:1048100000000000000000000000000003EBFF00AB
:104820000000000000000000000000000000000088
:1048300000000000000000000003EBFF000000008B
:104840000000000000000000000000000000000068
:1048500000000000000003EBFF000000000000006B
:104860000000000000000000000000000000000048
:1048700000000003EBFF000000000000000000004B
:104880000000000000000000000000000000000028
:1048900003EBFF000000000000000000000000002B
:1048A0000000000000000000000000000003EBFF1B
:1048B00000000000000000000000000000000000F8
:1048C0000000000000000000000003EBFF000000FB
:1048D00000000000000000000000000000000000D8
:1048E0000000000000000003EBFF000000000000DB
:1048F00000000000000000000000000000000000B8
:104900000000000003EBFF000000000000000000BA
:104910000000000000000000000000000000000097
:104920000003EBFF0000000000000000000000009A
:10493000000000000000000000000000000003EB89
:10494000FF00000000000000000000000000000068
:10495000000000000000000000000003EBFF00006A
:104960000000000000000000000000000000000047
:10497000000000000000000003EBFF00000000004A
:104980000000000000000000000000000000000027
:10499000000000000003EBFF00000000000000002A
:1049A0000000000000000000000000000000000007
:1049B000000003EBFF000800000000000000000002
:1049C000000000000000000000000000000000A93E
:1049D000A1FF000000000000000000000000000037
:1049E00000000000000000000000000003EBFF00DA
:1049F00010000000000000000000000000000000A7
:104A0000000000000000000000577EFF00000000D2
:104A10000000000000000000000000000000000096
:104A200000000000000003EBFF0000000000000099
:104A30000000000000000000000000000000000076
:104A400000000003EBFF0000000000000000000079
:104A50000000000000000000000000000000000056
:104A600003EBFF0000000000000000000000000059
:104A70000000000000000000000000000003EBFF49
:104A80000000000000000000000000000000000026
:104A90000000000000000000000003EBFF00000029
:104AA0000000000000000000000000000000000006
:104AB0000000000000000003EBFF00000000000009
:104AC00000000000000000000000000000000000E6
:104AD0000000000003EBFF000000000000000000E9
:104AE00000000000000000000000000000000000C6
:104AF0000003EBFF000000000000000000000000C9
:104B0000000000000000000000000000000003EBB7
:104B1000FF00000000000000000000000000000096
:104B2000000000000000000000000003EBFF000098
:104B30000000000000000000000000000000000075
:104B4000000000000000000003EBFF000000000078
:104B50000000000000000000000000000000000055
:104B6000000000000003EBFF000000000000000058
:104B70000000000000000000000000000000000035
:104B8000000003EBFF000000000000000000000038
:104B90000000000000000000000000000000000312
:104BA000EBFF00000000000000000000000000001B
:104BB00000000000000000000000000003EBFF0008
:104BC00000000000000000000000000000000000E5
:104BD00000000000000000000003EBFF00000000E8
:104BE00000000000000000000000000000000000C5
:104BF00000000000000003EBFF00000000000000C8
:104C000000000000000000000000000000000000A4
:104C100000000003EBFF00000000000000000000A7
:104C20000000000000000000000000000000000084
:104C300003EBFF0000000000000000000000000087
:104C40000000000000000000000000000003EBFF77
:104C50000000000000000000000000000000000054
:104C60000000000000000000000003EBFF00000057
:104C70000000000000000000000000000000000034
:104C80000000000000000003EBFF00000000000037
:104C90000000000000000000000000000000000014
:104CA0000000000003EBFF00000000000000000017
:104CB00000000000000000000000000000000000F4
:104CC0000003EBFF000000000000000000000000F7
:104CD000000000000000000000000000000003EBE6
:104CE000FF000000000000000000000000000000C5
:104CF000000000000000000000000003EBFF0000C7
:104D000000000000000000000000000000000000A3
:104D1000000000000000000003EBFF0000000000A6
:104D20000000000000000000000000000000000083
:104D3000000000000003EBFF000000000000000086
:104D40000000000000000000000000000000000063
:104D5000000003EBFF000000000000000000000066
:104D60000000000000000000000000000000000340
:104D7000EBFF000000000000000000000000000049
:104D800000000000000000000000000003EBFF0036
:104D90000000000000000000000000000000000013
:104DA00000000000000000000003EBFF0000000016
:104DB00000000000000000000000000000000000F3
:104DC00000000000000003EBFF00000000000000F6
:104DD00000000000000000000000000000000000D3
:104DE00000000003EBFF00000000000000000000D6
:104DF00000000000000000000000000000000000B3
:104E000003EBFF00000000000000000000000000B5
:104E10000000000000000000000000000003EBFFA5
:104E20000000000000000000000000000000000082
:104E30000000000000000000000003EBFF00000085
:104E40000000000000000000000000000000000062
:104E50000000000000000003EBFF00000000000065
:104E60000000000000000000000000000000000042
:104E70000000000003EBFF00000000000000000045
:104E80000000000000000000000000000000000022
:104E90000003EBFF00000000000000000000000025
:104EA000000000000000000000000000000003EB14
:104EB000FF000000000000000000000000000000F3
:104EC000000000000000000000000003EBFF0000F5
:104ED00000000000000000000000000000000000D2
:104EE000000000000000000003EBFF0000000000D5
:104EF00000000000000000000000000000000000B2
:104F0000000000000003EBFF0000000000000000B4
:104F10000000000000000000000000000000000091
:104F2000000003EBFF000000000000000000000094
:104F3000000000000000000000000000000000036E
:104F4000EBFF000000000000000000000000000077
:104F500000000000000000000000000003EBFF0064
:104F60000000000000000000000000000000000041
:104F700000000000000000000003EBFF0000000044
:104F80000000000000000000000000000000000021
:104F900000000000000003EBFF0000000000000024
:104FA0000000000000000000000000000000000001
:104FB00000000003EBFF0000000000000000000004
:104FC00000000000000000000000000000000000E1
:104FD00003EBFF00000000000000000000000000E4
:104FE0000000000000000000000000000003EBFFD4
:104FF00000000000000000000000000000000000B1
:105000000000000000000000000003EBFF000000B3
:105010000000000000000000000000000000000090
:105020000000000000000003EBFF00000000000093
:105030000000000000000000000000000000000070
:105040000000000003EBFF00000000000000000073
:105050000000000000000000000000000000000050
:105060000003EBFF00000000000000000000000053
:10507000000000000000000000000000000003EB42
:10508000FF00000000000000000000000000000021
:10509000000000000000000000000003EBFF000023
:1050A0000000000000000000000000000000000000
:1050B000000000000000000003EBFF000000000003
:1050C00000000000000000000000000000000000E0
:1050D000000000000003EBFF0000000000000000E3
:1050E00000000000000000000000000000000000C0
:1050F000000003EBFF0000000000000000000000C3
:10510000000000000000000000000000000000039C
:10511000EBFF0000000000000000000000000000A5
:1051200000000000000000000000000003EBFF0092
:10513000000000000000000000000000000000006F
:1051400000000000000000000003EBFF0000000072
:10515000000000000000000000000000000000004F
:1051600000000000000003EBFF0000000000000052
:10517000000000000000000000000000000000002F
:1051800000000003EBFF0000000000000000000032
:10519000000000000000000000000000000000000F
:1051A00003EBFF0000000000000000000000000012
:1051B0000000000000000000000000000003EBFF02
:1051C00000000000000000000000000000000000DF
:1051D0000000000000000000000003EBFF000000E2
:1051E00000000000000000000000000000000000BF
:1051F0000000000000000003EBFF000000000000C2
:10520000000000000000000000000000000000009E
:105210000000000003EBFF000000000000000000A1
:10522000000000000000000000000000000000007E
:105230000003EBFF00000000000000000000000081
:10524000000000000000000000000000000003EB70
:10525000FF0000000000000000000000000000004F
:10526000000000000000000000000003EBFF000051
:10527000000000000000000000000000000000002E
:10528000000000000000000003EBFF000000000031
:10529000000000000000000000000000000000000E
:1052A000000000000003EBFF000000000000000011
:1052B00000000000000000000000000000000000EE
:1052C000000003EBFF0000000000000000000000F1
:1052D00000000000000000000000000000000003CB
:1052E000EBFF0000000000000000000000000000D4
:1052F00000000000000000000000000003EBFF00C1
:10530000000000000000000000000000000000009D
:1053100000000000000000000003EBFF00000000A0
:10532000000000000000000000000000000000007D
:1053300000000000000003EBFF0000000000000080
:10534000000000000000000000000000000000005D
:1053500000000003EBFF0000000000000000000060
:10536000000000000000000000000000000000003D
:1053700003EBFF0000000000000000000000000040
:105380000000000000000000000000000003EBFF30
:10539000000000000000000000000000000000000D
:1053A0000000000000000000000003EBFF00000010
:1053B00000000000000000000000000000000000ED
:1053C0000000000000000003EBFF000000000000F0
:1053D00000000000000000000000000000000000CD
:1053E0000000000003EBFF000000000000000000D0
:1053F00000000000000000000000000000000000AD
:105400000003EBFF000000000000000000000000AF
:10541000000000000000000000000000000003EB9E
:10542000FF0000000000000000000000000000007D
:10543000000000000000000000000003EBFF00007F
:10544000000000000000000000000000000000005C
:10545000000000000000000003EBFF00000000005F
:10546000000000000000000000000000000000003C
:10547000000000000003EBFF00000000000000003F
:10548000000000000000000000000000000000001C
:10549000000003EBFF00000000000000000000001F
:1054A00000000000000000000000000000000003F9
:1054B000EBFF000000000000000000000000000002
:1054C00000000000000000000000000003EBFF00EF
:1054D00000000000000000000000000000000000CC
:1054E00000000000000000000003EBFF00000000CF
:1054F00000000000000000000000000000000000AC
:1055000000000000000003EBFF00000000000000AE
:10551000000000000000000000000000000000008B
:1055200000000003EBFF000000000000000000008E
:10553000000000000000000000000000000000006B
:1055400003EBFF000000000000000000000000006E
:105550000000000000000000000000000003EBFF5E
:10556000000000000000000000000000000000003B
:105570000000000000000000000003EBFF0000003E
:10558000000000000000000000000000000000001B
:105590000000000000000003EBFF0000000000001E
:1055A00000000000000000000000000000000000FB
:1055B0000000000003EBFF000000000000000000FE
:1055C00000000000000000000000000000000000DB
:1055D0000003EBFF000000000000000000000000DE
:1055E000000000000000000000000000000003EBCD
:1055F000FF000000000000000000000000000000AC
:10560000000000000000000000000003EBFF0000AD
:10561000000000000000000000000000000000008A
:10562000000000000000000003EBFF00000000008D
:10563000000000000000000000000000000000006A
:10564000000000000003EBFF00000000000000006D
:10565000000000000000000000000000000000004A
:10566000000003EBFF00000000000000000000004D
:105670000000000000000000000000000000000327
:10568000EBFF000000000000000000000000000030
:1056900000000000000000000000000003EBFF001D
:1056A00000000000000000000000000000000000FA
:1056B00000000000000000000003EBFF00000000FD
:1056C00000000000000000000000000000000000DA
:1056D00000000000000003EBFF00000000000000DD
:1056E00000000000000000000000000000000000BA
:1056F00000000003EBFF00000000000000000000BD
:105700000000000000000000000000000000000099
:1057100003EBFF000000000000000000000000009C
:105720000000000000000000000000000003EBFF8C
:105730000000000000000000000000000000000069
:105740000000000000000000000003EBFF0000006C
:105750000000000000000000000000000000000049
:105760000000000000000003EBFF0000000000004C
:105770000000000000000000000000000000000029
:105780000000000003EBFF0000000000000000002C
:105790000000000000000000000000000000000009
:1057A0000003EBFF0000000000000000000000000C
:1057B000000000000000000000000000000003EBFB
:1057C000FF000000000000000000000000000000DA
:1057D000000000000000000000000003EBFF0000DC
:1057E00000000000000000000000000000000000B9
:1057F000000000000000000003EBFF0000000000BC
:105800000000000000000000000000000000000098
:10581000000000000003EBFF00000000000000009B
:105820000000000000000000000000000000000078
:10583000000003EBFF00000000000000000000007B
:105840000000000000000000000000000000000355
:10585000EBFF00000000000000000000000000005E
:1058600000000000000000000000000003EBFF004B
:105870000000000000000000000000000000000028
:1058800000000000000000000003EBFF000000002B
:105890000000000000000000000000000000000008
:1058A00000000000000003EBFF0800000000000003
:1058B00000000000000000000000000000000000E8
:1058C000000000C994FF000000000000000000007C
:1058D00000000000000000000000000000000000C8
:1058E00003EBFF00000000000000000000000000CB
:1058F0000000000000000000000000000003EBFFBB
:105900000000000000000000000000000000000097
:105910000000000000000000000003EBFF0000009A
:105920000000000000000000000000000000000077
:105930000000000000000003EBFF0000000000007A
:105940000000000000000000000000000000000057
:105950000000000003EBFF0000000000000000005A
:105960000000000000000000000000000000000037
:105970000003EBFF0000000000000000000000003A
:10598000000000000000000000000000000003EB29
:10599000FF00000000000000000000000000000008
:1059A000000000000000000000000003EBFF00000A
:1059B00000000000000000000000000000000000E7
:1059C000000000000000000003EBFF0000000000EA
:1059D00000000000000000000000000000000000C7
:1059E000000000000003EBFF0000000000000000CA
:1059F00000000000000000000000000000000000A7
:105A0000000003EBFF0000000000000000000000A9
:105A10000000000000000000000000000000000383
:105A2000EBFF00000000000000000000000000008C
:105A300000000000000000000000000003EBFF0079
:105A40000000000000000000000000000000000056
:105A500000000000000000000003EBFF0000000059
:105A60000000000000000000000000000000000036
:105A700000000000000003EBFF0000000000000039
:105A80000000000000000000000000000000000016
:105A900000000003EBFF0000000000000000000019
:105AA00000000000000000000000000000000000F6
:105AB00003EBFF00000000000000000000000000F9
:105AC0000000000000000000000000000003EBFFE9
:105AD00000000000000000000000000000000000C6
:105AE0000000000000000000000003EBFF080000C1
:105AF00000000000000000000000000000000000A6
:105B000000000000000000C994FF00000000000039
:105B10000000000000000000000000000000000085
:105B20000000000003EBFF00000000000000000088
:105B30000000000000000000000000000000000065
:105B40000003EBFF00000000000000000000000068
:105B5000000000000000000000000000000003EB57
:105B6000FF00000000000000000000000000000036
:105B7000000000000000000000000003EBFF000038
:105B80000000000000000000000000000000000015
:105B9000000000000000000003EBFF000000000018
:105BA00000000000000000000000000000000000F5
:105BB000000000000003EBFF0000000000000000F8
:105BC00000000000000000000000000000000000D5
:105BD000000003EBFF0000000000000000000000D8
:105BE00000000000000000000000000000000003B2
:105BF000EBFF0000000000000000000000000000BB
:105C000000000000000000000000000003EBFF00A7
:105C10000000000000000000000000000000000084
:105C200000000000000000000003EBFF0000000087
:105C30000000000000000000000000000000000064
:105C400000000000000003EBFF0000000000000067
:105C50000000000000000000000000000000000044
:105C600000000003EBFF0000000000000000000047
:105C70000000000000000000000000000000000024
:105C800003EBFF0000000000000000000000000027
:105C90000000000000000000000000000003EBFF17
:105CA00000000000000000000000000000000000F4
:105CB0000000000000000000000003EBFF000000F7
:105CC00000000000000000000000000000000000D4
:105CD0000000000000000003EBFF000000000000D7
:105CE00000000000000000000000000000000000B4
:105CF0000000000003EBFF000000000000000000B7
:105D00000000000000000000000000000000000093
:105D10000003EBFF00000000000000000000000096
:105D2000000000000000000000000000000003EB85
:105D3000FF00000000000000000000000000000064
:105D4000000000000000000000000003EBFF000066
:105D50000000000000000000000000000000000043
:105D6000000000000000000003EBFF000000000046
:105D70000000000000000000000000000000000023
:105D8000000000000003EBFF000000000000000026
:105D90000000000000000000000000000000000003
:105DA000000003EBFF000000000000000000000006
:105DB00000000000000000000000000000000003E0
:105DC000EBFF0000000000000000000000000000E9
:105DD00000000000000000000000000003EBFF00D6
:105DE00000000000000000000000000000000000B3
:105DF00000000000000000000003EBFF00000000B6
:105E00000000000000000000000000000000000092
:105E100000000000000003EBFF0000000000000095
:105E20000000000000000000000000000000000072
:105E300000000003EBFF0000000000000000000075
:105E40000000000000000000000000000000000052
:105E500003EBFF0000000000000000000000000055
:105E60000000000000000000000000000003EBFF45
:105E70000000000000000000000000000000000022
:105E80000000000000000000000003EBFF00000025
:105E90000000000000000000000000000000000002
:105EA0000000000000000003EBFF00000000000005
:105EB00000000000000000000000000000000000E2
:105EC0000000000003EBFF000000000000000000E5
:105ED00000000000000000000000000000000000C2
:105EE0000003EBFF000000000000000000000000C5
:105EF000000000000000000000000000000003EBB4
:105F0000FF00000000000000000000000000000092
:105F1000000000000000000000000003EBFF000094
:105F20000000000000000000000000000000000071
:105F3000000000000000000003EBFF000000000074
:105F40000000000000000000000000000000000051
:105F5000000000000003EBFF000000000000000054
:105F60000000000000000000000000000000000031
:105F7000000003EBFF000000000000000000000034
:105F8000000000000000000000000000000000030E
:105F9000EBFF000000000000000000000000000017
:105FA00000000000000000000000000003EBFF0004
:105FB00000000000000000000000000000000000E1
:105FC00000000000000000000003EBFF00000000E4
:105FD00000000000000000000000000000000000C1
:105FE00000000000000003EBFF00000000000000C4
:105FF00000000000000000000000000000000000A1
:1060000000000003EBFF00000000000000000000A3
:106010000000000000000000000000000000000080
:1060200003EBFF0000000000000000000000000083
:106030000000000000000000000000000003EBFF73
:106040000000000000000000000000000000000050
:106050000000000000000000000003EBFF00000053
:106060000000000000000000000000000000000030
:106070000000000000000003EBFF00000000000033
:106080000000000000000000000000000000000010
:106090000000000003EBFF00000000000000000013
:1060A00000000000000000000000000000000000F0
:1060B0000003EBFF000000000000000000000000F3
:1060C000000000000000000000000000000003EBE2
:1060D000FF000000000000000000000000000000C1
:1060E000000000000000000000000003EBFF0000C3
:1060F00000000000000000000000000000000000A0
:10610000000000000000000003EBFF0000000000A2
:10611000000000000000000000000000000000007F
:10612000000000000003EBFF000000000000000082
:10613000000000000000000000000000000000005F
:10614000000003EBFF000000000000000000000062
:10615000000000000000000000000000000000033C
:10616000EBFF000000000000000000000000000045
:1061700000000000000000000000000003EBFF0032
:10618000000000000000000000000000000000000F
:1061900000000000000000000003EBFF0000000012
:1061A00000000000000000000000000000000000EF
:1061B00000000000000003EBFF00000000000000F2
:1061C00000000000000000000000000000000000CF
:1061D00000000003EBFF00000000000000000000D2
:1061E00000000000000000000000000000000000AF
:1061F00003EBFF00000000000000000000000000B2
:106200000000000000000000000000000003EBFFA1
:10621000000000000000000000000000000000007E
:106220000000000000000000000003EBFF00000081
:10623000000000000000000000000000000000005E
:106240000000000000000003EBFF00000000000061
:10625000000000000000000000000000000000003E
:106260000000000003EBFF00000000000000000041
:10627000000000000000000000000000000000001E
:106280000003EBFF00000000000000000000000021
:10629000000000000000000000000000000003EB10
:1062A000FF000000000000000000000000000000EF
:1062B000000000000000000000000003EBFF0000F1
:1062C00000000000000000000000000000000000CE
:1062D000000000000000000003EBFF0000000000D1
:1062E00000000000000000000000000000000000AE
:1062F000000000000003EBFF0000000000000000B1
:10630000000000000000000000000000000000008D
:10631000000003EBFF000000000000000000000090
:10632000000000000000000000000000000000036A
:10633000EBFF000000000000000000000000000073
:1063400000000000000000000000000003EBFF0060
:10635000000000000000000000000000000000003D
:1063600000000000000000000003EBFF0000000040
:10637000000000000000000000000000000000001D
:1063800000000000000003EBFF0000000000000020
:1063900000000000000000000000000000000000FD
:1063A00000000003EBFF0000000000000000000000
:1063B00000000000000000000000000000000000DD
:1063C00003EBFF00000000000000000000000000E0
:1063D0000000000000000000000000000003EBFFD0
:1063E00000000000000000000000000000000000AD
:1063F0000000000000000000000003EBFF000000B0
:10640000000000000000000000000000000000008C
:106410000000000000000003EBFF0000000000008F
:10642000000000000000000000000000000000006C
:106430000000000003EBFF0000000000000000006F
:10644000000000000000000000000000000000004C
:106450000003EBFF0000000000000000000000004F
:10646000000000000000000000000000000003EB3E
:10647000FF0000000000000000000000000000001D
:10648000000000000000000000000003EBFF00001F
:1064900000000000000000000000000000000000FC
:1064A000000000000000000003EBFF0000000000FF
:1064B00000000000000000000000000000000000DC
:1064C000000000000003EBFF0000000000000000DF
:1064D00000000000000000000000000000000000BC
:1064E000000003EBFF0000000000000000000000BF
:1064F0000000000000000000000000000000000399
:10650000EBFF0000000000000000000000000000A1
:1065100000000000000000000000000003EBFF008E
:10652000000000000000000000000000000000006B
:1065300000000000000000000003EBFF000000006E
:10654000000000000000000000000000000000004B
:1065500000000000000003EBFF000000000000004E
:10656000000000000000000000000000000000002B
:1065700000000003EBFF000000000000000000002E
:10658000000000000000000000000000000000000B
:1065900003EBFF000000000000000000000000000E
:1065A0000000000000000000000000000003EBFFFE
:1065B00000000000000000000000000000000000DB
:1065C0000000000000000000000003EBFF000000DE
:1065D00000000000000000000000000000000000BB
:1065E0000000000000000003EBFF000000000000BE
:1065F000000000000000000000000000000000009B
:106600000000000003EBFF0000000000000000009D
:10661000000000000000000000000000000000007A
:106620000003EBFF0000000000000000000000007D
:10663000000000000000000000000000000003EB6C
:10664000FF0000000000000000000000000000004B
:10665000000000000000000000000003EBFF00004D
:10666000000000000000000000000000000000002A
:10667000000000000000000003EBFF00000000002D
:10668000000000000000000000000000000000000A
:10669000000000000003EBFF00000000000000000D
:1066A00000000000000000000000000000000000EA
:1066B000000003EBFF0000000000000000000000ED
:1066C00000000000000000000000000000000003C7
:1066D000EBFF0000000000000000000000000000D0
:1066E00000000000000000000000000003EBFF00BD
:1066F000000000000000000000000000000000009A
:1067000000000000000000000003EBFF000000009C
:106710000000000000000000000000000000000079
:1067200000000000000003EBFF000000000000007C
:106730000000000000000000000000000000000059
:1067400000000003EBFF000000000000000000005C
:106750000000000000000000000000000000000039
:1067600003EBFF000000000000000000000000003C
:106770000000000000000000000000000003EBFF2C
:106780000000000000000000000000000000000009
:106790000000000000000000000003EBFF0000000C
:1067A00000000000000000000000000000000000E9
:1067B0000000000000000003EBFF000000000000EC
:1067C00000000000000000000000000000000000C9
:1067D0000000000003EBFF000000000000000000CC
:1067E00000000000000000000000000000000000A9
:1067F0000003EBFF000000000000000000000000AC
:10680000000000000000000000000000000003EB9A
:10681000FF00000000000000000000000000000079
:10682000000000000000000000000003EBFF00007B
:106830000000000000000000000000000000000058
:10684000000000000000000003EBFF00000000005B
:106850000000000000000000000000000000000038
:10686000000000000003EBFF00000000000000003B
:106870000000000000000000000000000000000018
:10688000000003EBFF00000000000000000000001B
:1068900000000000000000000000000000000003F5
:1068A000EBFF0000000000000000000000000000FE
:1068B00000000000000000000000000003EBFF00EB
:1068C00000000000000000000000000000000000C8
:1068D00000000000000000000003EBFF00000000CB
:1068E00000000000000000000000000000000000A8
:1068F00000000000000003EBFF00000000000000AB
:106900000000000000000000000000000000000087
:1069100000000003EBFF000000000000000000008A
:106920000000000000000000000000000000000067
:1069300003EBFF000000000000000000000000006A
:106940000000000000000000000000000003EBFF5A
:106950000000000000000000000000000000000037
:106960000000000000000000000003EBFF0000003A
:106970000000000000000000000000000000000017
:106980000000000000000003EBFF0000000000001A
:1069900000000000000000000000000000000000F7
:1069A0000000000003EBFF000000000000000000FA
:1069B00000000000000000000000000000000000D7
:1069C0000003EBFF000000000000000000000000DA
:1069D000000000000000000000000000000003EBC9
:1069E000FF000000000000000000000000000000A8
:1069F000000000000000000000000003EBFF0000AA
:106A00000000000000000000000000000000000086
:106A1000000000000000000003EBFF000000000089
:106A20000000000000000000000000000000000066
:106A3000000000000003EBFF000000000000000069
:106A40000000000000000000000000000000000046
:106A5000000003EBFF000000000000000000000049
:106A60000000000000000000000000000000000323
:106A7000EBFF00000000000000000000000000002C
:106A800000000000000000000000000003EBFF0019
:106A900000000000000000000000000000000000F6
:106AA00000000000000000000003EBFF00000000F9
:106AB00000000000000000000000000000000000D6
:106AC00000000000000003EBFF00000000000000D9
:106AD00000000000000000000000000000000000B6
:106AE00000000003EBFF00000000000000000000B9
:106AF0000000000000000000000000000000000096
:106B000003EBFF0000000000000000000000000098
:106B10000000000000000000000000000003EBFF88
:106B20000000000000000000000000000000000065
:106B30000000000000000000000003EBFF00000068
:106B40000000000000000000000000000000000045
:106B50000000000000000003EBFF00000000000048
:106B60000000000000000000000000000000000025
:106B70000000000003EBFF00000000000000000028
:106B80000000000000000000000000000000000005
:106B90000003EBFF00000000000000000000000008
:106BA000000000000000000000000000000003EBF7
:106BB000FF000000000000000000000000000000D6
:106BC000000000000000000000000003EBFF0000D8
:106BD00000000000000000000000000000000000B5
:106BE000000000000000000003EBFF0000000000B8
:106BF0000000000000000000000000000000000095
:106C0000000000000003EBFF000000000000000097
:106C10000000000000000000000000000000000074
:106C2000000003EBFF000000000000000000000077
:106C30000000000000000000000000000000000351
:106C4000EBFF00000000000000000000000000005A
:106C500000000000000000000000000003EBFF0047
:106C60000000000000000000000000000000000024
:106C700000000000000000000003EBFF0000000027
:106C80000000000000000000000000000000000004
:106C900000000000000003EBFF0000000000000007
:106CA00000000000000000000000000000000000E4
:106CB00000000003EBFF00000000000000000000E7
:106CC00000000000000000000000000000000000C4
:106CD00003EBFF00000000000000000000000000C7
:106CE0000000000000000000000000000003EBFFB7
:106CF0000000000000000000000000000000000094
:106D00000000000000000000000003EBFF00000096
:106D10000000000000000000000000000000000073
:106D20000000000000000003EBFF00000000000076
:106D30000000000000000000000000000000000053
:106D40000000000003EBFF00000000000000000056
:106D50000000000000000000000000000000000033
:106D60000003EBFF00000000000000000000000036
:106D7000000000000000000000000000000003EB25
:106D8000FF00000000000000000000000000000004
:106D9000000000000000000000000003EBFF000006
:106DA00000000000000000000000000000000000E3
:106DB000000000000000000003EBFF0000000000E6
:106DC00000000000000000000000000000000000C3
:106DD000000000000003EBFF0000000000000000C6
:106DE00000000000000000000000000000000000A3
:106DF000000003EBFF0000000000000000000000A6
:106E0000000000000000000000000000000000037F
:106E1000EBFF080000000000000000000000000080
:106E2000000000000000000000000000C994FF0006
:106E30000000000000000000000000000000000052
:106E400000000000000000000003EBFF080000004D
:106E50000000000000000000000000000000000032
:106E6000000000000000C994FF08000000000000BE
:106E70000000000000000000000000000000000012
:106E8000000000C994FF00000000000000000000A6
:106E900000000000000000000000000000000000F2
:106EA00003EBFF08000000000000000000000000ED
:106EB00000000000000000000000000000C994FF76
:106EC00000000000000000000000000000000000C2
:106ED0000000000000000000000003EBFF000000C5
:106EE00000000000000000000000000000000000A2
:106EF0000000000000000003EBFF000000000000A5
:106F00000000000000000000000000000000000081
:106F10000000000003EBFF00000000000000000084
:106F20000000000000000000000000000000000061
:106F30000003EBFF00000000000000000000000064
:106F4000000000000000000000000000000003EB53
:106F5000FF00000000000000000000000000000032
:106F6000000000000000000000000003EBFF000034
:106F70000000000000000000000000000000000011
:106F8000000000000000000003EBFF08000000000C
:106F900000000000000000000000000000000000F1
:106FA0000000000000C994FF000000000000000085
:106FB00000000000000000000000000000000000D1
:106FC000000003EBFF0000000000000000000000D4
:106FD00000000000000000000000000000000003AE
:106FE000EBFF0000000000000000000000000000B7
:106FF00000000000000000000000000003EBFF00A4
:107000000000000000000000000000000000000080
:1070100000000000000000000003EBFF0000000083
:107020000000000000000000000000000000000060
:1070300000000000000003EBFF0000000000000063
:107040000000000000000000000000000000000040
:1070500000000003EBFF0000000000000000000043
:107060000000000000000000000000000000000020
:1070700003EBFF0000000000000000000000000023
:107080000000000000000000000000000003EBFF13
:1070900000000000000000000000000000000000F0
:1070A0000000000000000000000003EBFF000000F3
:1070B00000000000000000000000000000000000D0
:1070C0000000000000000003EBFF000000000000D3
:1070D00000000000000000000000000000000000B0
:1070E0000000000003EBFF000000000000000000B3
:1070F0000000000000000000000000000000000090
:107100000003EBFF00000000000000000000000092
:10711000000000000000000000000000000003EB81
:10712000FF00000000000000000000000000000060
:10713000000000000000000000000003EBFF000062
:10714000000000000000000000000000000000003F
:10715000000000000000000003EBFF000000000042
:10716000000000000000000000000000000000001F
:10717000000000000003EBFF000000000000000022
:1071800000000000000000000000000000000000FF
:10719000000003EBFF000000000000000000000002
:1071A00000000000000000000000000000000003DC
:1071B000EBFF0000000000000000000000000000E5
:1071C00000000000000000000000000003EBFF00D2
:1071D00000000000000000000000000000000000AF
:1071E00000000000000000000003EBFF00000000B2
:1071F000000000000000000000000000000000008F
:1072000000000000000003EBFF0000000000000091
:10721000000000000000000000000000000000006E
:1072200000000003EBFF0000000000000000000071
:10723000000000000000000000000000000000004E
:1072400003EBFF0000000000000000000000000051
:107250000000000000000000000000000003EBFF41
:10726000000000000000000000000000000000001E
:107270000000000000000000000003EBFF00000021
:1072800000000000000000000000000000000000FE
:107290000000000000000003EBFF00000000000001
:1072A00000000000000000000000000000000000DE
:1072B0000000000003EBFF000000000000000000E1
:1072C00000000000000000000000000000000000BE
:1072D0000003EBFF000000000000000000000000C1
:1072E000000000000000000000000000000003EBB0
:1072F000FF0000000000000000000000000000008F
:10730000000000000000000000000003EBFF000090
:10731000000000000000000000000000000000006D
:10732000000000000000000003EBFF000000000070
:10733000000000000000000000000000000000004D
:10734000000000000003EBFF000000000000000050
:10735000000000000000000000000000000000002D
:10736000000003EBFF000000000000000000000030
:10737000000000000000000000000000000000030A
:10738000EBFF000000000000000000000000000013
:1073900000000000000000000000000003EBFF0000
:1073A00000000000000000000000000000000000DD
:1073B00000000000000000000003EBFF00000000E0
:1073C00000000000000000000000000000000000BD
:1073D00000000000000003EBFF00000000000000C0
:1073E000000000000000000000000000000000009D
:1073F00000000003EBFF00000000000000000000A0
:10740000000000000000000000000000000000007C
:1074100003EBFF000000000000000000000000007F
:107420000000000000000000000000000003EBFF6F
:10743000000000000000000000000000000000004C
:107440000000000000000000000003EBFF0000004F
:10745000000000000000000000000000000000002C
:107460000000000000000003EBFF0000000000002F
:10747000000000000000000000000000000000000C
:107480000000000003EBFF0000000000000000000F
:1074900000000000000000000000000000000000EC
:1074A0000003EBFF000000000000000000000000EF
:1074B000000000000000000000000000000003EBDE
:1074C000FF000000000000000000000000000000BD
:1074D000000000000000000000000003EBFF0000BF
:1074E000000000000000000000000000000000009C
:1074F000000000000000000003EBFF00000000009F
:10750000000000000000000000000000000000007B
:10751000000000000003EBFF00000000000000007E
:10752000000000000000000000000000000000005B
:10753000000003EBFF00000000000000000000005E
:107540000000000000000000000000000000000338
:10755000EBFF000000000000000000000000000041
:1075600000000000000000000000000003EBFF002E
:10757000000000000000000000000000000000000B
:1075800000000000000000000003EBFF000000000E
:1075900000000000000000000000000000000000EB
:1075A00000000000000003EBFF00000000000000EE
:1075B00000000000000000000000000000000000CB
:1075C00000000003EBFF00000000000000000000CE
:1075D00000000000000000000000000000000000AB
:1075E00003EBFF00000000000000000000000000AE
:1075F0000000000000000000000000000003EBFF9E
:10760000000000000000000000000000000000007A
:107610000000000000000000000003EBFF0000007D
:10762000000000000000000000000000000000005A
:107630000000000000000003EBFF0000000000005D
:10764000000000000000000000000000000000003A
:107650000000000003EBFF0000000000000000003D
:10766000000000000000000000000000000000001A
:107670000003EBFF0000000000000000000000001D
:10768000000000000000000000000000000003EB0C
:10769000FF000000000000000000000000000000EB
:1076A000000000000000000000000003EBFF0000ED
:1076B00000000000000000000000000000000000CA
:1076C000000000000000000003EBFF0000000000CD
:1076D00000000000000000000000000000000000AA
:1076E000000000000003EBFF0000000000000000AD
:1076F000000000000000000000000000000000008A
:10770000000003EBFF00000000000000000000008C
:107710000000000000000000000000000000000366
:10772000EBFF00000000000000000000000000006F
:1077300000000000000000000000000003EBFF005C
:107740000000000000000000000000000000000039
:1077500000000000000000000003EBFF000000003C
:107760000000000000000000000000000000000019
:1077700000000000000003EBFF000000000000001C
:1077800000000000000000000000000000000000F9
:1077900000000003EBFF00000000000000000000FC
:1077A00000000000000000000000000000000000D9
:1077B00003EBFF00000000000000000000000000DC
:1077C0000000000000000000000000000003EBFFCC
:1077D00000000000000000000000000000000000A9
:1077E0000000000000000000000003EBFF000000AC
:1077F0000000000000000000000000000000000089
:107800000000000000000003EBFF0000000000008B
:107810000000000000000000000000000000000068
:107820000000000003EBFF0000000000000000006B
:107830000000000000000000000000000000000048
:107840000003EBFF0000000000000000000000004B
:10785000000000000000000000000000000003EB3A
:10786000FF00000000000000000000000000000019
:10787000000000000000000000000003EBFF00001B
:1078800000000000000000000000000000000000F8
:10789000000000000000000003EBFF0000000000FB
:1078A00000000000000000000000000000000000D8
:1078B000000000000003EBFF0000000000000000DB
:1078C00000000000000000000000000000000000B8
:1078D000000003EBFF0000000000000000000000BB
:1078E0000000000000000000000000000000000395
:1078F000EBFF00000000000000000000000000009E
:1079000000000000000000000000000003EBFF008A
:107910000000000000000000000000000000000067
:1079200000000000000000000003EBFF000000006A
:107930000000000000000000000000000000000047
:1079400000000000000003EBFF000000000000004A
:107950000000000000000000000000000000000027
:1079600000000003EBFF000000000000000000002A
:107970000000000000000000000000000000000007
:1079800003EBFF000000000000000000000000000A
:107990000000000000000000000000000003EBFFFA
:1079A00000000000000000000000000000000000D7
:1079B0000000000000000000000003EBFF000000DA
:1079C00000000000000000000000000000000000B7
:1079D0000000000000000003EBFF000000000000BA
:1079E0000000000000000000000000000000000097
:1079F0000000000003EBFF0000000000000000009A
:107A00000000000000000000000000000000000076
:107A10000003EBFF00000000000000000000000079
:107A2000000000000000000000000000000003EB68
:107A3000FF00000000000000000000000000000047
:107A4000000000000000000000000003EBFF000049
:107A50000000000000000000000000000000000026
:107A6000000000000000000003EBFF000000000029
:107A70000000000000000000000000000000000006
:107A8000000000000003EBFF000000000000000009
:107A900000000000000000000000000000000000E6
:107AA000000003EBFF0000000000000000000000E9
:107AB00000000000000000000000000000000003C3
:107AC000EBFF0000000000000000000000000000CC
:107AD00000000000000000000000000003EBFF00B9
:107AE0000000000000000000000000000000000096
:107AF00000000000000000000003EBFF0000000099
:107B00000000000000000000000000000000000075
:107B100000000000000003EBFF0000000000000078
:107B20000000000000000000000000000000000055
:107B300000000003EBFF0000000000000000000058
:107B40000000000000000000000000000000000035
:107B500003EBFF0000000000000000000000000038
:107B60000000000000000000000000000003EBFF28
:107B70000000000000000000000000000000000005
:107B80000000000000000000000003EBFF00000008
:107B900000000000000000000000000000000000E5
:107BA0000000000000000003EBFF000000000000E8
:107BB00000000000000000000000000000000000C5
:107BC0000000000003EBFF000000000000000000C8
:107BD00000000000000000000000000000000000A5
:107BE0000003EBFF000000000000000000000000A8
:107BF000000000000000000000000000000003EB97
:107C0000FF00000000000000000000000000000075
:107C1000000000000000000000000003EBFF000077
:107C20000000000000000000000000000000000054
:107C3000000000000000000003EBFF000000000057
:107C40000000000000000000000000000000000034
:107C5000000000000003EBFF000000000000000037
:107C60000000000000000000000000000000000014
:107C7000000003EBFF000000000000000000000017
:107C800000000000000000000000000000000003F1
:107C9000EBFF0000000000000000000000000000FA
:107CA00000000000000000000000000003EBFF00E7
:107CB00000000000000000000000000000000000C4
:107CC00000000000000000000003EBFF00000000C7
:107CD00000000000000000000000000000000000A4
:107CE00000000000000003EBFF00000000000000A7
:107CF0000000000000000000000000000000000084
:107D000000000003EBFF0000000000000000000086
:107D10000000000000000000000000000000000063
:107D200003EBFF0000000000000000000000000066
:107D30000000000000000000000000000003EBFF56
:107D40000000000000000000000000000000000033
:107D50000000000000000000000003EBFF00000036
:107D60000000000000000000000000000000000013
:107D70000000000000000003EBFF00000000000016
:107D800000000000000000000000000000000000F3
:107D90000000000003EBFF000000000000000000F6
:107DA00000000000000000000000000000000000D3
:107DB0000003EBFF000000000000000000000000D6
:107DC000000000000000000000000000000003EBC5
:107DD000FF000000000000000000000000000000A4
:107DE000000000000000000000000003EBFF0000A6
:107DF0000000000000000000000000000000000083
:107E0000000000000000000003EBFF000000000085
:107E10000000000000000000000000000000000062
:107E2000000000000003EBFF000000000000000065
:107E30000000000000000000000000000000000042
:107E4000000003EBFF000000000000000000000045
:107E5000000000000000000000000000000000031F
:107E6000EBFF000000000000000000000000000028
:107E700000000000000000000000000003EBFF0015
:107E800000000000000000000000000000000000F2
:107E900000000000000000000003EBFF00000000F5
:107EA00000000000000000000000000000000000D2
:107EB00000000000000003EBFF00000000000000D5
:107EC00000000000000000000000000000000000B2
:107ED00000000003EBFF00000000000000000000B5
:107EE0000000000000000000000000000000000092
:107EF00003EBFF0000000000000000000000000095
:107F00000000000000000000000000000003EBFF84
:107F10000000000000000000000000000000000061
:107F20000000000000000000000003EBFF00000064
:107F30000000000000000000000000000000000041
:107F40000000000000000003EBFF00000000000044
:107F50000000000000000000000000000000000021
:107F60000000000003EBFF00000000000000000024
:107F70000000000000000000000000000000000001
:107F80000003EBFF00000000000000000000000004
:107F9000000000000000000000000000000003EBF3
:107FA000FF000000000000000000000000000000D2
:107FB000000000000000000000000003EBFF0000D4
:107FC00000000000000000000000000000000000B1
:107FD000000000000000000003EBFF0000000000B4
:107FE0000000000000000000000000000000000091
:107FF000000000000003EBFF000000000000000094
:108000000000000000000000000000000000000070
:10801000000003EBFF000000000000000000000073
:10802000000000000000000000000000000000034D
:10803000EBFF000000000000000000000000000056
:1080400000000000000000000000000003EBFF0043
:108050000000000000000000000000000000000020
:1080600000000000000000000003EBFF0000000023
:108070000000000000000000000000000000000000
:1080800000000000000003EBFF0000000000000003
:1080900000000000000000000000000000000000E0
:1080A00000000003EBFF00000000000000000000E3
:1080B00000000000000000000000000000000000C0
:1080C00003EBFF00000000000000000000000000C3
:1080D0000000000000000000000000000003EBFFB3
:1080E0000000000000000000000000000000000090
:1080F0000000000000000000000003EBFF00000093
:10810000000000000000000000000000000000006F
:108110000000000000000003EBFF00000000000072
:10812000000000000000000000000000000000004F
:108130000000000003EBFF00000000000000000052
:10814000000000000000000000000000000000002F
:108150000003EBFF00000000000000000000000032
:10816000000000000000000000000000000003EB21
:10817000FF00000000000000000000000000000000
:10818000000000000000000000000003EBFF000002
:1081900000000000000000000000000000000000DF
:1081A000000000000000000003EBFF0000000000E2
:1081B00000000000000000000000000000000000BF
:1081C000000000000003EBFF0000000000000000C2
:1081D000000000000000000000000000000000009F
:1081E000000003EBFF0000000000000000000000A2
:1081F000000000000000000000000000000000037C
:10820000EBFF000000000000000000000000000084
:1082100000000000000000000000000003EBFF0071
:10822000000000000000000000000000000000004E
:1082300000000000000000000003EBFF0000000051
:10824000000000000000000000000000000000002E
:1082500000000000000003EBFF0000000000000031
:10826000000000000000000000000000000000000E
:1082700000000003EBFF0000000000000000000011
:1082800000000000000000000000000000000000EE
:1082900003EBFF00000000000000000000000000F1
:1082A0000000000000000000000000000003EBFFE1
:1082B00000000000000000000000000000000000BE
:1082C0000000000000000000000003EBFF000000C1
:1082D000000000000000000000000000000000009E
:1082E0000000000000000003EBFF000000000000A1
:1082F000000000000000000000000000000000007E
:108300000000000003EBFF00000000000000000080
:10831000000000000000000000000000000000005D
:108320000003EBFF00000000000000000000000060
:10833000000000000000000000000000000003EB4F
:10834000FF0000000000000000000000000000002E
:10835000000000000000000000000003EBFF000030
:10836000000000000000000000000000000000000D
:10837000000000000000000003EBFF000000000010
:1083800000000000000000000000000000000000ED
:10839000000000000003EBFF0000000000000000F0
:1083A00000000000000000000000000000000000CD
:1083B000000003EBFF0000000000000000000000D0
:1083C00000000000000000000000000000000003AA
:1083D000EBFF0000000000000000000000000000B3
:1083E00000000000000000000000000003EBFF00A0
:1083F000000000000000000000000000000000007D
:1084000000000000000000000003EBFF000000007F
:10841000000000000000000000000000000000005C
:1084200000000000000003EBFF000000000000005F
:10843000000000000000000000000000000000003C
:1084400000000003EBFF000000000000000000003F
:10845000000000000000000000000000000000001C
:1084600003EBFF000000000000000000000000001F
:108470000000000000000000000000000003EBFF0F
:1084800000000000000000000000000000000000EC
:108490000000000000000000000003EBFF000000EF
:1084A00000000000000000000000000000000000CC
:1084B0000000000000000003EBFF000000000000CF
:1084C00000000000000000000000000000000000AC
:1084D0000000000003EBFF000000000000000000AF
:1084E000000000000000000000000000000000008C
:1084F0000003EBFF0000000000000000000000008F
:10850000000000000000000000000000000003EB7D
:10851000FF0000000000000000000000000000005C
:10852000000000000000000000000003EBFF00005E
:10853000000000000000000000000000000000003B
:10854000000000000000000003EBFF00000000003E
:10855000000000000000000000000000000000001B
:10856000000000000003EBFF00000000000000001E
:1085700000000000000000000000000000000000FB
:10858000000003EBFF0000000000000000000000FE
:1085900000000000000000000000000000000003D8
:1085A000EBFF0000000000000000000000000000E1
:1085B00000000000000000000000000003EBFF00CE
:1085C00000000000000000000000000000000000AB
:1085D00000000000000000000003EBFF00000000AE
:1085E000000000000000000000000000000000008B
:1085F00000000000000003EBFF000000000000008E
:10860000000000000000000000000000000000006A
:1086100000000003EBFF000000000000000000006D
:10862000000000000000000000000000000000004A
:1086300003EBFF000000000000000000000000004D
:108640000000000000000000000000000003EBFF3D
:10865000000000000000000000000000000000001A
:108660000000000000000000000003EBFF0000001D
:1086700000000000000000000000000000000000FA
:108680000000000000000003EBFF000000000000FD
:1086900000000000000000000000000000000000DA
:1086A0000000000003EBFF000000000000000000DD
:1086B00000000000000000000000000000000000BA
:1086C0000003EBFF000000000000000000000000BD
:1086D000000000000000000000000000000003EBAC
:1086E000FF0000000000000000000000000000008B
:1086F000000000000000000000000003EBFF00008D
:108700000000000000000000000000000000000069
:10871000000000000000000003EBFF00000000006C
:108720000000000000000000000000000000000049
:10873000000000000003EBFF00000000000000004C
:108740000000000000000000000000000000000029
:10875000000003EBFF00000000000000000000002C
:108760000000000000000000000000000000000306
:10877000EBFF00000000000000000000000000000F
:1087800000000000000000000000000003EBFF00FC
:1087900000000000000000000000000000000000D9
:1087A00000000000000000000003EBFF00000000DC
:1087B00000000000000000000000000000000000B9
:1087C00000000000000003EBFF00000000000000BC
:1087D0000000000000000000000000000000000099
:1087E00000000003EBFF000000000000000000009C
:1087F0000000000000000000000000000000000079
:1088000003EBFF000000000000000000000000007B
:108810000000000000000000000000000003EBFF6B
:108820000000000000000000000000000000000048
:108830000000000000000000000003EBFF0000004B
:108840000000000000000000000000000000000028
:108850000000000000000003EBFF0000000000002B
:108860000000000000000000000000000000000008
:108870000000000003EBFF0000000000000000000B
:1088800000000000000000000000000000000000E8
:108890000003EBFF000000000000000000000000EB
:1088A000000000000000000000000000000003EBDA
:1088B000FF000000000000000000000000000000B9
:1088C000000000000000000000000003EBFF0000BB
:1088D0000000000000000000000000000000000098
:1088E000000000000000000003EBFF00000000009B
:1088F0000000000000000000000000000000000078
:10890000000000000003EBFF00000000000000007A
:108910000000000000000000000000000000000057
:10892000000003EBFF00000000000000000000005A
:108930000000000000000000000000000000000334
:10894000EBFF00000000000000000000000000003D
:1089500000000000000000000000000003EBFF002A
:108960000000000000000000000000000000000007
:1089700000000000000000000003EBFF000000000A
:1089800000000000000000000000000000000000E7
:1089900000000000000003EBFF00000000000000EA
:1089A00000000000000000000000000000000000C7
:1089B00000000003EBFF00000000000000000000CA
:1089C00000000000000000000000000000000000A7
:1089D00003EBFF00000000000000000000000000AA
:1089E0000000000000000000000000000003EBFF9A
:1089F0000000000000000000000000000000000077
:108A00000000000000000000000003EBFF00000079
:108A10000000000000000000000000000000000056
:108A20000000000000000003EBFF00000000000059
:108A30000000000000000000000000000000000036
:108A40000000000003EBFF00000000000000000039
:108A50000000000000000000000000000000000016
:108A60000003EBFF00000000000000000000000019
:108A7000000000000000000000000000000003EB08
:108A8000FF000000000000000000000000000000E7
:108A9000000000000000000000000003EBFF0000E9
:108AA00000000000000000000000000000000000C6
:108AB000000000000000000003EBFF0000000000C9
:108AC00000000000000000000000000000000000A6
:108AD000000000000003EBFF0000000000000000A9
:108AE0000000000000000000000000000000000086
:108AF000000003EBFF000000000000000000000089
:108B00000000000000000000000000000000000362
:108B1000EBFF00000000000000000000000000006B
:108B200000000000000000000000000003EBFF0058
:108B30000000000000000000000000000000000035
:108B400000000000000000000003EBFF0000000038
:108B50000000000000000000000000000000000015
:108B600000000000000003EBFF0000000000000018
:108B700000000000000000000000000000000000F5
:108B800000000003EBFF00000000000000000000F8
:108B900000000000000000000000000000000000D5
:108BA00003EBFF00000000000000000000000000D8
:108BB0000000000000000000000000000003EBFFC8
:108BC00000000000000000000000000000000000A5
:108BD0000000000000000000000003EBFF000000A8
:108BE0000000000000000000000000000000000085
:108BF0000000000000000003EBFF00000000000088
:108C00000000000000000000000000000000000064
:108C10000000000003EBFF00000000000000000067
:108C20000000000000000000000000000000000044
:108C30000003EBFF00000000000000000000000047
:108C4000000000000000000000000000000003EB36
:108C5000FF00000000000000000000000000000015
:108C6000000000000000000000000003EBFF000017
:108C700000000000000000000000000000000000F4
:108C8000000000000000000003EBFF0000000000F7
:108C900000000000000000000000000000000000D4
:108CA000000000000003EBFF0000000000000000D7
:108CB00000000000000000000000000000000000B4
:108CC000000003EBFF0000000000000000000000B7
:108CD0000000000000000000000000000000000391
:108CE000EBFF00000000000000000000000000009A
:108CF00000000000000000000000000003EBFF0087
:108D00000000000000000000000000000000000063
:108D100000000000000000000003EBFF0000000066
:108D20000000000000000000000000000000000043
:108D300000000000000003EBFF0000000000000046
:108D40000000000000000000000000000000000023
:108D500000000003EBFF0000000000000000000026
:108D60000000000000000000000000000000000003
:108D700003EBFF0000000000000000000000000006
:108D80000000000000000000000000000003EBFFF6
:108D900000000000000000000000000000000000D3
:108DA0000000000000000000000003EBFF000000D6
:108DB00000000000000000000000000000000000B3
:108DC0000000000000000003EBFF000000000000B6
:108DD0000000000000000000000000000000000093
:108DE0000000000003EBFF00000000000000000096
:108DF0000000000000000000000000000000000073
:108E00000003EBFF00000000000000000000000075
:108E1000000000000000000000000000000003EB64
:108E2000FF00000000000000000000000000000043
:108E3000000000000000000000000003EBFF000045
:108E40000000000000000000000000000000000022
:108E5000000000000000000003EBFF000000000025
:108E60000000000000000000000000000000000002
:108E7000000000000003EBFF000000000000000005
:108E800000000000000000000000000000000000E2
:108E9000000003EBFF0000000000000000000000E5
:108EA00000000000000000000000000000000003BF
:108EB000EBFF0000000000000000000000000000C8
:108EC00000000000000000000000000003EBFF00B5
:108ED0000000000000000000000000000000000092
:108EE00000000000000000000003EBFF0000000095
:108EF0000000000000000000000000000000000072
:108F000000000000000003EBFF0000000000000074
:108F10000000000000000000000000000000000051
:108F200000000003EBFF0000000000000000000054
:108F30000000000000000000000000000000000031
:108F400003EBFF0000000000000000000000000034
:108F50000000000000000000000000000003EBFF24
:108F60000000000000000000000000000000000001
:108F70000000000000000000000003EBFF00000004
:108F800000000000000000000000000000000000E1
:108F90000000000000000003EBFF000000000000E4
:108FA00000000000000000000000000000000000C1
:108FB0000000000003EBFF000000000000000000C4
:108FC00000000000000000000000000000000000A1
:108FD0000003EBFF000000000000000000000000A4
:108FE000000000000000000000000000000003EB93
:108FF000FF00000000000000000000000000000072
:10900000000000000000000000000003EBFF000073
:109010000000000000000000000000000000000050
:10902000000000000000000003EBFF000000000053
:109030000000000000000000000000000000000030
:10904000000000000003EBFF000000000000000033
:109050000000000000000000000000000000000010
:10906000000003EBFF000000000000000000000013
:1090700000000000000000000000000000000003ED
:10908000EBFF0000000000000000000000000000F6
:1090900000000000000000000000000003EBFF00E3
:1090A00000000000000000000000000000000000C0
:1090B00000000000000000000003EBFF00000000C3
:1090C00000000000000000000000000000000000A0
:1090D00000000000000003EBFF00000000000000A3
:1090E0000000000000000000000000000000000080
:1090F00000000003EBFF0000000000000000000083
:10910000000000000000000000000000000000005F
:1091100003EBFF0000000000000000000000000062
:109120000000000000000000000000000003EBFF52
:10913000000000000000000000000000000000002F
:109140000000000000000000000003EBFF00000032
:10915000000000000000000000000000000000000F
:109160000000000000000003EBFF00000000000012
:1091700000000000000000000000000000000000EF
:109180000000000003EBFF000000000000000000F2
:1091900000000000000000000000000000000000CF
:1091A0000003EBFF000000000000000000000000D2
:1091B000000000000000000000000000000003EBC1
:1091C000FF00080000000000000000000000000098
:1091D0000000000000000000000000A9A1FF000046
:1091E000000000000000000000000000000000007F
:1091F000000000000000000003EBFF001000000072
:10920000000000000000000000000000000000005E
:109210000000000000577EFF00000000000000007A
:10922000000000000000000000000000000000003E
:10923000000003EBFF000000000000000000000041
:10924000000000000000000000000000000000031B
:10925000EBFF000000000000000000000000000024
:1092600000000000000000000000000003EBFF0011
:1092700000000000000000000000000000000000EE
:1092800000000000000000000003EBFF00000000F1
:1092900000000000000000000000000000000000CE
:1092A00000000000000003EBFF00000000000000D1
:1092B00000000000000000000000000000000000AE
:1092C00000000003EBFF00000000000000000000B1
:1092D000000000000000000000000000000000008E
:1092E00003EBFF0000000000000000000000000091
:1092F0000000000000000000000000000003EBFF81
:10930000000000000000000000000000000000005D
:109310000000000000000000000003EBFF00000060
:10932000000000000000000000000000000000003D
:109330000000000000000003EBFF00000000000040
:10934000000000000000000000000000000000001D
:109350000000000003EBFF00000000000000000020
:1093600000000000000000000000000000000000FD
:109370000003EBFF00000000000000000000000000
:10938000000000000000000000000000000003EBEF
:10939000FF000000000000000000000000000000CE
:1093A000000000000000000000000003EBFF0000D0
:1093B00000000000000000000000000000000000AD
:1093C000000000000000000003EBFF0000000000B0
:1093D000000000000000000000000000000000008D
:1093E000000000000003EBFF000000000000000090
:1093F000000000000000000000000000000000006D
:10940000000003EBFF00000000000000000000006F
:109410000000000000000000000000000000000349
:10942000EBFF000000000000000000000000000052
:1094300000000000000000000000000003EBFF003F
:10944000000000000000000000000000000000001C
:1094500000000000000000000003EBFF000000001F
:1094600000000000000000000000000000000000FC
:1094700000000000000003EBFF00000000000000FF
:1094800000000000000000000000000000000000DC
:1094900000000003EBFF00000000000000000000DF
:1094A00000000000000000000000000000000000BC
:1094B00003EBFF00000000000000000000000000BF
:1094C0000000000000000000000000000003EBFFAF
:1094D000000000000000000000000000000000008C
:1094E0000000000000000000000003EBFF0000008F
:1094F000000000000000000000000000000000006C
:109500000000000000000003EBFF0000000000006E
:10951000000000000000000000000000000000004B
:109520000000000003EBFF0000000000000000004E
:10953000000000000000000000000000000000002B
:109540000003EBFF0000000000000000000000002E
:10955000000000000000000000000000000003EB1D
:10956000FF000000000000000000000000000000FC
:10957000000000000000000000000003EBFF0000FE
:1095800000000000000000000000000000000000DB
:10959000000000000000000003EBFF0000000000DE
:1095A00000000000000000000000000000000000BB
:1095B000000000000003EBFF0000000000000000BE
:1095C000000000000000000000000000000000009B
:1095D000000003EBFF00000000000000000000009E
:1095E0000000000000000000000000000000000378
:1095F000EBFF000000000000000000000000000081
:1096000000000000000000000000000003EBFF006D
:10961000000000000000000000000000000000004A
:1096200000000000000000000003EBFF000000004D
:10963000000000000000000000000000000000002A
:1096400000000000000003EBFF000000000000002D
:10965000000000000000000000000000000000000A
:1096600000000003EBFF000000000000000000000D
:1096700000000000000000000000000000000000EA
:1096800003EBFF00000000000000000000000000ED
:109690000000000000000000000000000003EBFFDD
:1096A00000000000000000000000000000000000BA
:1096B0000000000000000000000003EBFF000000BD
:1096C000000000000000000000000000000000009A
:1096D0000000000000000003EBFF0000000000009D
:1096E000000000000000000000000000000000007A
:1096F0000000000003EBFF0000000000000000007D
:109700000000000000000000000000000000000059
:109710000003EBFF0000000000000000000000005C
:10972000000000000000000000000000000003EB4B
:10973000FF0000000000000000000000000000002A
:10974000000000000000000000000003EBFF00002C
:109750000000000000000000000000000000000009
:10976000000000000000000003EBFF00000000000C
:1097700000000000000000000000000000000000E9
:10978000000000000003EBFF0000000000000000EC
:1097900000000000000000000000000000000000C9
:1097A000000003EBFF0000000000000000000000CC
:1097B00000000000000000000000000000000003A6
:1097C000EBFF0000000000000000000000000000AF
:1097D00000000000000000000000000003EBFF009C
:1097E0000000000000000000000000000000000079
:1097F00000000000000000000003EBFF000000007C
:109800000000000000000000000000000000000058
:1098100000000000000003EBFF000000000000005B
:109820000000000000000000000000000000000038
:1098300000000003EBFF000000000000000000003B
:109840000000000000000000000000000000000018
:1098500003EBFF000000000000000000000000001B
:109860000000000000000000000000000003EBFF0B
:1098700000000000000000000000000000000000E8
:109880000000000000000000000003EBFF000000EB
:1098900000000000000000000000000000000000C8
:1098A0000000000000000003EBFF000000000000CB
:1098B00000000000000000000000000000000000A8
:1098C0000000000003EBFF000000000000000000AB
:1098D0000000000000000000000000000000000088
:1098E0000003EBFF0000000000000000000000008B
:1098F000000000000000000000000000000003EB7A
:10990000FF00000000000000000000000000000058
:10991000000000000000000000000003EBFF00005A
:109920000000000000000000000000000000000037
:10993000000000000000000003EBFF00000000003A
:109940000000000000000000000000000000000017
:10995000000000000003EBFF00000000000000001A
:1099600000000000000000000000000000000000F7
:10997000000003EBFF0000000000000000000000FA
:1099800000000000000000000000000000000003D4
:10999000EBFF0000000000000000000000000000DD
:1099A00000000000000000000000000003EBFF00CA
:1099B00000000000000000000000000000000000A7
:1099C00000000000000000000003EBFF00000000AA
:1099D0000000000000000000000000000000000087
:1099E00000000000000003EBFF000000000000008A
:1099F0000000000000000000000000000000000067
:109A000000000003EBFF0000000000000000000069
:109A10000000000000000000000000000000000046
:109A200003EBFF0000000000000000000000000049
:109A30000000000000000000000000000003EBFF39
:109A40000000000000000000000000000000000016
:109A50000000000000000000000003EBFF00000019
:109A600000000000000000000000000000000000F6
:109A70000000000000000003EBFF000000000000F9
:109A800000000000000000000000000000000000D6
:109A90000000000003EBFF000000000000000000D9
:109AA00000000000000000000000000000000000B6
:109AB0000003EBFF000000000000000000000000B9
:109AC000000000000000000000000000000003EBA8
:109AD000FF00000000000000000000000000000087
:109AE000000000000000000000000003EBFF000089
:109AF0000000000000000000000000000000000066
:109B0000000000000000000003EBFF000000000068
:109B10000000000000000000000000000000000045
:109B2000000000000003EBFF000000000000000048
:109B30000000000000000000000000000000000025
:109B4000000003EBFF000000000000000000000028
:109B50000000000000000000000000000000000302
:109B6000EBFF00000000000000000000000000000B
:109B700000000000000000000000000003EBFF00F8
:109B800000000000000000000000000000000000D5
:109B900000000000000000000003EBFF00000000D8
:109BA00000000000000000000000000000000000B5
:109BB00000000000000003EBFF00000000000000B8
:109BC0000000000000000000000000000000000095
:109BD00000000003EBFF0000000000000000000098
:109BE0000000000000000000000000000000000075
:109BF00003EBFF0000000000000000000000000078
:109C00000000000000000000000000000003EBFF67
:109C10000000000000000000000000000000000044
:109C20000000000000000000000003EBFF00000047
:109C30000000000000000000000000000000000024
:109C40000000000000000003EBFF00000000000027
:109C50000000000000000000000000000000000004
:109C60000000000003EBFF00000000000000000007
:109C700000000000000000000000000000000000E4
:109C80000003EBFF000000000000000000000000E7
:109C9000000000000000000000000000000003EBD6
:109CA000FF000000000000000000000000000000B5
:109CB000000000000000000000000003EBFF0000B7
:109CC0000000000000000000000000000000000094
:109CD000000000000000000003EBFF000000000097
:109CE0000000000000000000000000000000000074
:109CF000000000000003EBFF000000000000000077
:109D00000000000000000000000000000000000053
:109D1000000003EBFF000000000000000000000056
:109D20000000000000000000000000000000000330
:109D3000EBFF000000000000000000000000000039
:109D400000000000000000000000000003EBFF0026
:109D50000000000000000000000000000000000003
:109D600000000000000000000003EBFF0000000006
:109D700000000000000000000000000000000000E3
:109D800000000000000003EBFF00000000000000E6
:109D900000000000000000000000000000000000C3
:109DA00000000003EBFF00000000000000000000C6
:109DB00000000000000000000000000000000000A3
:109DC00003EBFF00000000000000000000000000A6
:109DD0000000000000000000000000000003EBFF96
:109DE0000000000000000000000000000000000073
:109DF0000000000000000000000003EBFF00000076
:109E00000000000000000000000000000000000052
:109E10000000000000000003EBFF00000000000055
:109E20000000000000000000000000000000000032
:109E30000000000003EBFF00000000000000000035
:109E40000000000000000000000000000000000012
:109E50000003EBFF00000000000000000000000015
:109E6000000000000000000000000000000003EB04
:109E7000FF000000000000000000000000000000E3
:109E8000000000000000000000000003EBFF0000E5
:109E900000000000000000000000000000000000C2
:109EA000000000000000000003EBFF0000000000C5
:109EB00000000000000000000000000000000000A2
:109EC000000000000003EBFF0000000000000000A5
:109ED0000000000000000000000000000000000082
:109EE000000003EBFF000000000000000000000085
:109EF000000000000000000000000000000000035F
:109F0000EBFF000000000000000000000000000067
:109F100000000000000000000000000003EBFF0054
:109F20000000000000000000000000000000000031
:109F300000000000000000000003EBFF0000000034
:109F40000000000000000000000000000000000011
:109F500000000000000003EBFF0000000000000014
:109F600000000000000000000000000000000000F1
:109F700000000003EBFF00000000000000000000F4
:109F800000000000000000000000000000000000D1
:109F900003EBFF00000000000000000000000000D4
:109FA0000000000000000000000000000003EBFFC4
:109FB00000000000000000000000000000000000A1
:109FC0000000000000000000000003EBFF000000A4
:109FD0000000000000000000000000000000000081
:109FE0000000000000000003EBFF00000000000084
:109FF0000000000000000000000000000000000061
:10A000000000000003EBFF00000000000000000063
:10A010000000000000000000000000000000000040
:10A020000003EBFF00000000000000000000000043
:10A03000000000000000000000000000000003EB32
:10A04000FF00000000000000000000000000000011
:10A05000000000000000000000000003EBFF000013
:10A0600000000000000000000000000000000000F0
:10A07000000000000000000003EBFF0000000000F3
:10A0800000000000000000000000000000000000D0
:10A09000000000000003EBFF0000000000000000D3
:10A0A00000000000000000000000000000000000B0
:10A0B000000003EBFF0000000000000000000000B3
:10A0C000000000000000000000000000000000038D
:10A0D000EBFF000000000000000000000000000096
:10A0E00000000000000000000000000003EBFF0083
:10A0F0000000000000000000000000000000000060
:10A1000000000000000000000003EBFF0000000062
:10A11000000000000000000000000000000000003F
:10A1200000000000000003EBFF0000000000000042
:10A13000000000000000000000000000000000001F
:10A1400000000003EBFF0000000000000000000022
:10A1500000000000000000000000000000000000FF
:10A1600003EBFF0000000000000000000000000002
:10A170000000000000000000000000000003EBFFF2
:10A1800000000000000000000000000000000000CF
:10A190000000000000000000000003EBFF000000D2
:10A1A00000000000000000000000000000000000AF
:10A1B0000000000000000003EBFF000000000000B2
:10A1C000000000000000000000000000000000008F
:10A1D0000000000003EBFF00000000000000000092
:10A1E000000000000000000000000000000000006F
:10A1F0000003EBFF00000000000000000000000072
:10A20000000000000000000000000000000003EB60
:10A21000FF0000000000000000000000000000003F
:10A22000000000000000000000000003EBFF000041
:10A23000000000000000000000000000000000001E
:10A24000000000000000000003EBFF000000000021
:10A2500000000000000000000000000000000000FE
:10A26000000000000003EBFF000000000000000001
:10A2700000000000000000000000000000000000DE
:10A28000000003EBFF0000000000000000000000E1
:10A2900000000000000000000000000000000003BB
:10A2A000EBFF0000000000000000000000000000C4
:10A2B00000000000000000000000000003EBFF00B1
:10A2C000000000000000000000000000000000008E
:10A2D00000000000000000000003EBFF0000000091
:10A2E000000000000000000000000000000000006E
:10A2F00000000000000003EBFF0000000000000071
:10A30000000000000000000000000000000000004D
:10A3100000000003EBFF0000000000000000000050
:10A32000000000000000000000000000000000002D
:10A3300003EBFF0000000000000000000000000030
:10A340000000000000000000000000000003EBFF20
:10A3500000000000000000000000000000000000FD
:10A360000000000000000000000003EBFF00000000
:10A3700000000000000000000000000000000000DD
:10A380000000000000000003EBFF000000000000E0
:10A3900000000000000000000000000000000000BD
:10A3A0000000000003EBFF000000000000000000C0
:10A3B000000000000000000000000000000000009D
:10A3C0000003EBFF000000000000000000000000A0
:10A3D000000000000000000000000000000003EB8F
:10A3E000FF0000000000000000000000000000006E
:10A3F000000000000000000000000003EBFF000070
:10A40000000000000000000000000000000000004C
:10A41000000000000000000003EBFF00000000004F
:10A42000000000000000000000000000000000002C
:10A43000000000000003EBFF00000000000000002F
:10A44000000000000000000000000000000000000C
:10A45000000003EBFF00000000000000000000000F
:10A4600000000000000000000000000000000003E9
:10A47000EBFF0000000000000000000000000000F2
:10A4800000000000000000000000000003EBFF00DF
:10A4900000000000000000000000000000000000BC
:10A4A00000000000000000000003EBFF00000000BF
:10A4B000000000000000000000000000000000009C
:10A4C00000000000000003EBFF000000000000009F
:10A4D000000000000000000000000000000000007C
:10A4E00000000003EBFF000000000000000000007F
:10A4F000000000000000000000000000000000005C
:10A5000003EBFF000000000000000000000000005E
:10A510000000000000000000000000000003EBFF4E
:10A52000000000000000000000000000000000002B
:10A530000000000000000000000003EBFF0000002E
:10A54000000000000000000000000000000000000B
:10A550000000000000000003EBFF0000000000000E
:10A5600000000000000000000000000000000000EB
:10A570000000000003EBFF000000000000000000EE
:10A5800000000000000000000000000000000000CB
:10A590000003EBFF000000000000000000000000CE
:10A5A000000000000000000000000000000003EBBD
:10A5B000FF0000000000000000000000000000009C
:10A5C000000000000000000000000003EBFF00009E
:10A5D000000000000000000000000000000000007B
:10A5E000000000000000000003EBFF00000000007E
:10A5F000000000000000000000000000000000005B
:10A60000000000000003EBFF00000000000000005D
:10A61000000000000000000000000000000000003A
:10A62000000003EBFF00000000000000000000003D
:10A630000000000000000000000000000000000317
:10A64000EBFF000000000000000000000000000020
:10A6500000000000000000000000000003EBFF000D
:10A6600000000000000000000000000000000000EA
:10A6700000000000000000000003EBFF00000000ED
:10A6800000000000000000000000000000000000CA
:10A6900000000000000003EBFF00000000000000CD
:10A6A00000000000000000000000000000000000AA
:10A6B00000000003EBFF00000000000000000000AD
:10A6C000000000000000000000000000000000008A
:10A6D00003EBFF000000000000000000000000008D
:10A6E0000000000000000000000000000003EBFF7D
:10A6F000000000000000000000000000000000005A
:10A700000000000000000000000003EBFF0000005C
:10A710000000000000000000000000000000000039
:10A720000000000000000003EBFF0000000000003C
:10A730000000000000000000000000000000000019
:10A740000000000003EBFF0000000000000000001C
:10A7500000000000000000000000000000000000F9
:10A760000003EBFF000000000000000000000000FC
:10A77000000000000000000000000000000003EBEB
:10A78000FF000000000000000000000000000000CA
:10A79000000000000000000000000003EBFF0000CC
:10A7A00000000000000000000000000000000000A9
:10A7B000000000000000000003EBFF0000000000AC
:10A7C0000000000000000000000000000000000089
:10A7D000000000000003EBFF00000000000000008C
:10A7E0000000000000000000000000000000000069
:10A7F000000003EBFF00000000000000000000006C
:10A800000000000000000000000000000000000345
:10A81000EBFF00000000000000000000000000004E
:10A8200000000000000000000000000003EBFF003B
:10A830000000000000000000000000000000000018
:10A8400000000000000000000003EBFF000000001B
:10A8500000000000000000000000000000000000F8
:10A8600000000000000003EBFF00000000000000FB
:10A8700000000000000000000000000000000000D8
:10A8800000000003EBFF00000000000000000000DB
:10A8900000000000000000000000000000000000B8
:10A8A00003EBFF00000000000000000000000000BB
:10A8B0000000000000000000000000000003EBFFAB
:10A8C0000000000000000000000000000000000088
:10A8D0000000000000000000000003EBFF0000008B
:10A8E0000000000000000000000000000000000068
:10A8F0000000000000000003EBFF0000000000006B
:10A900000000000000000000000000000000000047
:10A910000000000003EBFF0000000000000000004A
:10A920000000000000000000000000000000000027
:10A930000003EBFF0000000000000000000000002A
:10A94000000000000000000000000000000003EB19
:10A95000FF000000000000000000000000000000F8
:10A96000000000000000000000000003EBFF0000FA
:10A9700000000000000000000000000000000000D7
:10A98000000000000000000003EBFF0000000000DA
:10A9900000000000000000000000000000000000B7
:10A9A000000000000003EBFF0000000000000000BA
:10A9B0000000000000000000000000000000000097
:10A9C000000003EBFF00000000000000000000009A
:10A9D0000000000000000000000000000000000374
:10A9E000EBFF00000000000000000000000000007D
:10A9F00000000000000000000000000003EBFF006A
:10AA00000000000000000000000000000000000046
:10AA100000000000000000000003EBFF0000000049
:10AA20000000000000000000000000000000000026
:10AA300000000000000003EBFF0000000000000029
:10AA40000000000000000000000000000000000006
:10AA500000000003EBFF0000000000000000000009
:10AA600000000000000000000000000000000000E6
:10AA700003EBFF00000000000000000000000000E9
:10AA80000000000000000000000000000003EBFFD9
:10AA900000000000000000000000000000000000B6
:10AAA0000000000000000000000003EBFF000000B9
:10AAB0000000000000000000000000000000000096
:10AAC0000000000000000003EBFF00000000000099
:10AAD0000000000000000000000000000000000076
:10AAE0000000000003EBFF00000000000000000079
:10AAF0000000000000000000000000000000000056
:10AB00000003EBFF00000000000000000000000058
:10AB1000000000000000000000000000000003EB47
:10AB2000FF00000000000000000000000000000026
:10AB3000000000000000000000000003EBFF000028
:10AB40000000000000000000000000000000000005
:10AB5000000000000000000003EBFF000000000008
:10AB600000000000000000000000000000000000E5
:10AB7000000000000003EBFF0000000000000000E8
:10AB800000000000000000000000000000000000C5
:10AB9000000003EBFF0000000000000000000000C8
:10ABA00000000000000000000000000000000003A2
:10ABB000EBFF0000000000000000000000000000AB
:10ABC00000000000000000000000000003EBFF0098
:10ABD0000000000000000000000000000000000075
:10ABE00000000000000000000003EBFF0000000078
:10ABF0000000000000000000000000000000000055
:10AC000000000000000003EBFF0000000000000057
:10AC10000000000000000000000000000000000034
:10AC200000000003EBFF0000000000000000000037
:10AC30000000000000000000000000000000000014
:10AC400003EBFF0000000000000000000000000017
:10AC50000000000000000000000000000003EBFF07
:10AC600000000000000000000000000000000000E4
:10AC70000000000000000000000003EBFF000000E7
:10AC800000000000000000000000000000000000C4
:10AC90000000000000000003EBFF000000000000C7
:10ACA00000000000000000000000000000000000A4
:10ACB0000000000003EBFF000000000000000000A7
:10ACC0000000000000000000000000000000000084
:10ACD0000003EBFF00000000000000000000000087
:10ACE000000000000000000000000000000003EB76
:10ACF000FF00000000000000000000000000000055
:10AD0000000000000000000000000003EBFF000056
:10AD10000000000000000000000000000000000033
:10AD2000000000000000000003EBFF000000000036
:10AD30000000000000000000000000000000000013
:10AD4000000000000003EBFF000000000000000016
:10AD500000000000000000000000000000000000F3
:10AD6000000003EBFF0000000000000000000000F6
:10AD700000000000000000000000000000000003D0
:10AD8000EBFF0000000000000000000000000000D9
:10AD900000000000000000000000000003EBFF00C6
:10ADA00000000000000000000000000000000000A3
:10ADB00000000000000000000003EBFF00000000A6
:10ADC0000000000000000000000000000000000083
:10ADD00000000000000003EBFF0000000000000086
:10ADE0000000000000000000000000000000000063
:10ADF00000000003EBFF0000000000000000000066
:10AE00000000000000000000000000000000000042
:10AE100003EBFF0000000000000000000000000045
:10AE20000000000000000000000000000003EBFF35
:10AE30000000000000000000000000000000000012
:10AE40000000000000000000000003EBFF00000015
:10AE500000000000000000000000000000000000F2
:10AE60000000000000000003EBFF000000000000F5
:10AE700000000000000000000000000000000000D2
:10AE80000000000003EBFF000000000000000000D5
:10AE900000000000000000000000000000000000B2
:10AEA0000003EBFF000000000000000000000000B5
:10AEB000000000000000000000000000000003EBA4
:10AEC000FF00000000000000000000000000000083
:10AED000000000000000000000000003EBFF000085
:10AEE0000000000000000000000000000000000062
:10AEF000000000000000000003EBFF000000000065
:10AF00000000000000000000000000000000000041
:10AF1000000000000003EBFF000000000000000044
:10AF20000000000000000000000000000000000021
:10AF3000000003EBFF000000000000000000000024
:10AF400000000000000000000000000000000003FE
:10AF5000EBFF000000000000000000000000000007
:10AF600000000000000000000000000003EBFF00F4
:10AF700000000000000000000000000000000000D1
:10AF800000000000000000000003EBFF00000000D4
:10AF900000000000000000000000000000000000B1
:10AFA00000000000000003EBFF00000000000000B4
:10AFB0000000000000000000000000000000000091
:10AFC00000000003EBFF0000000000000000000094
:10AFD0000000000000000000000000000000000071
:10AFE00003EBFF0000000000000000000000000074
:10AFF0000000000000000000000000000003EBFF64
:10B000000000000000000000000000000000000040
:10B010000000000000000000000003EBFF00000043
:10B020000000000000000000000000000000000020
:10B030000000000000000003EBFF00000000000023
:10B040000000000000000000000000000000000000
:10B050000000000003EBFF00000000000000000003
:10B0600000000000000000000000000000000000E0
:10B070000003EBFF000000000000000000000000E3
:10B08000000000000000000000000000000003EBD2
:10B09000FF000000000000000000000000000000B1
:10B0A000000000000000000000000003EBFF0000B3
:10B0B0000000000000000000000000000000000090
:10B0C000000000000000000003EBFF000000000093
:10B0D0000000000000000000000000000000000070
:10B0E000000000000003EBFF000000000000000073
:10B0F0000000000000000000000000000000000050
:10B10000000003EBFF000000000000000000000052
:10B11000000000000000000000000000000000032C
:10B12000EBFF000000000000000000000000000035
:10B1300000000000000000000000000003EBFF0022
:10B1400000000000000000000000000000000000FF
:10B1500000000000000000000003EBFF0000000002
:10B1600000000000000000000000000000000000DF
:10B1700000000000000003EBFF00000000000000E2
:10B1800000000000000000000000000000000000BF
:10B1900000000003EBFF00000000000000000000C2
:10B1A000000000000000000000000000000000009F
:10B1B00003EBFF00000000000000000000000000A2
:10B1C0000000000000000000000000000003EBFF92
:10B1D000000000000000000000000000000000006F
:10B1E0000000000000000000000003EBFF00000072
:10B1F000000000000000000000000000000000004F
:10B200000000000000000003EBFF00000000000051
:10B21000000000000000000000000000000000002E
:10B220000000000003EBFF00000000000000000031
:10B23000000000000000000000000000000000000E
:10B240000003EBFF00000000000000000000000011
:10B25000000000000000000000000000000003EB00
:10B26000FF000000000000000000000000000000DF
:10B27000000000000000000000000003EBFF0000E1
:10B2800000000000000000000000000000000000BE
:10B29000000000000000000003EBFF0000000000C1
:10B2A000000000000000000000000000000000009E
:10B2B000000000000003EBFF0000000000000000A1
:10B2C000000000000000000000000000000000007E
:10B2D000000003EBFF000000000000000000000081
:10B2E000000000000000000000000000000000035B
:10B2F000EBFF000000000000000000000000000064
:10B3000000000000000000000000000003EBFF0050
:10B31000000000000000000000000000000000002D
:10B3200000000000000000000003EBFF0000000030
:10B33000000000000000000000000000000000000D
:10B3400000000000000003EBFF0000000000000010
:10B3500000000000000000000000000000000000ED
:10B3600000000003EBFF00000000000000000000F0
:10B3700000000000000000000000000000000000CD
:10B3800003EBFF00000000000000000000000000D0
:10B390000000000000000000000000000003EBFFC0
:10B3A000000000000000000000000000000000009D
:10B3B0000000000000000000000003EBFF000000A0
:10B3C000000000000000000000000000000000007D
:10B3D0000000000000000003EBFF00000000000080
:10B3E000000000000000000000000000000000005D
:10B3F0000000000003EBFF00000000000000000060
:10B40000000000000000000000000000000000003C
:10B410000003EBFF0000000000000000000000003F
:10B42000000000000000000000000000000003EB2E
:10B43000FF0000000000000000000000000000000D
:10B44000000000000000000000000003EBFF00000F
:10B4500000000000000000000000000000000000EC
:10B46000000000000000000003EBFF0000000000EF
:10B4700000000000000000000000000000000000CC
:10B48000000000000003EBFF0000000000000000CF
:10B4900000000000000000000000000000000000AC
:10B4A000000003EBFF0000000000000000000000AF
:10B4B0000000000000000000000000000000000389
:10B4C000EBFF000000000000000000000000000092
:10B4D00000000000000000000000000003EBFF007F
:10B4E000000000000000000000000000000000005C
:10B4F00000000000000000000003EBFF000000005F
:10B50000000000000000000000000000000000003B
:10B5100000000000000003EBFF000000000000003E
:10B52000000000000000000000000000000000001B
:10B5300000000003EBFF000000000000000000001E
:10B5400000000000000000000000000000000000FB
:10B5500003EBFF00000000000000000000000000FE
:10B560000000000000000000000000000003EBFFEE
:10B5700000000000000000000000000000000000CB
:10B580000000000000000000000003EBFF000000CE
:10B5900000000000000000000000000000000000AB
:10B5A0000000000000000003EBFF000000000000AE
:10B5B000000000000000000000000000000000008B
:10B5C0000000000003EBFF0000000000000000008E
:10B5D000000000000000000000000000000000006B
:10B5E0000003EBFF0000000000000000000000006E
:10B5F000000000000000000000000000000003EB5D
:10B60000FF0000000000000000000000000000003B
:10B61000000000000000000000000003EBFF00003D
:10B62000000000000000000000000000000000001A
:10B63000000000000000000003EBFF00000000001D
:10B6400000000000000000000000000000000000FA
:10B65000000000000003EBFF0000000000000000FD
:10B6600000000000000000000000000000000000DA
:10B67000000003EBFF0000000000000000000000DD
:10B6800000000000000000000000000000000003B7
:10B69000EBFF0000000000000000000000000000C0
:10B6A00000000000000000000000000003EBFF00AD
:10B6B000000000000000000000000000000000008A
:10B6C00000000000000000000003EBFF000000008D
:10B6D000000000000000000000000000000000006A
:10B6E00000000000000003EBFF000000000000006D
:10B6F000000000000000000000000000000000004A
:10B7000000000003EBFF000000000000000000004C
:10B710000000000000000000000000000000000029
:10B7200003EBFF000000000000000000000000002C
:10B730000000000000000000000000000003EBFF1C
:10B7400000000000000000000000000000000000F9
:10B750000000000000000000000003EBFF000000FC
:10B7600000000000000000000000000000000000D9
:10B770000000000000000003EBFF000000000000DC
:10B7800000000000000000000000000000000000B9
:10B790000000000003EBFF000000000000000000BC
:10B7A0000000000000000000000000000000000099
:10B7B0000003EBFF0000000000000000000000009C
:10B7C000000000000000000000000000000003EB8B
:10B7D000FF0000000000000000000000000000006A
:10B7E000000000000000000000000003EBFF00006C
:10B7F0000000000000000000000000000000000049
:10B80000000000000000000003EBFF00000000004B
:10B810000000000000000000000000000000000028
:10B82000000000000003EBFF00000000000000002B
:10B830000000000000000000000000000000000008
:10B84000000003EBFF00000000000000000000000B
:10B8500000000000000000000000000000000003E5
:10B86000EBFF0000000000000000000000000000EE
:10B8700000000000000000000000000003EBFF00DB
:10B8800000000000000000000000000000000000B8
:10B8900000000000000000000003EBFF00000000BB
:10B8A0000000000000000000000000000000000098
:10B8B00000000000000003EBFF000000000000009B
:10B8C0000000000000000000000000000000000078
:10B8D00000000003EBFF000000000000000000007B
:10B8E0000000000000000000000000000000000058
:10B8F00003EBFF000000000000000000000000005B
:10B900000000000000000000000000000003EBFF4A
:10B910000000000000000000000000000000000027
:10B920000000000000000000000003EBFF0000002A
:10B930000000000000000000000000000000000007
:10B940000000000000000003EBFF0000000000000A
:10B9500000000000000000000000000000000000E7
:10B960000000000003EBFF000000000000000000EA
:10B9700000000000000000000000000000000000C7
:10B980000003EBFF000000000000000000000000CA
:10B99000000000000000000000000000000003EBB9
:10B9A000FF00000000000000000000000000000098
:10B9B000000000000000000000000003EBFF00009A
:10B9C0000000000000000000000000000000000077
:10B9D000000000000000000003EBFF00000000007A
:10B9E0000000000000000000000000000000000057
:10B9F000000000000003EBFF00000000000000005A
:10BA00000000000000000000000000000000000036
:10BA1000000003EBFF000000000000000000000039
:10BA20000000000000000000000000000000000313
:10BA3000EBFF00000000000000000000000000001C
:10BA400000000000000000000000000003EBFF0009
:10BA500000000000000000000000000000000000E6
:10BA600000000000000000000003EBFF00000000E9
:10BA700000000000000000000000000000000000C6
:10BA800000000000000003EBFF00000000000000C9
:10BA900000000000000000000000000000000000A6
:10BAA00000000003EBFF00000000000000000000A9
:10BAB0000000000000000000000000000000000086
:10BAC00003EBFF0000000000000000000000000089
:10BAD0000000000000000000000000000003EBFF79
:10BAE0000000000000000000000000000000000056
:10BAF0000000000000000000000003EBFF00000059
:10BB00000000000000000000000000000000000035
:10BB10000000000000000003EBFF00000000000038
:10BB20000000000000000000000000000000000015
:10BB30000000000003EBFF00000000000000000018
:10BB400000000000000000000000000000000000F5
:10BB50000003EBFF000000000000000000000000F8
:10BB6000000000000000000000000000000003EBE7
:10BB7000FF000000000000000000000000000000C6
:10BB8000000000000000000000000003EBFF0000C8
:10BB900000000000000000000000000000000000A5
:10BBA000000000000000000003EBFF0000000000A8
:10BBB0000000000000000000000000000000000085
:10BBC000000000000003EBFF000000000000000088
:10BBD0000000000000000000000000000000000065
:10BBE000000003EBFF000000000000000000000068
:10BBF0000000000000000000000000000000000342
:10BC0000EBFF00000000000000000000000000004A
:10BC100000000000000000000000000003EBFF0037
:10BC20000000000000000000000000000000000014
:10BC300000000000000000000003EBFF0000000017
:10BC400000000000000000000000000000000000F4
:10BC500000000000000003EBFF00000000000000F7
:10BC600000000000000000000000000000000000D4
:10BC700000000003EBFF00000000000000000000D7
:10BC800000000000000000000000000000000000B4
:10BC900003EBFF00000000000000000000000000B7
:10BCA0000000000000000000000000000003EBFFA7
:10BCB0000000000000000000000000000000000084
:10BCC0000000000000000000000003EBFF00000087
:10BCD0000000000000000000000000000000000064
:10BCE0000000000000000003EBFF00000000000067
:10BCF0000000000000000000000000000000000044
:10BD00000000000003EBFF00000000000000000046
:10BD10000000000000000000000000000000000023
:10BD20000003EBFF00000000000000000000000026
:10BD3000000000000000000000000000000003EB15
:10BD4000FF000000000000000000000000000000F4
:10BD5000000000000000000000000003EBFF0000F6
:10BD600000000000000000000000000000000000D3
:10BD7000000000000000000003EBFF0000000000D6
:10BD800000000000000000000000000000000000B3
:10BD9000000000000003EBFF0000000000000000B6
:10BDA0000000000000000000000000000000000093
:10BDB000000003EBFF000000000000000000000096
:10BDC0000000000000000000000000000000000370
:10BDD000EBFF000000000000000000000000000079
:10BDE00000000000000000000000000003EBFF0066
:10BDF0000000000000000000000000000000000043
:10BE000000000000000000000003EBFF0000000045
:10BE10000000000000000000000000000000000022
:10BE200000000000000003EBFF0000000000000025
:10BE30000000000000000000000000000000000002
:10BE400000000003EBFF0000000000000000000005
:10BE500000000000000000000000000000000000E2
:10BE600003EBFF00000000000000000000000000E5
:10BE70000000000000000000000000000003EBFFD5
:10BE800000000000000000000000000000000000B2
:10BE90000000000000000000000003EBFF000000B5
:10BEA0000000000000000000000000000000000092
:10BEB0000000000000000003EBFF00000000000095
:10BEC0000000000000000000000000000000000072
:10BED0000000000003EBFF00000000000000000075
:10BEE0000000000000000000000000000000000052
:10BEF0000003EBFF00000000000000000000000055
:10BF0000000000000000000000000000000003EB43
:10BF1000FF00000000000000000000000000000022
:10BF2000000000000000000000000003EBFF000024
:10BF30000000000000000000000000000000000001
:10BF4000000000000000000003EBFF000000000004
:10BF500000000000000000000000000000000000E1
:10BF6000000000000003EBFF0000000000000000E4
:10BF700000000000000000000000000000000000C1
:10BF8000000003EBFF0000000000000000000000C4
:10BF9000000000000000000000000000000000039E
:10BFA000EBFF0000000000000000000000000000A7
:10BFB00000000000000000000000000003EBFF0094
:10BFC0000000000000000000000000000000000071
:10BFD00000000000000000000003EBFF0000000074
:10BFE0000000000000000000000000000000000051
:10BFF00000000000000003EBFF0000000000000054
:10C000000000000000000000000000000000000030
:10C0100000000003EBFF0000000000000000000033
:10C020000000000000000000000000000000000010
:10C0300003EBFF0000000000000000000000000013
:10C040000000000000000000000000000003EBFF03
:10C0500000000000000000000000000000000000E0
:10C060000000000000000000000003EBFF000000E3
:10C0700000000000000000000000000000000000C0
:10C080000000000000000003EBFF000000000000C3
:10C0900000000000000000000000000000000000A0
:10C0A0000000000003EBFF000000000000000000A3
:10C0B0000000000000000000000000000000000080
:10C0C0000003EBFF00000000000000000000000083
:10C0D000000000000000000000000000000003EB72
:10C0E000FF00000000000000000000000000000051
:10C0F000000000000000000000000003EBFF000053
:10C10000000000000000000000000000000000002F
:10C11000000000000000000003EBFF000000000032
:10C12000000000000000000000000000000000000F
:10C13000000000000003EBFF000000000000000012
:10C1400000000000000000000000000000000000EF
:10C15000000003EBFF0000000000000000000000F2
:10C1600000000000000000000000000000000003CC
:10C17000EBFF0000000000000000000000000000D5
:10C1800000000000000000000000000003EBFF00C2
:10C19000000000000000000000000000000000009F
:10C1A00000000000000000000003EBFF00000000A2
:10C1B000000000000000000000000000000000007F
:10C1C00000000000000003EBFF0000000000000082
:10C1D000000000000000000000000000000000005F
:10C1E00000000003EBFF0000000000000000000062
:10C1F000000000000000000000000000000000003F
:10C2000003EBFF0000000000000000000000000041
:10C210000000000000000000000000000003EBFF31
:10C22000000000000000000000000000000000000E
:10C230000000000000000000000003EBFF00000011
:10C2400000000000000000000000000000000000EE
:10C250000000000000000003EBFF000000000000F1
:10C2600000000000000000000000000000000000CE
:10C270000000000003EBFF000000000000000000D1
:10C2800000000000000000000000000000000000AE
:10C290000003EBFF000000000000000000000000B1
:10C2A000000000000000000000000000000003EBA0
:10C2B000FF0000000000000000000000000000007F
:10C2C000000000000000000000000003EBFF000081
:10C2D000000000000000000000000000000000005E
:10C2E000000000000000000003EBFF000000000061
:10C2F000000000000000000000000000000000003E
:10C30000000000000003EBFF000000000000000040
:10C31000000000000000000000000000000000001D
:10C32000000003EBFF000000000000000000000020
:10C3300000000000000000000000000000000003FA
:10C34000EBFF000000000000000000000000000003
:10C3500000000000000000000000000003EBFF00F0
:10C3600000000000000000000000000000000000CD
:10C3700000000000000000000003EBFF00000000D0
:10C3800000000000000000000000000000000000AD
:10C3900000000000000003EBFF00000000000000B0
:10C3A000000000000000000000000000000000008D
:10C3B00000000003EBFF0000000000000000000090
:10C3C000000000000000000000000000000000006D
:10C3D00003EBFF0000000000000000000000000070
:10C3E0000000000000000000000000000003EBFF60
:10C3F000000000000000000000000000000000003D
:10C400000000000000000000000003EBFF0000003F
:10C41000000000000000000000000000000000001C
:10C420000000000000000003EBFF0000000000001F
:10C4300000000000000000000000000000000000FC
:10C440000000000003EBFF000000000000000000FF
:10C4500000000000000000000000000000000000DC
:10C460000003EBFF000000000000000000000000DF
:10C47000000000000000000000000000000003EBCE
:10C48000FF000000000000000000000000000000AD
:10C49000000000000000000000000003EBFF0000AF
:10C4A000000000000000000000000000000000008C
:10C4B000000000000000000003EBFF00000000008F
:10C4C000000000000000000000000000000000006C
:10C4D000000000000003EBFF00000000000000006F
:10C4E000000000000000000000000000000000004C
:10C4F000000003EBFF00000000000000000000004F
:10C500000000000000000000000000000000000328
:10C51000EBFF000000000000000000000000000031
:10C5200000000000000000000000000003EBFF001E
:10C5300000000000000000000000000000000000FB
:10C5400000000000000000000003EBFF00000000FE
:10C5500000000000000000000000000000000000DB
:10C5600000000000000003EBFF00000000000000DE
:10C5700000000000000000000000000000000000BB
:10C5800000000003EBFF00000000000000000000BE
:10C59000000000000000000000000000000000009B
:10C5A00003EBFF000000000000000000000000009E
:10C5B0000000000000000000000000000003EBFF8E
:10C5C000000000000000000000000000000000006B
:10C5D0000000000000000000000003EBFF0000006E
:10C5E000000000000000000000000000000000004B
:10C5F0000000000000000003EBFF0000000000004E
:10C60000000000000000000000000000000000002A
:10C610000000000003EBFF0000000000000000002D
:10C62000000000000000000000000000000000000A
:10C630000003EBFF0000000000000000000000000D
:10C64000000000000000000000000000000003EBFC
:10C65000FF000000000000000000000000000000DB
:10C66000000000000000000000000003EBFF0000DD
:10C6700000000000000000000000000000000000BA
:10C68000000000000000000003EBFF0000000000BD
:10C69000000000000000000000000000000000009A
:10C6A000000000000003EBFF00000000000000009D
:10C6B000000000000000000000000000000000007A
:10C6C000000003EBFF00000000000000000000007D
:10C6D0000000000000000000000000000000000357
:10C6E000EBFF000000000000000000000000000060
:10C6F00000000000000000000000000003EBFF004D
:10C700000000000000000000000000000000000029
:10C7100000000000000000000003EBFF000000002C
:10C720000000000000000000000000000000000009
:10C7300000000000000003EBFF000000000000000C
:10C7400000000000000000000000000000000000E9
:10C7500000000003EBFF00000000000000000000EC
:10C7600000000000000000000000000000000000C9
:10C7700003EBFF00000000000000000000000000CC
:10C780000000000000000000000000000003EBFFBC
:10C790000000000000000000000000000000000099
:10C7A0000000000000000000000003EBFF0000009C
:10C7B0000000000000000000000000000000000079
:10C7C0000000000000000003EBFF0000000000007C
:10C7D0000000000000000000000000000000000059
:10C7E0000000000003EBFF0000000000000000005C
:10C7F0000000000000000000000000000000000039
:10C800000003EBFF0000000000000000000000003B
:10C81000000000000000000000000000000003EB2A
:10C82000FF00000000000000000000000000000009
:10C83000000000000000000000000003EBFF00000B
:10C8400000000000000000000000000000000000E8
:10C85000000000000000000003EBFF0000000000EB
:10C8600000000000000000000000000000000000C8
:10C87000000000000003EBFF0000000000000000CB
:10C8800000000000000000000000000000000000A8
:10C89000000003EBFF0000000000000000000000AB
:10C8A0000000000000000000000000000000000385
:10C8B000EBFF00000000000000000000000000008E
:10C8C00000000000000000000000000003EBFF007B
:10C8D0000000000000000000000000000000000058
:10C8E00000000000000000000003EBFF000000005B
:10C8F0000000000000000000000000000000000038
:10C9000000000000000003EBFF000000000000003A
:10C910000000000000000000000000000000000017
:10C9200000000003EBFF000000000000000000001A
:10C9300000000000000000000000000000000000F7
:10C9400003EBFF00000000000000000000000000FA
:10C950000000000000000000000000000003EBFFEA
:10C9600000000000000000000000000000000000C7
:10C970000000000000000000000003EBFF000000CA
:10C9800000000000000000000000000000000000A7
:10C990000000000000000003EBFF000000000000AA
:10C9A0000000000000000000000000000000000087
:10C9B0000000000003EBFF0000000000000000008A
:10C9C0000000000000000000000000000000000067
:10C9D0000003EBFF0000000000000000000000006A
:10C9E000000000000000000000000000000003EB59
:10C9F000FF00000000000000000000000000000038
:10CA0000000000000000000000000003EBFF000039
:10CA10000000000000000000000000000000000016
:10CA2000000000000000000003EBFF000000000019
:10CA300000000000000000000000000000000000F6
:10CA4000000000000003EBFF0000000000000000F9
:10CA500000000000000000000000000000000000D6
:10CA6000000003EBFF0000000000000000000000D9
:10CA700000000000000000000000000000000003B3
:10CA8000EBFF0000000000000000000000000000BC
:10CA900000000000000000000000000003EBFF00A9
:10CAA0000000000000000000000000000000000086
:10CAB00000000000000000000003EBFF0000000089
:10CAC0000000000000000000000000000000000066
:10CAD00000000000000003EBFF0000000000000069
:10CAE0000000000000000000000000000000000046
:10CAF00000000003EBFF0000000000000000000049
:10CB00000000000000000000000000000000000025
:10CB100003EBFF0000000000000000000000000028
:10CB20000000000000000000000000000003EBFF18
:10CB300000000000000000000000000000000000F5
:10CB40000000000000000000000003EBFF000000F8
:10CB500000000000000000000000000000000000D5
:10CB60000000000000000003EBFF000000000000D8
:10CB700000000000000000000000000000000000B5
:10CB80000000000003EBFF000000000000000000B8
:10CB90000000000000000000000000000000000095
:10CBA0000003EBFF00000000000000000000000098
:10CBB000000000000000000000000000000003EB87
:10CBC000FF00000000000000000000000000000066
:10CBD000000000000000000000000003EBFF000068
:10CBE0000000000000000000000000000000000045
:10CBF000000000000000000003EBFF000000000048
:10CC00000000000000000000000000000000000024
:10CC1000000000000003EBFF000000000000000027
:10CC20000000000000000000000000000000000004
:10CC3000000003EBFF000000000000000000000007
:10CC400000000000000000000000000000000003E1
:10CC5000EBFF0000000000000000000000000000EA
:10CC600000000000000000000000000003EBFF00D7
:10CC700000000000000000000000000000000000B4
:10CC800000000000000000000003EBFF00000000B7
:10CC90000000000000000000000000000000000094
:10CCA00000000000000003EBFF0000000000000097
:10CCB0000000000000000000000000000000000074
:10CCC00000000003EBFF0000000000000000000077
:10CCD0000000000000000000000000000000000054
:10CCE00003EBFF0000000000000000000000000057
:10CCF0000000000000000000000000000003EBFF47
:10CD00000000000000000000000000000000000023
:10CD10000000000000000000000003EBFF00000026
:10CD20000000000000000000000000000000000003
:10CD30000000000000000003EBFF00000000000006
:10CD400000000000000000000000000000000000E3
:10CD50000000000003EBFF000000000000000000E6
:10CD600000000000000000000000000000000000C3
:10CD70000003EBFF000000000000000000000000C6
:10CD8000000000000000000000000000000003EBB5
:10CD9000FF00000000000000000000000000000094
:10CDA000000000000000000000000003EBFF000096
:10CDB0000000000000000000000000000000000073
:10CDC000000000000000000003EBFF000000000076
:10CDD0000000000000000000000000000000000053
:10CDE000000000000003EBFF000000000000000056
:10CDF0000000000000000000000000000000000033
:10CE0000000003EBFF000000000000000000000035
:10CE1000000000000000000000000000000000030F
:10CE2000EBFF000000000000000000000000000018
:10CE300000000000000000000000000003EBFF0005
:10CE400000000000000000000000000000000000E2
:10CE500000000000000000000003EBFF00000000E5
:10CE600000000000000000000000000000000000C2
:10CE700000000000000003EBFF00000000000000C5
:10CE800000000000000000000000000000000000A2
:10CE900000000003EBFF00000000000000000000A5
:10CEA0000000000000000000000000000000000082
:10CEB00003EBFF0000000000000000000000000085
:10CEC0000000000000000000000000000003EBFF75
:10CED0000000000000000000000000000000000052
:10CEE0000000000000000000000003EBFF00000055
:10CEF0000000000000000000000000000000000032
:10CF00000000000000000003EBFF00000000000034
:10CF10000000000000000000000000000000000011
:10CF20000000000003EBFF00000000000000000014
:10CF300000000000000000000000000000000000F1
:10CF40000003EBFF000000000000000000000000F4
:10CF5000000000000000000000000000000003EBE3
:10CF6000FF000000000000000000000000000000C2
:10CF7000000000000000000000000003EBFF0000C4
:10CF800000000000000000000000000000000000A1
:10CF9000000000000000000003EBFF0000000000A4
:10CFA0000000000000000000000000000000000081
:10CFB000000000000003EBFF000000000000000084
:10CFC0000000000000000000000000000000000061
:10CFD000000003EBFF000000000000000000000064
:10CFE000000000000000000000000000000000033E
:10CFF000EBFF000000000000000000000000000047
:10D0000000000000000000000000000003EBFF0033
:10D010000000000000000000000000000000000010
:10D0200000000000000000000003EBFF0000000013
:10D0300000000000000000000000000000000000F0
:10D0400000000000000003EBFF00000000000000F3
:10D0500000000000000000000000000000000000D0
:10D0600000000003EBFF00000000000000000000D3
:10D0700000000000000000000000000000000000B0
:10D0800003EBFF00000000000000000000000000B3
:10D090000000000000000000000000000003EBFFA3
:10D0A0000000000000000000000000000000000080
:10D0B0000000000000000000000003EBFF00000083
:10D0C0000000000000000000000000000000000060
:10D0D0000000000000000003EBFF00000000000063
:10D0E0000000000000000000000000000000000040
:10D0F0000000000003EBFF00000000000000000043
:10D10000000000000000000000000000000000001F
:10D110000003EBFF00000000000000000000000022
:10D12000000000000000000000000000000003EB11
:10D13000FF000000000000000000000000000000F0
:10D14000000000000000000000000003EBFF0000F2
:10D1500000000000000000000000000000000000CF
:10D16000000000000000000003EBFF0000000000D2
:10D1700000000000000000000000000000000000AF
:10D18000000000000003EBFF0000000000000000B2
:10D19000000000000000000000000000000000008F
:10D1A000000003EBFF000000000000000000000092
:10D1B000000000000000000000000000000000036C
:10D1C000EBFF000000000000000000000000000075
:10D1D00000000000000000000000000003EBFF0062
:10D1E000000000000000000000000000000000003F
:10D1F00000000000000000000003EBFF0000000042
:10D20000000000000000000000000000000000001E
:10D2100000000000000003EBFF0000000000000021
:10D2200000000000000000000000000000000000FE
:10D2300000000003EBFF0000000000000000000001
:10D2400000000000000000000000000000000000DE
:10D2500003EBFF00000000000000000000000000E1
:10D260000000000000000000000000000003EBFFD1
:10D2700000000000000000000000000000000000AE
:10D280000000000000000000000003EBFF000000B1
:10D29000000000000000000000000000000000008E
:10D2A0000000000000000003EBFF00000000000091
:10D2B000000000000000000000000000000000006E
:10D2C0000000000003EBFF00000000000000000071
:10D2D000000000000000000000000000000000004E
:10D2E0000003EBFF00000000000000000000000051
:10D2F000000000000000000000000000000003EB40
:10D30000FF0000000000000000000000000000001E
:10D31000000000000000000000000003EBFF000020
:10D3200000000000000000000000000000000000FD
:10D33000000000000000000003EBFF000000000000
:10D3400000000000000000000000000000000000DD
:10D35000000000000003EBFF0000000000000000E0
:10D3600000000000000000000000000000000000BD
:10D37000000003EBFF0000000000000000000000C0
:10D38000000000000000000000000000000000039A
:10D39000EBFF0000000000000000000000000000A3
:10D3A00000000000000000000000000003EBFF0090
:10D3B000000000000000000000000000000000006D
:10D3C00000000000000000000003EBFF0000000070
:10D3D000000000000000000000000000000000004D
:10D3E00000000000000003EBFF0000000000000050
:10D3F000000000000000000000000000000000002D
:10D4000000000003EBFF000000000000000000002F
:10D41000000000000000000000000000000000000C
:10D4200003EBFF000000000000000000000000000F
:10D430000000000000000000000000000003EBFFFF
:10D4400000000000000000000000000000000000DC
:10D450000000000000000000000003EBFF000000DF
:10D4600000000000000000000000000000000000BC
:10D470000000000000000003EBFF000000000000BF
:10D48000000000000000000000000000000000009C
:10D490000000000003EBFF0000000000000000009F
:10D4A000000000000000000000000000000000007C
:10D4B0000003EBFF0000000000000000000000007F
:10D4C000000000000000000000000000000003EB6E
:10D4D000FF0000000000000000000000000000004D
:10D4E000000000000000000000000003EBFF00004F
:10D4F000000000000000000000000000000000002C
:10D50000000000000000000003EBFF00000000002E
:10D51000000000000000000000000000000000000B
:10D52000000000000003EBFF00000000000000000E
:10D5300000000000000000000000000000000000EB
:10D54000000003EBFF0000000000000000000000EE
:10D5500000000000000000000000000000000003C8
:10D56000EBFF0000000000000000000000000000D1
:10D5700000000000000000000000000003EBFF00BE
:10D58000000000000000000000000000000000009B
:10D5900000000000000000000003EBFF000000009E
:10D5A000000000000000000000000000000000007B
:10D5B00000000000000003EBFF000000000000007E
:10D5C000000000000000000000000000000000005B
:10D5D00000000003EBFF000000000000000000005E
:10D5E000000000000000000000000000000000003B
:10D5F00003EBFF000000000000000000000000003E
:10D600000000000000000000000000000003EBFF2D
:10D61000000000000000000000000000000000000A
:10D620000000000000000000000003EBFF0000000D
:10D6300000000000000000000000000000000000EA
:10D640000000000000000003EBFF000000000000ED
:10D6500000000000000000000000000000000000CA
:10D660000000000003EBFF000000000000000000CD
:10D6700000000000000000000000000000000000AA
:10D680000003EBFF000000000000000000000000AD
:10D69000000000000000000000000000000003EB9C
:10D6A000FF0000000000000000000000000000007B
:10D6B000000000000000000000000003EBFF00007D
:10D6C000000000000000000000000000000000005A
:10D6D000000000000000000003EBFF00000000005D
:10D6E000000000000000000000000000000000003A
:10D6F000000000000003EBFF00000000000000003D
:10D700000000000000000000000000000000000019
:10D71000000003EBFF00000000000000000000001C
:10D7200000000000000000000000000000000003F6
:10D73000EBFF0000000000000000000000000000FF
:10D7400000000000000000000000000003EBFF00EC
:10D7500000000000000000000000000000000000C9
:10D7600000000000000000000003EBFF00000000CC
:10D7700000000000000000000000000000000000A9
:10D7800000000000000003EBFF00000000000000AC
:10D790000000000000000000000000000000000089
:10D7A00000000003EBFF000000000000000000008C
:10D7B0000000000000000000000000000000000069
:10D7C00003EBFF000000000000000000000000006C
:10D7D0000000000000000000000000000003EBFF5C
:10D7E0000000000000000000000000000000000039
:10D7F0000000000000000000000003EBFF0000003C
:10D800000000000000000000000000000000000018
:10D810000000000000000003EBFF0000000000001B
:10D8200000000000000000000000000000000000F8
:10D830000000000003EBFF000000000000000000FB
:10D8400000000000000000000000000000000000D8
:10D850000003EBFF000000000000000000000000DB
:10D86000000000000000000000000000000003EBCA
:10D87000FF000000000000000000000000000000A9
:10D88000000000000000000000000003EBFF0000AB
:10D890000000000000000000000000000000000088
:10D8A000000000000000000003EBFF00000000008B
:10D8B0000000000000000000000000000000000068
:10D8C000000000000003EBFF00000000000000006B
:10D8D0000000000000000000000000000000000048
:10D8E000000003EBFF00000000000000000000004B
:10D8F0000000000000000000000000000000000325
:10D90000EBFF00000000000000000000000000002D
:10D9100000000000000000000000000003EBFF001A
:10D9200000000000000000000000000000000000F7
:10D9300000000000000000000003EBFF00000000FA
:10D9400000000000000000000000000000000000D7
:10D9500000000000000003EBFF00000000000000DA
:10D9600000000000000000000000000000000000B7
:10D9700000000003EBFF00000000000000000000BA
:10D980000000000000000000000000000000000097
:10D9900003EBFF000000000000000000000000009A
:10D9A0000000000000000000000000000003EBFF8A
:10D9B0000000000000000000000000000000000067
:10D9C0000000000000000000000003EBFF00080062
:10D9D0000000000000000000000000000000000047
:10D9E00000000000000000A9A1FF000000000000EE
:10D9F0000000000000000000000000000000000027
:10DA00000000000003EBFF00100000000000000019
:10DA10000000000000000000000000000000000006
:10DA200000577EFF00000000000000000000000022
:10DA3000000000000000000000000000000003EBF8
:10DA4000FF000000000000000000000000000000D7
:10DA5000000000000000000000000003EBFF0000D9
:10DA600000000000000000000000000000000000B6
:10DA7000000000000000000003EBFF0000000000B9
:10DA80000000000000000000000000000000000096
:10DA9000000000000003EBFF000000000000000099
:10DAA0000000000000000000000000000000000076
:10DAB000000003EBFF000000000000000000000079
:10DAC0000000000000000000000000000000000353
:10DAD000EBFF00000000000000000000000000005C
:10DAE00000000000000000000000000003EBFF0049
:10DAF0000000000000000000000000000000000026
:10DB000000000000000000000003EBFF0000000028
:10DB10000000000000000000000000000000000005
:10DB200000000000000003EBFF0000000000000008
:10DB300000000000000000000000000000000000E5
:10DB400000000003EBFF00000000000000000000E8
:10DB500000000000000000000000000000000000C5
:10DB600003EBFF00000000000000000000000000C8
:10DB70000000000000000000000000000003EBFFB8
:10DB80000000000000000000000000000000000095
:10DB90000000000000000000000003EBFF00000098
:10DBA0000000000000000000000000000000000075
:10DBB0000000000000000003EBFF00000000000078
:10DBC0000000000000000000000000000000000055
:10DBD0000000000003EBFF00000000000000000058
:10DBE0000000000000000000000000000000000035
:10DBF0000003EBFF00000000000000000000000038
:10DC0000000000000000000000000000000003EB26
:10DC1000FF00000000000000000000000000000005
:10DC2000000000000000000000000003EBFF000007
:10DC300000000000000000000000000000000000E4
:10DC4000000000000000000003EBFF0000000000E7
:10DC500000000000000000000000000000000000C4
:10DC6000000000000003EBFF0000000000000000C7
:10DC700000000000000000000000000000000000A4
:10DC8000000003EBFF0000000000000000000000A7
:10DC90000000000000000000000000000000000381
:10DCA000EBFF00000000000000000000000000008A
:10DCB00000000000000000000000000003EBFF0077
:10DCC0000000000000000000000000000000000054
:10DCD00000000000000000000003EBFF0000000057
:10DCE0000000000000000000000000000000000034
:10DCF00000000000000003EBFF0000000000000037
:10DD00000000000000000000000000000000000013
:10DD100000000003EBFF0000000000000000000016
:10DD200000000000000000000000000000000000F3
:10DD300003EBFF00000000000000000000000000F6
:10DD40000000000000000000000000000003EBFFE6
:10DD500000000000000000000000000000000000C3
:10DD60000000000000000000000003EBFF000000C6
:10DD700000000000000000000000000000000000A3
:10DD80000000000000000003EBFF000000000000A6
:10DD90000000000000000000000000000000000083
:10DDA0000000000003EBFF00000000000000000086
:10DDB0000000000000000000000000000000000063
:10DDC0000003EBFF00000000000000000000000066
:10DDD000000000000000000000000000000003EB55
:10DDE000FF00000000000000000000000000000034
:10DDF000000000000000000000000003EBFF000036
:10DE00000000000000000000000000000000000012
:10DE1000000000000000000003EBFF000000000015
:10DE200000000000000000000000000000000000F2
:10DE3000000000000003EBFF0000000000000000F5
:10DE400000000000000000000000000000000000D2
:10DE5000000003EBFF0000000000000000000000D5
:10DE600000000000000000000000000000000003AF
:10DE7000EBFF0000000000000000000000000000B8
:10DE800000000000000000000000000003EBFF00A5
:10DE90000000000000000000000000000000000082
:10DEA00000000000000000000003EBFF0000000085
:10DEB0000000000000000000000000000000000062
:10DEC00000000000000003EBFF0000000000000065
:10DED0000000000000000000000000000000000042
:10DEE00000000003EBFF0000000000000000000045
:10DEF0000000000000000000000000000000000022
:10DF000003EBFF0000000000000000000000000024
:10DF10000000000000000000000000000003EBFF14
:10DF200000000000000000000000000000000000F1
:10DF30000000000000000000000003EBFF000000F4
:10DF400000000000000000000000000000000000D1
:10DF50000000000000000003EBFF000000000000D4
:10DF600000000000000000000000000000000000B1
:10DF70000000000003EBFF000000000000000000B4
:10DF80000000000000000000000000000000000091
:10DF90000003EBFF00000000000000000000000094
:10DFA000000000000000000000000000000003EB83
:10DFB000FF00000000000000000000000000000062
:10DFC000000000000000000000000003EBFF000064
:10DFD0000000000000000000000000000000000041
:10DFE000000000000000000003EBFF000000000044
:10DFF0000000000000000000000000000000000021
:10E00000000000000003EBFF000000000000000023
:10E010000000000000000000000000000000000000
:10E02000000003EBFF000000000000000000000003
:10E0300000000000000000000000000000000003DD
:10E04000EBFF0000000000000000000000000000E6
:10E0500000000000000000000000000003EBFF00D3
:10E0600000000000000000000000000000000000B0
:10E0700000000000000000000003EBFF00000000B3
:10E080000000000000000000000000000000000090
:10E0900000000000000003EBFF0000000000000093
:10E0A0000000000000000000000000000000000070
:10E0B00000000003EBFF0000000000000000000073
:10E0C0000000000000000000000000000000000050
:10E0D00003EBFF0000000000000000000000000053
:10E0E0000000000000000000000000000003EBFF43
:10E0F0000000000000000000000000000000000020
:10E100000000000000000000000003EBFF00000022
:10E1100000000000000000000000000000000000FF
:10E120000000000000000003EBFF00000000000002
:10E1300000000000000000000000000000000000DF
:10E140000000000003EBFF000000000000000000E2
:10E1500000000000000000000000000000000000BF
:10E160000003EBFF000000000000000000000000C2
:10E17000000000000000000000000000000003EBB1
:10E18000FF00000000000000000000000000000090
:10E19000000000000000000000000003EBFF000092
:10E1A000000000000000000000000000000000006F
:10E1B000000000000000000003EBFF000000000072
:10E1C000000000000000000000000000000000004F
:10E1D000000000000003EBFF000000000000000052
:10E1E000000000000000000000000000000000002F
:10E1F000000003EBFF000000000000000000000032
:10E20000000000000000000000000000000000030B
:10E21000EBFF000000000000000000000000000014
:10E2200000000000000000000000000003EBFF0001
:10E2300000000000000000000000000000000000DE
:10E2400000000000000000000003EBFF00000000E1
:10E2500000000000000000000000000000000000BE
:10E2600000000000000003EBFF00000000000000C1
:10E27000000000000000000000000000000000009E
:10E2800000000003EBFF00000000000000000000A1
:10E29000000000000000000000000000000000007E
:10E2A00003EBFF0000000000000000000000000081
:10E2B0000000000000000000000000000003EBFF71
:10E2C000000000000000000000000000000000004E
:10E2D0000000000000000000000003EBFF00000051
:10E2E000000000000000000000000000000000002E
:10E2F0000000000000000003EBFF00000000000031
:10E30000000000000000000000000000000000000D
:10E310000000000003EBFF00000000000000000010
:10E3200000000000000000000000000000000000ED
:10E330000003EBFF000000000000000000000000F0
:10E34000000000000000000000000000000003EBDF
:10E35000FF000000000000000000000000000000BE
:10E36000000000000000000000000003EBFF0000C0
:10E37000000000000000000000000000000000009D
:10E38000000000000000000003EBFF0000000000A0
:10E39000000000000000000000000000000000007D
:10E3A000000000000003EBFF000000000000000080
:10E3B000000000000000000000000000000000005D
:10E3C000000003EBFF000000000000000000000060
:10E3D000000000000000000000000000000000033A
:10E3E000EBFF000000000000000000000000000043
:10E3F00000000000000000000000000003EBFF0030
:10E40000000000000000000000000000000000000C
:10E4100000000000000000000003EBFF000000000F
:10E4200000000000000000000000000000000000EC
:10E4300000000000000003EBFF00000000000000EF
:10E4400000000000000000000000000000000000CC
:10E4500000000003EBFF00000000000000000000CF
:10E4600000000000000000000000000000000000AC
:10E4700003EBFF00000000000000000000000000AF
:10E480000000000000000000000000000003EBFF9F
:10E49000000000000000000000000000000000007C
:10E4A0000000000000000000000003EBFF0000007F
:10E4B000000000000000000000000000000000005C
:10E4C0000000000000000003EBFF0000000000005F
:10E4D000000000000000000000000000000000003C
:10E4E0000000000003EBFF0000000000000000003F
:10E4F000000000000000000000000000000000001C
:10E500000003EBFF0000000000000000000000001E
:10E51000000000000000000000000000000003EB0D
:10E52000FF000000000000000000000000000000EC
:10E53000000000000000000000000003EBFF0000EE
:10E5400000000000000000000000000000000000CB
:10E55000000000000000000003EBFF0000000000CE
:10E5600000000000000000000000000000000000AB
:10E57000000000000003EBFF0000000000000000AE
:10E58000000000000000000000000000000000008B
:10E59000000003EBFF00000000000000000000008E
:10E5A0000000000000000000000000000000000368
:10E5B000EBFF000000000000000000000000000071
:10E5C00000000000000000000000000003EBFF005E
:10E5D000000000000000000000000000000000003B
:10E5E00000000000000000000003EBFF000000003E
:10E5F000000000000000000000000000000000001B
:10E6000000000000000003EBFF000000000000001D
:10E6100000000000000000000000000000000000FA
:10E6200000000003EBFF00000000000000000000FD
:10E6300000000000000000000000000000000000DA
:10E6400003EBFF00000000000000000000000000DD
:10E650000000000000000000000000000003EBFFCD
:10E6600000000000000000000000000000000000AA
:10E670000000000000000000000003EBFF000000AD
:10E68000000000000000000000000000000000008A
:10E690000000000000000003EBFF0000000000008D
:10E6A000000000000000000000000000000000006A
:10E6B0000000000003EBFF0000000000000000006D
:10E6C000000000000000000000000000000000004A
:10E6D0000003EBFF0000000000000000000000004D
:10E6E000000000000000000000000000000003EB3C
:10E6F000FF0000000000000000000000000000001B
:10E70000000000000000000000000003EBFF00001C
:10E7100000000000000000000000000000000000F9
:10E72000000000000000000003EBFF0000000000FC
:10E7300000000000000000000000000000000000D9
:10E74000000000000003EBFF0000000000000000DC
:10E7500000000000000000000000000000000000B9
:10E76000000003EBFF0000000000000000000000BC
:10E770000000000000000000000000000000000396
:10E78000EBFF00000000000000000000000000009F
:10E7900000000000000000000000000003EBFF008C
:10E7A0000000000000000000000000000000000069
:10E7B00000000000000000000003EBFF000000006C
:10E7C0000000000000000000000000000000000049
:10E7D00000000000000003EBFF000000000000004C
:10E7E0000000000000000000000000000000000029
:10E7F00000000003EBFF000000000000000000002C
:10E800000000000000000000000000000000000008
:10E8100003EBFF000000000000000000000000000B
:10E820000000000000000000000000000003EBFFFB
:10E8300000000000000000000000000000000000D8
:10E840000000000000000000000003EBFF000000DB
:10E8500000000000000000000000000000000000B8
:10E860000000000000000003EBFF000000000000BB
:10E870000000000000000000000000000000000098
:10E880000000000003EBFF0000000000000000009B
:10E890000000000000000000000000000000000078
:10E8A0000003EBFF0000000000000000000000007B
:10E8B000000000000000000000000000000003EB6A
:10E8C000FF00000000000000000000000000000049
:10E8D000000000000000000000000003EBFF00004B
:10E8E0000000000000000000000000000000000028
:10E8F000000000000000000003EBFF00000000002B
:10E900000000000000000000000000000000000007
:10E91000000000000003EBFF00000000000000000A
:10E9200000000000000000000000000000000000E7
:10E93000000003EBFF0000000000000000000000EA
:10E9400000000000000000000000000000000003C4
:10E95000EBFF0000000000000000000000000000CD
:10E9600000000000000000000000000003EBFF00BA
:10E970000000000000000000000000000000000097
:10E9800000000000000000000003EBFF000000009A
:10E990000000000000000000000000000000000077
:10E9A00000000000000003EBFF000000000000007A
:10E9B0000000000000000000000000000000000057
:10E9C00000000003EBFF000000000000000000005A
:10E9D0000000000000000000000000000000000037
:10E9E00003EBFF000000000000000000000000003A
:10E9F0000000000000000000000000000003EBFF2A
:10EA00000000000000000000000000000000000006
:10EA10000000000000000000000003EBFF00000009
:10EA200000000000000000000000000000000000E6
:10EA30000000000000000003EBFF000000000000E9
:10EA400000000000000000000000000000000000C6
:10EA50000000000003EBFF000000000000000000C9
:10EA600000000000000000000000000000000000A6
:10EA70000003EBFF000000000000000000000000A9
:10EA8000000000000000000000000000000003EB98
:10EA9000FF00000000000000000000000000000077
:10EAA000000000000000000000000003EBFF000079
:10EAB0000000000000000000000000000000000056
:10EAC000000000000000000003EBFF000000000059
:10EAD0000000000000000000000000000000000036
:10EAE000000000000003EBFF000000000000000039
:10EAF0000000000000000000000000000000000016
:10EB0000000003EBFF000000000000000000000018
:10EB100000000000000000000000000000000003F2
:10EB2000EBFF0000000000000000000000000000FB
:10EB300000000000000000000000000003EBFF00E8
:10EB400000000000000000000000000000000000C5
:10EB500000000000000000000003EBFF00000000C8
:10EB600000000000000000000000000000000000A5
:10EB700000000000000003EBFF00000000000000A8
:10EB80000000000000000000000000000000000085
:10EB900000000003EBFF0000000000000000000088
:10EBA0000000000000000000000000000000000065
:10EBB00003EBFF0000000000000000000000000068
:10EBC0000000000000000000000000000003EBFF58
:10EBD0000000000000000000000000000000000035
:10EBE0000000000000000000000003EBFF00000038
:10EBF0000000000000000000000000000000000015
:10EC00000000000000000003EBFF00000000000017
:10EC100000000000000000000000000000000000F4
:10EC20000000000003EBFF000000000000000000F7
:10EC300000000000000000000000000000000000D4
:10EC40000003EBFF000000000000000000000000D7
:10EC5000000000000000000000000000000003EBC6
:10EC6000FF000000000000000000000000000000A5
:10EC7000000000000000000000000003EBFF0000A7
:10EC80000000000000000000000000000000000084
:10EC9000000000000000000003EBFF000000000087
:10ECA0000000000000000000000000000000000064
:10ECB000000000000003EBFF000000000000000067
:10ECC0000000000000000000000000000000000044
:10ECD000000003EBFF000000000000000000000047
:10ECE0000000000000000000000000000000000321
:10ECF000EBFF00000000000000000000000000002A
:10ED000000000000000000000000000003EBFF0016
:10ED100000000000000000000000000000000000F3
:10ED200000000000000000000003EBFF00000000F6
:10ED300000000000000000000000000000000000D3
:10ED400000000000000003EBFF00000000000000D6
:10ED500000000000000000000000000000000000B3
:10ED600000000003EBFF00000000000000000000B6
:10ED70000000000000000000000000000000000093
:10ED800003EBFF0000000000000000000000000096
:10ED90000000000000000000000000000003EBFF86
:10EDA0000000000000000000000000000000000063
:10EDB0000000000000000000000003EBFF00000066
:10EDC0000000000000000000000000000000000043
:10EDD0000000000000000003EBFF00000000000046
:10EDE0000000000000000000000000000000000023
:10EDF0000000000003EBFF00000000000000000026
:10EE00000000000000000000000000000000000002
:10EE10000003EBFF00000000000000000000000005
:10EE2000000000000000000000000000000003EBF4
:10EE3000FF000000000000000000000000000000D3
:10EE4000000000000000000000000003EBFF0000D5
:10EE500000000000000000000000000000000000B2
:10EE6000000000000000000003EBFF0000000000B5
:10EE70000000000000000000000000000000000092
:10EE8000000000000003EBFF000000000000000095
:10EE90000000000000000000000000000000000072
:10EEA000000003EBFF000000000000000000000075
:10EEB000000000000000000000000000000000034F
:10EEC000EBFF000000000000000000000000000058
:10EED00000000000000000000000000003EBFF0045
:10EEE0000000000000000000000000000000000022
:10EEF00000000000000000000003EBFF0000000025
:10EF00000000000000000000000000000000000001
:10EF100000000000000003EBFF0000000000000004
:10EF200000000000000000000000000000000000E1
:10EF300000000003EBFF00000000000000000000E4
:10EF400000000000000000000000000000000000C1
:10EF500003EBFF00000000000000000000000000C4
:10EF60000000000000000000000000000003EBFFB4
:10EF70000000000000000000000000000000000091
:10EF80000000000000000000000003EBFF00000094
:10EF90000000000000000000000000000000000071
:10EFA0000000000000000003EBFF00000000000074
:10EFB0000000000000000000000000000000000051
:10EFC0000000000003EBFF00000000000000000054
:10EFD0000000000000000000000000000000000031
:10EFE0000003EBFF00000000000000000000000034
:10EFF000000000000000000000000000000003EB23
:10F00000FF00000000000000000000000000000001
:10F01000000000000000000000000003EBFF000003
:10F0200000000000000000000000000000000000E0
:10F03000000000000000000003EBFF0000000000E3
:10F0400000000000000000000000000000000000C0
:10F05000000000000003EBFF0000000000000000C3
:10F0600000000000000000000000000000000000A0
:10F07000000003EBFF0000000000000000000000A3
:10F08000000000000000000000000000000000037D
:10F09000EBFF000000000000000000000000000086
:10F0A00000000000000000000000000003EBFF0073
:10F0B0000000000000000000000000000000000050
:10F0C00000000000000000000003EBFF0000000053
:10F0D0000000000000000000000000000000000030
:10F0E00000000000000003EBFF0000000000000033
:10F0F0000000000000000000000000000000000010
:10F1000000000003EBFF0000000000000000000012
:10F1100000000000000000000000000000000000EF
:10F1200003EBFF00000000000000000000000000F2
:10F130000000000000000000000000000003EBFFE2
:10F1400000000000000000000000000000000000BF
:10F150000000000000000000000003EBFF000000C2
:10F16000000000000000000000000000000000009F
:10F170000000000000000003EBFF000000000000A2
:10F18000000000000000000000000000000000007F
:10F190000000000003EBFF00000000000000000082
:10F1A000000000000000000000000000000000005F
:10F1B0000003EBFF00000000000000000000000062
:10F1C000000000000000000000000000000003EB51
:10F1D000FF00000000000000000000000000000030
:10F1E000000000000000000000000003EBFF000032
:10F1F000000000000000000000000000000000000F
:10F20000000000000000000003EBFF000000000011
:10F2100000000000000000000000000000000000EE
:10F22000000000000003EBFF0000000000000000F1
:10F2300000000000000000000000000000000000CE
:10F24000000003EBFF0000000000000000000000D1
:10F2500000000000000000000000000000000003AB
:10F26000EBFF0000000000000000000000000000B4
:10F2700000000000000000000000000003EBFF00A1
:10F28000000000000000000000000000000000007E
:10F2900000000000000000000003EBFF0000000081
:10F2A000000000000000000000000000000000005E
:10F2B00000000000000003EBFF0000000000000061
:10F2C000000000000000000000000000000000003E
:10F2D00000000003EBFF0000000000000000000041
:10F2E000000000000000000000000000000000001E
:10F2F00003EBFF0000000000000000000000000021
:10F300000000000000000000000000000003EBFF10
:10F3100000000000000000000000000000000000ED
:10F320000000000000000000000003EBFF000000F0
:10F3300000000000000000000000000000000000CD
:10F340000000000000000003EBFF000000000000D0
:10F3500000000000000000000000000000000000AD
:10F360000000000003EBFF000000000000000000B0
:10F37000000000000000000000000000000000008D
:10F380000003EBFF00000000000000000000000090
:10F39000000000000000000000000000000003EB7F
:10F3A000FF0000000000000000000000000000005E
:10F3B000000000000000000000000003EBFF000060
:10F3C000000000000000000000000000000000003D
:10F3D000000000000000000003EBFF000000000040
:10F3E000000000000000000000000000000000001D
:10F3F000000000000003EBFF000000000000000020
:10F4000000000000000000000000000000000000FC
:10F41000000003EBFF0000000000000000000000FF
:10F4200000000000000000000000000000000003D9
:10F43000EBFF0000000000000000000000000000E2
:10F4400000000000000000000000000003EBFF00CF
:10F4500000000000000000000000000000000000AC
:10F4600000000000000000000003EBFF00000000AF
:10F47000000000000000000000000000000000008C
:10F4800000000000000003EBFF000000000000008F
:10F49000000000000000000000000000000000006C
:10F4A00000000003EBFF000000000000000000006F
:10F4B000000000000000000000000000000000004C
:10F4C00003EBFF000000000000000000000000004F
:10F4D0000000000000000000000000000003EBFF3F
:10F4E000000000000000000000000000000000001C
:10F4F0000000000000000000000003EBFF0000001F
:10F5000000000000000000000000000000000000FB
:10F510000000000000000003EBFF000000000000FE
:10F5200000000000000000000000000000000000DB
:10F530000000000003EBFF000000000000000000DE
:10F5400000000000000000000000000000000000BB
:10F550000003EBFF000000000000000000000000BE
:10F56000000000000000000000000000000003EBAD
:10F57000FF0000000000000000000000000000008C
:10F58000000000000000000000000003EBFF00008E
:10F59000000000000000000000000000000000006B
:10F5A000000000000000000003EBFF00000000006E
:10F5B000000000000000000000000000000000004B
:10F5C000000000000003EBFF00000000000000004E
:10F5D000000000000000000000000000000000002B
:10F5E000000003EBFF00000000000000000000002E
:10F5F0000000000000000000000000000000000308
:10F60000EBFF000000000000000000000000000010
:10F6100000000000000000000000000003EBFF00FD
:10F6200000000000000000000000000000000000DA
:10F6300000000000000000000003EBFF00000000DD
:10F6400000000000000000000000000000000000BA
:10F6500000000000000003EBFF00000000000000BD
:10F66000000000000000000000000000000000009A
:10F6700000000003EBFF000000000000000000009D
:10F68000000000000000000000000000000000007A
:10F6900003EBFF000000000000000000000000007D
:10F6A0000000000000000000000000000003EBFF6D
:10F6B000000000000000000000000000000000004A
:10F6C0000000000000000000000003EBFF0000004D
:10F6D000000000000000000000000000000000002A
:10F6E0000000000000000003EBFF0000000000002D
:10F6F000000000000000000000000000000000000A
:10F700000000000003EBFF0000000000000000000C
:10F7100000000000000000000000000000000000E9
:10F720000003EBFF000000000000000000000000EC
:10F73000000000000000000000000000000003EBDB
:10F74000FF000000000000000000000000000000BA
:10F75000000000000000000000000003EBFF0000BC
:10F760000000000000000000000000000000000099
:10F77000000000000000000003EBFF00000000009C
:10F780000000000000000000000000000000000079
:10F79000000000000003EBFF00000000000000007C
:10F7A0000000000000000000000000000000000059
:10F7B000000003EBFF00000000000000000000005C
:10F7C0000000000000000000000000000000000336
:10F7D000EBFF00000000000000000000000000003F
:10F7E00000000000000000000000000003EBFF002C
:10F7F0000000000000000000000000000000000009
:10F8000000000000000000000003EBFF000000000B
:10F8100000000000000000000000000000000000E8
:10F8200000000000000003EBFF00000000000000EB
:10F8300000000000000000000000000000000000C8
:10F8400000000003EBFF00000000000000000000CB
:10F8500000000000000000000000000000000000A8
:10F8600003EBFF00000000000000000000000000AB
:10F870000000000000000000000000000003EBFF9B
:10F880000000000000000000000000000000000078
:10F890000000000000000000000003EBFF0000007B
:10F8A0000000000000000000000000000000000058
:10F8B0000000000000000003EBFF0000000000005B
:10F8C0000000000000000000000000000000000038
:10F8D0000000000003EBFF0000000000000000003B
:10F8E0000000000000000000000000000000000018
:10F8F0000003EBFF0000000000000000000000001B
:10F90000000000000000000000000000000003EB09
:10F91000FF000000000000000000000000000000E8
:10F92000000000000000000000000003EBFF0000EA
:10F9300000000000000000000000000000000000C7
:10F94000000000000000000003EBFF0000000000CA
:10F9500000000000000000000000000000000000A7
:10F96000000000000003EBFF0000000000000000AA
:10F970000000000000000000000000000000000087
:10F98000000003EBFF00000000000000000000008A
:10F990000000000000000000000000000000000364
:10F9A000EBFF00000000000000000000000000006D
:10F9B00000000000000000000000000003EBFF005A
:10F9C0000000000000000000000000000000000037
:10F9D00000000000000000000003EBFF000000003A
:10F9E0000000000000000000000000000000000017
:10F9F00000000000000003EBFF000000000000001A
:10FA000000000000000000000000000000000000F6
:10FA100000000003EBFF00000000000000000000F9
:10FA200000000000000000000000000000000000D6
:10FA300003EBFF00000000000000000000000000D9
:10FA40000000000000000000000000000003EBFFC9
:10FA500000000000000000000000000000000000A6
:10FA60000000000000000000000003EBFF000000A9
:10FA70000000000000000000000000000000000086
:10FA80000000000000000003EBFF00000000000089
:10FA90000000000000000000000000000000000066
:10FAA0000000000003EBFF00000000000000000069
:10FAB0000000000000000000000000000000000046
:10FAC0000003EBFF00000000000000000000000049
:10FAD000000000000000000000000000000003EB38
:10FAE000FF00000000000000000000000000000017
:10FAF000000000000000000000000003EBFF000019
:10FB000000000000000000000000000000000000F5
:10FB1000000000000000000003EBFF0000000000F8
:10FB200000000000000000000000000000000000D5
:10FB3000000000000003EBFF0000000000000000D8
:10FB400000000000000000000000000000000000B5
:10FB5000000003EBFF0000000000000000000000B8
:10FB60000000000000000000000000000000000392
:10FB7000EBFF00000000000000000000000000009B
:10FB800000000000000000000000000003EBFF0088
:10FB90000000000000000000000000000000000065
:10FBA00000000000000000000003EBFF0000000068
:10FBB0000000000000000000000000000000000045
:10FBC00000000000000003EBFF0000000000000048
:10FBD0000000000000000000000000000000000025
:10FBE00000000003EBFF0000000000000000000028
:10FBF0000000000000000000000000000000000005
:10FC000003EBFF0000000000000000000000000007
:10FC10000000000000000000000000000003EBFFF7
:10FC200000000000000000000000000000000000D4
:10FC30000000000000000000000003EBFF000000D7
:10FC400000000000000000000000000000000000B4
:10FC50000000000000000003EBFF000000000000B7
:10FC60000000000000000000000000000000000094
:10FC70000000000003EBFF00000000000000000097
:10FC80000000000000000000000000000000000074
:10FC90000003EBFF00000000000000000000000077
:10FCA000000000000000000000000000000003EB66
:10FCB000FF00000000000000000000000000000045
:10FCC000000000000000000000000003EBFF000047
:10FCD0000000000000000000000000000000000024
:10FCE000000000000000000003EBFF000000000027
:10FCF0000000000000000000000000000000000004
:10FD0000000000000003EBFF000000000000000006
:10FD100000000000000000000000000000000000E3
:10FD2000000003EBFF0000000000000000000000E6
:10FD300000000000000000000000000000000003C0
:10FD4000EBFF0000000000000000000000000000C9
:10FD500000000000000000000000000003EBFF00B6
:10FD60000000000000000000000000000000000093
:10FD700000000000000000000003EBFF0000000096
:10FD80000000000000000000000000000000000073
:10FD900000000000000003EBFF0000000000000076
:10FDA0000000000000000000000000000000000053
:10FDB00000000003EBFF0000000000000000000056
:10FDC0000000000000000000000000000000000033
:10FDD00003EBFF0000000000000000000000000036
:10FDE0000000000000000000000000000003EBFF26
:10FDF0000000000000000000000000000000000003
:10FE00000000000000000000000003EBFF00000005
:10FE100000000000000000000000000000000000E2
:10FE20000000000000000003EBFF000000000000E5
:10FE300000000000000000000000000000000000C2
:10FE40000000000003EBFF000000000000000000C5
:10FE500000000000000000000000000000000000A2
:10FE60000003EBFF000000000000000000000000A5
:10FE7000000000000000000000000000000003EB94
:10FE8000FF00000000000000000000000000000073
:10FE9000000000000000000000000003EBFF000075
:10FEA0000000000000000000000000000000000052
:10FEB000000000000000000003EBFF000000000055
:10FEC0000000000000000000000000000000000032
:10FED000000000000003EBFF000000000000000035
:10FEE0000000000000000000000000000000000012
:10FEF000000003EBFF000000000000000000000015
:10FF000000000000000000000000000000000003EE
:10FF1000EBFF0000000000000000000000000000F7
:10FF200000000000000000000000000003EBFF00E4
:10FF300000000000000000000000000000000000C1
:10FF400000000000000000000003EBFF00000000C4
:10FF500000000000000000000000000000000000A1
:10FF600000000000000003EBFF00000000000000A4
:10FF70000000000000000000000000000000000081
:10FF800000000003EBFF0000000000000000000084
:10FF90000000000000000000000000000000000061
:10FFA00003EBFF0000000000000000000000000064
:10FFB0000000000000000000000000000003EBFF54
:10FFC0000000000000000000000000000000000031
:10FFD0000000000000000000000003EBFF00000034
:10FFE0000000000000000000000000000000000011
:10FFF0000000000000000003EBFF00000000000014
:020000040001F9
:1000000000000000000000000000000000000000F0
:100010000000000003EBFF000000000000000000F3
:1000200000000000000000000000000000000000D0
:100030000003EBFF000000000000000000000000D3
:10004000000000000000000000000000000003EBC2
:10005000FF000000000000000000000000000000A1
:10006000000000000000000000000003EBFF0000A3
:100070000000000000000000000000000000000080
:10008000000000000000000003EBFF000000000083
:100090000000000000000000000000000000000060
:1000A000000000000003EBFF000000000000000063
:1000B0000000000000000000000000000000000040
:1000C000000003EBFF000000000000000000000043
:1000D000000000000000000000000000000000031D
:1000E000EBFF000000000000000000000000000026
:1000F00000000000000000000000000003EBFF0013
:1001000000000000000000000000000000000000EF
:1001100000000000000000000003EBFF00000000F2
:1001200000000000000000000000000000000000CF
:1001300000000000000003EBFF00000000000000D2
:1001400000000000000000000000000000000000AF
:1001500000000003EBFF00000000000000000000B2
:10016000000000000000000000000000000000008F
:1001700003EBFF0000000000000000000000000092
:100180000000000000000000000000000003EBFF82
:10019000000000000000000000000000000000005F
:1001A0000000000000000000000003EBFF00000062
:1001B000000000000000000000000000000000003F
:1001C0000000000000000003EBFF00000000000042
:1001D000000000000000000000000000000000001F
:1001E0000000000003EBFF00000000000000000022
:1001F00000000000000000000000000000000000FF
:100200000003EBFF00000000000000000000000001
:10021000000000000000000000000000000003EBF0
:10022000FF000000000000000000000000000000CF
:10023000000000000000000000000003EBFF0000D1
:1002400000000000000000000000000000000000AE
:10025000000000000000000003EBFF0000000000B1
:10026000000000000000000000000000000000008E
:10027000000000000003EBFF000000000000000091
:10028000000000000000000000000000000000006E
:10029000000003EBFF000000000000000000000071
:1002A000000000000000000000000000000000034B
:1002B000EBFF000000000000000000000000000054
:1002C00000000000000000000000000003EBFF0041
:1002D000000000000000000000000000000000001E
:1002E00000000000000000000003EBFF0000000021
:1002F00000000000000000000000000000000000FE
:1003000000000000000003EBFF0000000000000000
:1003100000000000000000000000000000000000DD
:1003200000000003EBFF00000000000000000000E0
:1003300000000000000000000000000000000000BD
:1003400003EBFF00000000000000000000000000C0
:100350000000000000000000000000000003EBFFB0
:10036000000000000000000000000000000000008D
:100370000000000000000000000003EBFF00000090
:10038000000000000000000000000000000000006D
:100390000000000000000003EBFF00000000000070
:1003A000000000000000000000000000000000004D
:1003B0000000000003EBFF00000000000000000050
:1003C000000000000000000000000000000000002D
:1003D0000003EBFF00000000000000000000000030
:1003E000000000000000000000000000000003EB1F
:1003F000FF000000000000000000000000000000FE
:10040000000000000000000000000003EBFF0000FF
:1004100000000000000000000000000000000000DC
:10042000000000000000000003EBFF0000000000DF
:1004300000000000000000000000000000000000BC
:10044000000000000003EBFF0000000000000000BF
:10045000000000000000000000000000000000009C
:10046000000003EBFF00000000000000000000009F
:100470000000000000000000000000000000000379
:10048000EBFF000000000000000000000000000082
:1004900000000000000000000000000003EBFF006F
:1004A000000000000000000000000000000000004C
:1004B00000000000000000000003EBFF000000004F
:1004C000000000000000000000000000000000002C
:1004D00000000000000003EBFF000000000000002F
:1004E000000000000000000000000000000000000C
:1004F00000000003EBFF000000000000000000000F
:1005000000000000000000000000000000000000EB
:1005100003EBFF00000000000000000000000000EE
:100520000000000000000000000000000003EBFFDE
:1005300000000000000000000000000000000000BB
:100540000000000000000000000003EBFF000000BE
:10055000000000000000000000000000000000009B
:100560000000000000000003EBFF0000000000009E
:10057000000000000000000000000000000000007B
:100580000000000003EBFF0000000000000000007E
:10059000000000000000000000000000000000005B
:1005A0000003EBFF0000000000000000000000005E
:1005B000000000000000000000000000000003EB4D
:1005C000FF0000000000000000000000000000002C
:1005D000000000000000000000000003EBFF00002E
:1005E000000000000000000000000000000000000B
:1005F000000000000000000003EBFF00000000000E
:1006000000000000000000000000000000000000EA
:10061000000000000003EBFF0000000000000000ED
:1006200000000000000000000000000000000000CA
:10063000000003EBFF0000000000000000000000CD
:1006400000000000000000000000000000000003A7
:10065000EBFF0000000000000000000000000000B0
:1006600000000000000000000000000003EBFF009D
:10067000000000000000000000000000000000007A
:1006800000000000000000000003EBFF000000007D
:10069000000000000000000000000000000000005A
:1006A00000000000000003EBFF000000000000005D
:1006B000000000000000000000000000000000003A
:1006C00000000003EBFF000000000000000000003D
:1006D000000000000000000000000000000000001A
:1006E00003EBFF000000000000000000000000001D
:1006F0000000000000000000000000000003EBFF0D
:1007000000000000000000000000000000000000E9
:100710000000000000000000000003EBFF000000EC
:1007200000000000000000000000000000000000C9
:100730000000000000000003EBFF000000000000CC
:1007400000000000000000000000000000000000A9
:100750000000000003EBFF000000000000000000AC
:100760000000000000000000000000000000000089
:100770000003EBFF0000000000000000000000008C
:10078000000000000000000000000000000003EB7B
:10079000FF0000000000000000000000000000005A
:1007A000000000000000000000000003EBFF00005C
:1007B0000000000000000000000000000000000039
:1007C000000000000000000003EBFF00000000003C
:1007D0000000000000000000000000000000000019
:1007E000000000000003EBFF00000000000000001C
:1007F00000000000000000000000000000000000F9
:10080000000003EBFF0000000000000000000000FB
:1008100000000000000000000000000000000003D5
:10082000EBFF0000000000000000000000000000DE
:1008300000000000000000000000000003EBFF00CB
:1008400000000000000000000000000000000000A8
:1008500000000000000000000003EBFF00000000AB
:100860000000000000000000000000000000000088
:1008700000000000000003EBFF000000000000008B
:100880000000000000000000000000000000000068
:1008900000000003EBFF000000000000000000006B
:1008A0000000000000000000000000000000000048
:1008B00003EBFF000000000000000000000000004B
:1008C0000000000000000000000000000003EBFF3B
:1008D0000000000000000000000000000000000018
:1008E0000000000000000000000003EBFF0000001B
:1008F00000000000000000000000000000000000F8
:100900000000000000000003EBFF000000000000FA
:1009100000000000000000000000000000000000D7
:100920000000000003EBFF000000000000000000DA
:1009300000000000000000000000000000000000B7
:100940000003EBFF000000000000000000000000BA
:10095000000000000000000000000000000003EBA9
:10096000FF00000000000000000000000000000088
:10097000000000000000000000000003EBFF00008A
:100980000000000000000000000000000000000067
:10099000000000000000000003EBFF00000000006A
:1009A0000000000000000000000000000000000047
:1009B000000000000003EBFF00000000000000004A
:1009C0000000000000000000000000000000000027
:1009D000000003EBFF00000000000000000000002A
:1009E0000000000000000000000000000000000304
:1009F000EBFF00000000000000000000000000000D
:100A000000000000000000000000000003EBFF00F9
:100A100000000000000000000000000000000000D6
:100A200000000000000000000003EBFF00000000D9
:100A300000000000000000000000000000000000B6
:100A400000000000000003EBFF00000000000000B9
:100A50000000000000000000000000000000000096
:100A600000000003EBFF0000000000000000000099
:100A70000000000000000000000000000000000076
:100A800003EBFF0000000000000000000000000079
:100A90000000000000000000000000000003EBFF69
:100AA0000000000000000000000000000000000046
:100AB0000000000000000000000003EBFF00000049
:100AC0000000000000000000000000000000000026
:100AD0000000000000000003EBFF00000000000029
:100AE0000000000000000000000000000000000006
:100AF0000000000003EBFF00000000000000000009
:100B000000000000000000000000000000000000E5
:100B10000003EBFF000000000000000000000000E8
:100B2000000000000000000000000000000003EBD7
:100B3000FF000000000000000000000000000000B6
:100B4000000000000000000000000003EBFF0000B8
:100B50000000000000000000000000000000000095
:100B6000000000000000000003EBFF000000000098
:100B70000000000000000000000000000000000075
:100B8000000000000003EBFF000000000000000078
:100B90000000000000000000000000000000000055
:100BA000000003EBFF000000000000000000000058
:100BB0000000000000000000000000000000000332
:100BC000EBFF00000000000000000000000000003B
:100BD00000000000000000000000000003EBFF0028
:100BE0000000000000000000000000000000000005
:100BF00000000000000000000003EBFF0000000008
:100C000000000000000000000000000000000000E4
:100C100000000000000003EBFF00000000000000E7
:100C200000000000000000000000000000000000C4
:100C300000000003EBFF00000000000000000000C7
:100C400000000000000000000000000000000000A4
:100C500003EBFF00000000000000000000000000A7
:100C60000000000000000000000000000003EBFF97
:100C70000000000000000000000000000000000074
:100C80000000000000000000000003EBFF00000077
:100C90000000000000000000000000000000000054
:100CA0000000000000000003EBFF00000000000057
:100CB0000000000000000000000000000000000034
:100CC0000000000003EBFF00000000000000000037
:100CD0000000000000000000000000000000000014
:100CE0000003EBFF00000000000000000000000017
:100CF000000000000000000000000000000003EB06
:100D0000FF000000000000000000000000000000E4
:100D1000000000000000000000000003EBFF0000E6
:100D200000000000000000000000000000000000C3
:100D3000000000000000000003EBFF0000000000C6
:100D400000000000000000000000000000000000A3
:100D5000000000000003EBFF0000000000000000A6
:100D60000000000000000000000000000000000083
:100D7000000003EBFF000000000000000000000086
:100D80000000000000000000000000000000000360
:100D9000EBFF000000000000000000000000000069
:100DA00000000000000000000000000003EBFF0056
:100DB0000000000000000000000000000000000033
:100DC00000000000000000000003EBFF0000000036
:100DD0000000000000000000000000000000000013
:100DE00000000000000003EBFF0000000000000016
:100DF00000000000000000000000000000000000F3
:100E000000000003EBFF00000000000000000000F5
:100E100000000000000000000000000000000000D2
:100E200003EBFF00000000000000000000000000D5
:100E30000000000000000000000000000003EBFFC5
:100E400000000000000000000000000000000000A2
:100E50000000000000000000000003EBFF000000A5
:100E60000000000000000000000000000000000082
:100E70000000000000000003EBFF00000000000085
:100E80000000000000000000000000000000000062
:100E90000000000003EBFF00000000000000000065
:100EA0000000000000000000000000000000000042
:100EB0000003EBFF00000000000000000000000045
:100EC000000000000000000000000000000003EB34
:100ED000FF00000000000000000000000000000013
:100EE000000000000000000000000003EBFF000015
:100EF00000000000000000000000000000000000F2
:100F0000000000000000000003EBFF0000000000F4
:100F100000000000000000000000000000000000D1
:100F2000000000000003EBFF0000000000000000D4
:100F300000000000000000000000000000000000B1
:100F4000000003EBFF0000000000000000000000B4
:100F5000000000000000000000000000000000038E
:100F6000EBFF000000000000000000000000000097
:100F700000000000000000000000000003EBFF0084
:100F80000000000000000000000000000000000061
:100F900000000000000000000003EBFF0000000064
:100FA0000000000000000000000000000000000041
:100FB00000000000000003EBFF0000000000000044
:100FC0000000000000000000000000000000000021
:100FD00000000003EBFF0000000000000000000024
:100FE0000000000000000000000000000000000001
:100FF00003EBFF0000000000000000000000000004
:101000000000000000000000000000000003EBFFF3
:1010100000000000000000000000000000000000D0
:101020000000000000000000000003EBFF000000D3
:1010300000000000000000000000000000000000B0
:101040000000000000000003EBFF000000000000B3
:101050000000000000000000000000000000000090
:101060000000000003EBFF00000000000000000093
:101070000000000000000000000000000000000070
:101080000003EBFF00000000000000000000000073
:10109000000000000000000000000000000003EB62
:1010A000FF00000000000000000000000000000041
:1010B000000000000000000000000003EBFF000043
:1010C0000000000000000000000000000000000020
:1010D000000000000000000003EBFF000000000023
:1010E0000000000000000000000000000000000000
:1010F000000000000003EBFF000000000000000003
:1011000000000000000000000000000000000000DF
:10111000000003EBFF0000000000000000000000E2
:1011200000000000000000000000000000000003BC
:10113000EBFF0000000000000000000000000000C5
:1011400000000000000000000000000003EBFF00B2
:10115000000000000000000000000000000000008F
:1011600000000000000000000003EBFF0000000092
:10117000000000000000000000000000000000006F
:1011800000000000000003EBFF0000000000000072
:10119000000000000000000000000000000000004F
:1011A00000000003EBFF0000000000000000000052
:1011B000000000000000000000000000000000002F
:1011C00003EBFF0000000000000000000000000032
:1011D0000000000000000000000000000003EBFF22
:1011E00000000000000000000000000000000000FF
:1011F0000000000000000000000003EBFF00000002
:1012000000000000000000000000000000000000DE
:101210000000000000000003EBFF000000000000E1
:1012200000000000000000000000000000000000BE
:101230000000000003EBFF000000000000000000C1
:10124000000000000000000000000000000000009E
:101250000003EBFF000000000000000000000000A1
:10126000000000000000000000000000000003EB90
:10127000FF0000000000000000000000000000006F
:10128000000000000000000000000003EBFF000071
:10129000000000000000000000000000000000004E
:1012A000000000000000000003EBFF000000000051
:1012B000000000000000000000000000000000002E
:1012C000000000000003EBFF000000000000000031
:1012D000000000000000000000000000000000000E
:1012E000000003EBFF000000000000000000000011
:1012F00000000000000000000000000000000003EB
:10130000EBFF0000000000000000000000000000F3
:1013100000000000000000000000000003EBFF00E0
:1013200000000000000000000000000000000000BD
:1013300000000000000000000003EBFF00000000C0
:10134000000000000000000000000000000000009D
:1013500000000000000003EBFF00000000000000A0
:10136000000000000000000000000000000000007D
:1013700000000003EBFF0000000000000000000080
:10138000000000000000000000000000000000005D
:1013900003EBFF0000000000000000000000000060
:1013A0000000000000000000000000000003EBFF50
:1013B000000000000000000000000000000000002D
:1013C0000000000000000000000003EBFF00000030
:1013D000000000000000000000000000000000000D
:1013E0000000000000000003EBFF00000000000010
:1013F00000000000000000000000000000000000ED
:101400000000000003EBFF000000000000000000EF
:1014100000000000000000000000000000000000CC
:101420000003EBFF000000000000000000000000CF
:10143000000000000000000000000000000003EBBE
:10144000FF0000000000000000000000000000009D
:10145000000000000000000000000003EBFF00009F
:10146000000000000000000000000000000000007C
:10147000000000000000000003EBFF00000000007F
:10148000000000000000000000000000000000005C
:10149000000000000003EBFF00000000000000005F
:1014A000000000000000000000000000000000003C
:1014B000000003EBFF00000000000000000000003F
:1014C0000000000000000000000000000000000319
:1014D000EBFF000000000000000000000000000022
:1014E00000000000000000000000000003EBFF000F
:1014F00000000000000000000000000000000000EC
:1015000000000000000000000003EBFF00000000EE
:1015100000000000000000000000000000000000CB
:1015200000000000000003EBFF00000000000000CE
:1015300000000000000000000000000000000000AB
:1015400000000003EBFF00000000000000000000AE
:10155000000000000000000000000000000000008B
:1015600003EBFF000000000000000000000000008E
:101570000000000000000000000000000003EBFF7E
:10158000000000000000000000000000000000005B
:101590000000000000000000000003EBFF0000005E
:1015A000000000000000000000000000000000003B
:1015B0000000000000000003EBFF0000000000003E
:1015C000000000000000000000000000000000001B
:1015D0000000000003EBFF0000000000000000001E
:1015E00000000000000000000000000000000000FB
:1015F0000003EBFF000000000000000000000000FE
:10160000000000000000000000000000000003EBEC
:10161000FF000000000000000000000000000000CB
:10162000000000000000000000000003EBFF0000CD
:1016300000000000000000000000000000000000AA
:10164000000000000000000003EBFF0000000000AD
:10165000000000000000000000000000000000008A
:10166000000000000003EBFF00000000000000008D
:10167000000000000000000000000000000000006A
:10168000000003EBFF00000000000000000000006D
:101690000000000000000000000000000000000347
:1016A000EBFF000000000000000000000000000050
:1016B00000000000000000000000000003EBFF003D
:1016C000000000000000000000000000000000001A
:1016D00000000000000000000003EBFF000000001D
:1016E00000000000000000000000000000000000FA
:1016F00000000000000003EBFF00000000000000FD
:1017000000000000000000000000000000000000D9
:1017100000000003EBFF00000000000000000000DC
:1017200000000000000000000000000000000000B9
:1017300003EBFF00000000000000000000000000BC
:101740000000000000000000000000000003EBFFAC
:101750000000000000000000000000000000000089
:101760000000000000000000000003EBFF0000008C
:101770000000000000000000000000000000000069
:101780000000000000000003EBFF0000000000006C
:101790000000000000000000000000000000000049
:1017A0000000000003EBFF0000000000000000004C
:1017B0000000000000000000000000000000000029
:1017C0000003EBFF0000000000000000000000002C
:1017D000000000000000000000000000000003EB1B
:1017E000FF000000000000000000000000000000FA
:1017F000000000000000000000000003EBFF0000FC
:1018000000000000000000000000000000000000D8
:10181000000000000000000003EBFF0000000000DB
:1018200000000000000000000000000000000000B8
:10183000000000000003EBFF0000000000000000BB
:101840000000000000000000000000000000000098
:10185000000003EBFF00000000000000000000009B
:101860000000000000000000000000000000000375
:10187000EBFF00000000000000000000000000007E
:1018800000000000000000000000000003EBFF006B
:101890000000000000000000000000000000000048
:1018A00000000000000000000003EBFF000000004B
:1018B0000000000000000000000000000000000028
:1018C00000000000000003EBFF000000000000002B
:1018D0000000000000000000000000000000000008
:1018E00000000003EBFF000000000000000000000B
:1018F00000000000000000000000000000000000E8
:1019000003EBFF00000000000000000000000000EA
:101910000000000000000000000000000003EBFFDA
:1019200000000000000000000000000000000000B7
:101930000000000000000000000003EBFF000000BA
:101940000000000000000000000000000000000097
:101950000000000000000003EBFF0000000000009A
:101960000000000000000000000000000000000077
:101970000000000003EBFF0000000000000000007A
:101980000000000000000000000000000000000057
:101990000003EBFF0000000000000000000000005A
:1019A000000000000000000000000000000003EB49
:1019B000FF00000000000000000000000000000028
:1019C000000000000000000000000003EBFF00002A
:1019D0000000000000000000000000000000000007
:1019E000000000000000000003EBFF00000000000A
:1019F00000000000000000000000000000000000E7
:101A0000000000000003EBFF0000000000000000E9
:101A100000000000000000000000000000000000C6
:101A2000000003EBFF0000000000000000000000C9
:101A300000000000000000000000000000000003A3
:101A4000EBFF0000000000000000000000000000AC
:101A500000000000000000000000000003EBFF0099
:101A60000000000000000000000000000000000076
:101A700000000000000000000003EBFF0000000079
:101A80000000000000000000000000000000000056
:101A900000000000000003EBFF0000000000000059
:101AA0000000000000000000000000000000000036
:101AB00000000003EBFF0000000000000000000039
:101AC0000000000000000000000000000000000016
:101AD00003EBFF0000000000000000000000000019
:101AE0000000000000000000000000000003EBFF09
:101AF00000000000000000000000000000000000E6
:101B00000000000000000000000003EBFF000000E8
:101B100000000000000000000000000000000000C5
:101B20000000000000000003EBFF000000000000C8
:101B300000000000000000000000000000000000A5
:101B40000000000003EBFF000000000000000000A8
:101B50000000000000000000000000000000000085
:101B60000003EBFF00000000000000000000000088
:101B7000000000000000000000000000000003EB77
:101B8000FF00000000000000000000000000000056
:101B9000000000000000000000000003EBFF000058
:101BA0000000000000000000000000000000000035
:101BB000000000000000000003EBFF000000000038
:101BC0000000000000000000000000000000000015
:101BD000000000000003EBFF000000000000000018
:101BE00000000000000000000000000000000000F5
:101BF000000003EBFF0000000000000000000000F8
:101C000000000000000000000000000000000003D1
:101C1000EBFF0000000000000000000000000000DA
:101C200000000000000000000000000003EBFF00C7
:101C300000000000000000000000000000000000A4
:101C400000000000000000000003EBFF00000000A7
:101C50000000000000000000000000000000000084
:101C600000000000000003EBFF0000000000000087
:101C70000000000000000000000000000000000064
:101C800000000003EBFF0000000000000000000067
:101C90000000000000000000000000000000000044
:101CA00003EBFF0000000000000000000000000047
:101CB0000000000000000000000000000003EBFF37
:101CC0000000000000000000000000000000000014
:101CD0000000000000000000000003EBFF00000017
:101CE00000000000000000000000000000000000F4
:101CF0000000000000000003EBFF000000000000F7
:101D000000000000000000000000000000000000D3
:101D10000000000003EBFF000000000000000000D6
:101D200000000000000000000000000000000000B3
:101D30000003EBFF000000000000000000000000B6
:101D4000000000000000000000000000000003EBA5
:101D5000FF00000000000000000000000000000084
:101D6000000000000000000000000003EBFF000086
:101D70000000000000000000000000000000000063
:101D8000000000000000000003EBFF000000000066
:101D90000000000000000000000000000000000043
:101DA000000000000003EBFF000000000000000046
:101DB0000000000000000000000000000000000023
:101DC000000003EBFF000000000000000000000026
:101DD0000000000000000000000000000000000300
:101DE000EBFF000000000000000000000000000009
:101DF00000000000000000000000000003EBFF00F6
:101E000000000000000000000000000000000000D2
:101E100000000000000000000003EBFF00000000D5
:101E200000000000000000000000000000000000B2
:101E300000000000000003EBFF00000000000000B5
:101E40000000000000000000000000000000000092
:101E500000000003EBFF0000000000000000000095
:101E60000000000000000000000000000000000072
:101E700003EBFF0000000000000000000000000075
:101E80000000000000000000000000000003EBFF65
:101E90000000000000000000000000000000000042
:101EA0000000000000000000000003EBFF00000045
:101EB0000000000000000000000000000000000022
:101EC0000000000000000003EBFF00000000000025
:101ED0000000000000000000000000000000000002
:101EE0000000000003EBFF00000000000000000005
:101EF00000000000000000000000000000000000E2
:101F00000003EBFF000000000000000000000000E4
:101F1000000000000000000000000000000003EBD3
:101F2000FF000000000000000000000000000000B2
:101F3000000000000000000000000003EBFF0000B4
:101F40000000000000000000000000000000000091
:101F5000000000000000000003EBFF000000000094
:101F60000000000000000000000000000000000071
:101F7000000000000003EBFF000000000000000074
:101F80000000000000000000000000000000000051
:101F9000000003EBFF000000000000000000000054
:101FA000000000000000000000000000000000032E
:101FB000EBFF000000000000000000000000000037
:101FC00000000000000000000000000003EBFF0024
:101FD0000000000000000000000000000000000001
:101FE00000000000000000000003EBFF0000000004
:101FF00000000000000000000000000000000000E1
:1020000000000000000003EBFF00000000000000E3
:1020100000000000000000000000000000000000C0
:1020200000000003EBFF00000000000000000000C3
:1020300000000000000000000000000000000000A0
:1020400003EBFF00000000000000000000000000A3
:102050000000000000000000000000000003EBFF93
:102060000000000000000000000000000000000070
:102070000000000000000000000003EBFF00000073
:102080000000000000000000000000000000000050
:102090000000000000000003EBFF00000000000053
:1020A0000000000000000000000000000000000030
:1020B0000000000003EBFF00000000000000000033
:1020C0000000000000000000000000000000000010
:1020D0000003EBFF00000000000000000000000013
:1020E000000000000000000000000000000003EB02
:1020F000FF000000000000000000000000000000E1
:10210000000000000000000000000003EBFF0000E2
:1021100000000000000000000000000000000000BF
:10212000000000000000000003EBFF0000000000C2
:10213000000000000000000000000000000000009F
:10214000000000000003EBFF0000000000000000A2
:10215000000000000000000000000000000000007F
:10216000000003EBFF000000000000000000000082
:10217000000000000000000000000000000000035C
:10218000EBFF000000000000000000000000000065
:1021900000000000000000000000000003EBFF0052
:1021A000000000000000000000000000000000002F
:1021B00000000000000000000003EBFF0000000032
:1021C000000000000000000000000000000000000F
:1021D00000000000000003EBFF000800000000000A
:1021E00000000000000000000000000000000000EF
:1021F000000000A9A1FF0000000000000000000096
:1022000000000000000000000000000000000000CE
:1022100003EBFF00100000000000000000000000C1
:1022200000000000000000000000000000577EFFDA
:10223000000000000000000000000000000000009E
:102240000000000000000000000003EBFF000000A1
:10225000000000000000000000000000000000007E
:102260000000000000000003EBFF00000000000081
:10227000000000000000000000000000000000005E
:102280000000000003EBFF00000000000000000061
:10229000000000000000000000000000000000003E
:1022A0000003EBFF00000000000000000000000041
:1022B000000000000000000000000000000003EB30
:1022C000FF0000000000000000000000000000000F
:1022D000000000000000000000000003EBFF000011
:1022E00000000000000000000000000000000000EE
:1022F000000000000000000003EBFF0000000000F1
:1023000000000000000000000000000000000000CD
:10231000000000000003EBFF0000000000000000D0
:1023200000000000000000000000000000000000AD
:10233000000003EBFF0000000000000000000000B0
:10234000000000000000000000000000000000038A
:10235000EBFF000000000000000000000000000093
:1023600000000000000000000000000003EBFF0080
:10237000000000000000000000000000000000005D
:1023800000000000000000000003EBFF0000000060
:10239000000000000000000000000000000000003D
:1023A00000000000000003EBFF0000000000000040
:1023B000000000000000000000000000000000001D
:1023C00000000003EBFF0000000000000000000020
:1023D00000000000000000000000000000000000FD
:1023E00003EBFF0000000000000000000000000000
:1023F0000000000000000000000000000003EBFFF0
:1024000000000000000000000000000000000000CC
:102410000000000000000000000003EBFF000000CF
:1024200000000000000000000000000000000000AC
:102430000000000000000003EBFF000000000000AF
:10244000000000000000000000000000000000008C
:102450000000000003EBFF0000000000000000008F
:10246000000000000000000000000000000000006C
:102470000003EBFF0000000000000000000000006F
:10248000000000000000000000000000000003EB5E
:10249000FF0000000000000000000000000000003D
:1024A000000000000000000000000003EBFF00003F
:1024B000000000000000000000000000000000001C
:1024C000000000000000000003EBFF00000000001F
:1024D00000000000000000000000000000000000FC
:1024E000000000000003EBFF0000000000000000FF
:1024F00000000000000000000000000000000000DC
:10250000000003EBFF0000000000000000000000DE
:1025100000000000000000000000000000000003B8
:10252000EBFF0000000000000000000000000000C1
:1025300000000000000000000000000003EBFF00AE
:10254000000000000000000000000000000000008B
:1025500000000000000000000003EBFF000000008E
:10256000000000000000000000000000000000006B
:1025700000000000000003EBFF000000000000006E
:10258000000000000000000000000000000000004B
:1025900000000003EBFF000000000000000000004E
:1025A000000000000000000000000000000000002B
:1025B00003EBFF000000000000000000000000002E
:1025C0000000000000000000000000000003EBFF1E
:1025D00000000000000000000000000000000000FB
:1025E0000000000000000000000003EBFF000000FE
:1025F00000000000000000000000000000000000DB
:102600000000000000000003EBFF000000000000DD
:1026100000000000000000000000000000000000BA
:102620000000000003EBFF000000000000000000BD
:10263000000000000000000000000000000000009A
:102640000003EBFF0000000000000000000000009D
:10265000000000000000000000000000000003EB8C
:10266000FF0000000000000000000000000000006B
:10267000000000000000000000000003EBFF00006D
:10268000000000000000000000000000000000004A
:10269000000000000000000003EBFF00000000004D
:1026A000000000000000000000000000000000002A
:1026B000000000000003EBFF00000000000000002D
:1026C000000000000000000000000000000000000A
:1026D000000003EBFF00000000000000000000000D
:1026E00000000000000000000000000000000003E7
:1026F000EBFF0000000000000000000000000000F0
:1027000000000000000000000000000003EBFF00DC
:1027100000000000000000000000000000000000B9
:1027200000000000000000000003EBFF00000000BC
:102730000000000000000000000000000000000099
:1027400000000000000003EBFF000000000000009C
:102750000000000000000000000000000000000079
:1027600000000003EBFF000000000000000000007C
:102770000000000000000000000000000000000059
:1027800003EBFF000000000000000000000000005C
:102790000000000000000000000000000003EBFF4C
:1027A0000000000000000000000000000000000029
:1027B0000000000000000000000003EBFF0000002C
:1027C0000000000000000000000000000000000009
:1027D0000000000000000003EBFF0000000000000C
:1027E00000000000000000000000000000000000E9
:1027F0000000000003EBFF000000000000000000EC
:1028000000000000000000000000000000000000C8
:102810000003EBFF000000000000000000000000CB
:10282000000000000000000000000000000003EBBA
:10283000FF00000000000000000000000000000099
:10284000000000000000000000000003EBFF00009B
:102850000000000000000000000000000000000078
:10286000000000000000000003EBFF00000000007B
:102870000000000000000000000000000000000058
:10288000000000000003EBFF00000000000000005B
:102890000000000000000000000000000000000038
:1028A000000003EBFF00000000000000000000003B
:1028B0000000000000000000000000000000000315
:1028C000EBFF00000000000000000000000000001E
:1028D00000000000000000000000000003EBFF000B
:1028E00000000000000000000000000000000000E8
:1028F00000000000000000000003EBFF00000000EB
:1029000000000000000000000000000000000000C7
:1029100000000000000003EBFF00000000000000CA
:1029200000000000000000000000000000000000A7
:1029300000000003EBFF00000000000000000000AA
:102940000000000000000000000000000000000087
:1029500003EBFF000000000000000000000000008A
:102960000000000000000000000000000003EBFF7A
:102970000000000000000000000000000000000057
:102980000000000000000000000003EBFF0000005A
:102990000000000000000000000000000000000037
:1029A0000000000000000003EBFF0000000000003A
:1029B0000000000000000000000000000000000017
:1029C0000000000003EBFF0000000000000000001A
:1029D00000000000000000000000000000000000F7
:1029E0000003EBFF000000000000000000000000FA
:1029F000000000000000000000000000000003EBE9
:102A0000FF000000000000000000000000000000C7
:102A1000000000000000000000000003EBFF0000C9
:102A200000000000000000000000000000000000A6
:102A3000000000000000000003EBFF0000000000A9
:102A40000000000000000000000000000000000086
:102A5000000000000003EBFF000000000000000089
:102A60000000000000000000000000000000000066
:102A7000000003EBFF000000000000000000000069
:102A80000000000000000000000000000000000343
:102A9000EBFF00000000000000000000000000004C
:102AA00000000000000000000000000003EBFF0039
:102AB0000000000000000000000000000000000016
:102AC00000000000000000000003EBFF0000000019
:102AD00000000000000000000000000000000000F6
:102AE00000000000000003EBFF00000000000000F9
:102AF00000000000000000000000000000000000D6
:102B000000000003EBFF00000000000000000000D8
:102B100000000000000000000000000000000000B5
:102B200003EBFF00000000000000000000000000B8
:102B30000000000000000000000000000003EBFFA8
:102B40000000000000000000000000000000000085
:102B50000000000000000000000003EBFF00000088
:102B60000000000000000000000000000000000065
:102B70000000000000000003EBFF00000000000068
:102B80000000000000000000000000000000000045
:102B90000000000003EBFF00000000000000000048
:102BA0000000000000000000000000000000000025
:102BB0000003EBFF00000000000000000000000028
:102BC000000000000000000000000000000003EB17
:102BD000FF000000000000000000000000000000F6
:102BE000000000000000000000000003EBFF0000F8
:102BF00000000000000000000000000000000000D5
:102C0000000000000000000003EBFF0000000000D7
:102C100000000000000000000000000000000000B4
:102C2000000000000003EBFF0000000000000000B7
:102C30000000000000000000000000000000000094
:102C4000000003EBFF000000000000000000000097
:102C50000000000000000000000000000000000371
:102C6000EBFF00000000000000000000000000007A
:102C700000000000000000000000000003EBFF0067
:102C80000000000000000000000000000000000044
:102C900000000000000000000003EBFF0000000047
:102CA0000000000000000000000000000000000024
:102CB00000000000000003EBFF0000000000000027
:102CC0000000000000000000000000000000000004
:102CD00000000003EBFF0000000000000000000007
:102CE00000000000000000000000000000000000E4
:102CF00003EBFF00000000000000000000000000E7
:102D00000000000000000000000000000003EBFFD6
:102D100000000000000000000000000000000000B3
:102D20000000000000000000000003EBFF000000B6
:102D30000000000000000000000000000000000093
:102D40000000000000000003EBFF00000000000096
:102D50000000000000000000000000000000000073
:102D60000000000003EBFF00000000000000000076
:102D70000000000000000000000000000000000053
:102D80000003EBFF00000000000000000000000056
:102D9000000000000000000000000000000003EB45
:102DA000FF00000000000000000000000000000024
:102DB000000000000000000000000003EBFF000026
:102DC0000000000000000000000000000000000003
:102DD000000000000000000003EBFF000000000006
:102DE00000000000000000000000000000000000E3
:102DF000000000000003EBFF0000000000000000E6
:102E000000000000000000000000000000000000C2
:102E1000000003EBFF0000000000000000000000C5
:102E2000000000000000000000000000000000039F
:102E3000EBFF0000000000000000000000000000A8
:102E400000000000000000000000000003EBFF0095
:102E50000000000000000000000000000000000072
:102E600000000000000000000003EBFF0000000075
:102E70000000000000000000000000000000000052
:102E800000000000000003EBFF0000000000000055
:102E90000000000000000000000000000000000032
:102EA00000000003EBFF0000000000000000000035
:102EB0000000000000000000000000000000000012
:102EC00003EBFF0000000000000000000000000015
:102ED0000000000000000000000000000003EBFF05
:102EE00000000000000000000000000000000000E2
:102EF0000000000000000000000003EBFF000000E5
:102F000000000000000000000000000000000000C1
:102F10000000000000000003EBFF000000000000C4
:102F200000000000000000000000000000000000A1
:102F30000000000003EBFF000000000000000000A4
:102F40000000000000000000000000000000000081
:102F50000003EBFF00000000000000000000000084
:102F6000000000000000000000000000000003EB73
:102F7000FF00000000000000000000000000000052
:102F8000000000000000000000000003EBFF000054
:102F90000000000000000000000000000000000031
:102FA000000000000000000003EBFF000000000034
:102FB0000000000000000000000000000000000011
:102FC000000000000003EBFF000000000000000014
:102FD00000000000000000000000000000000000F1
:102FE000000003EBFF0000000000000000000000F4
:102FF00000000000000000000000000000000003CE
:10300000EBFF0000000000000000000000000000D6
:1030100000000000000000000000000003EBFF00C3
:1030200000000000000000000000000000000000A0
:1030300000000000000000000003EBFF00000000A3
:103040000000000000000000000000000000000080
:1030500000000000000003EBFF0000000000000083
:103060000000000000000000000000000000000060
:1030700000000003EBFF0000000000000000000063
:103080000000000000000000000000000000000040
:1030900003EBFF0000000000000000000000000043
:1030A0000000000000000000000000000003EBFF33
:1030B0000000000000000000000000000000000010
:1030C0000000000000000000000003EBFF00000013
:1030D00000000000000000000000000000000000F0
:1030E0000000000000000003EBFF000000000000F3
:1030F00000000000000000000000000000000000D0
:103100000000000003EBFF000000000000000000D2
:1031100000000000000000000000000000000000AF
:103120000003EBFF000000000000000000000000B2
:10313000000000000000000000000000000003EBA1
:10314000FF00000000000000000000000000000080
:10315000000000000000000000000003EBFF000082
:10316000000000000000000000000000000000005F
:10317000000000000000000003EBFF000000000062
:10318000000000000000000000000000000000003F
:10319000000000000003EBFF000000000000000042
:1031A000000000000000000000000000000000001F
:1031B000000003EBFF000000000000000000000022
:1031C00000000000000000000000000000000003FC
:1031D000EBFF000000000000000000000000000005
:1031E00000000000000000000000000003EBFF00F2
:1031F00000000000000000000000000000000000CF
:1032000000000000000000000003EBFF00000000D1
:1032100000000000000000000000000000000000AE
:1032200000000000000003EBFF00000000000000B1
:10323000000000000000000000000000000000008E
:1032400000000003EBFF0000000000000000000091
:10325000000000000000000000000000000000006E
:1032600003EBFF0000000000000000000000000071
:103270000000000000000000000000000003EBFF61
:10328000000000000000000000000000000000003E
:103290000000000000000000000003EBFF00000041
:1032A000000000000000000000000000000000001E
:1032B0000000000000000003EBFF00000000000021
:1032C00000000000000000000000000000000000FE
:1032D0000000000003EBFF00000000000000000001
:1032E00000000000000000000000000000000000DE
:1032F0000003EBFF000000000000000000000000E1
:10330000000000000000000000000000000003EBCF
:10331000FF000000000000000000000000000000AE
:10332000000000000000000000000003EBFF0000B0
:10333000000000000000000000000000000000008D
:10334000000000000000000003EBFF000000000090
:10335000000000000000000000000000000000006D
:10336000000000000003EBFF000000000000000070
:10337000000000000000000000000000000000004D
:10338000000003EBFF000000000000000000000050
:10339000000000000000000000000000000000032A
:1033A000EBFF000000000000000000000000000033
:1033B00000000000000000000000000003EBFF0020
:1033C00000000000000000000000000000000000FD
:1033D00000000000000000000003EBFF0000000000
:1033E00000000000000000000000000000000000DD
:1033F00000000000000003EBFF00000000000000E0
:1034000000000000000000000000000000000000BC
:1034100000000003EBFF00000000000000000000BF
:10342000000000000000000000000000000000009C
:1034300003EBFF000000000000000000000000009F
:103440000000000000000000000000000003EBFF8F
:10345000000000000000000000000000000000006C
:103460000000000000000000000003EBFF0000006F
:10347000000000000000000000000000000000004C
:103480000000000000000003EBFF0000000000004F
:10349000000000000000000000000000000000002C
:1034A0000000000003EBFF0000000000000000002F
:1034B000000000000000000000000000000000000C
:1034C0000003EBFF0000000000000000000000000F
:1034D000000000000000000000000000000003EBFE
:1034E000FF000000000000000000000000000000DD
:1034F000000000000000000000000003EBFF0000DF
:1035000000000000000000000000000000000000BB
:10351000000000000000000003EBFF0000000000BE
:10352000000000000000000000000000000000009B
:10353000000000000003EBFF00000000000000009E
:10354000000000000000000000000000000000007B
:10355000000003EBFF00000000000000000000007E
:103560000000000000000000000000000000000358
:10357000EBFF000000000000000000000000000061
:1035800000000000000000000000000003EBFF004E
:10359000000000000000000000000000000000002B
:1035A00000000000000000000003EBFF000000002E
:1035B000000000000000000000000000000000000B
:1035C00000000000000003EBFF000000000000000E
:1035D00000000000000000000000000000000000EB
:1035E00000000003EBFF00000000000000000000EE
:1035F00000000000000000000000000000000000CB
:1036000003EBFF00000000000000000000000000CD
:103610000000000000000000000000000003EBFFBD
:10362000000000000000000000000000000000009A
:103630000000000000000000000003EBFF0000009D
:10364000000000000000000000000000000000007A
:103650000000000000000003EBFF0000000000007D
:10366000000000000000000000000000000000005A
:103670000000000003EBFF0000000000000000005D
:10368000000000000000000000000000000000003A
:103690000003EBFF0000000000000000000000003D
:1036A000000000000000000000000000000003EB2C
:1036B000FF0000000000000000000000000000000B
:1036C000000000000000000000000003EBFF00000D
:1036D00000000000000000000000000000000000EA
:1036E000000000000000000003EBFF0000000000ED
:1036F00000000000000000000000000000000000CA
:10370000000000000003EBFF0000000000000000CC
:1037100000000000000000000000000000000000A9
:10372000000003EBFF0000000000000000000000AC
:103730000000000000000000000000000000000386
:10374000EBFF00000000000000000000000000008F
:1037500000000000000000000000000003EBFF007C
:103760000000000000000000000000000000000059
:1037700000000000000000000003EBFF000000005C
:103780000000000000000000000000000000000039
:1037900000000000000003EBFF000000000000003C
:1037A0000000000000000000000000000000000019
:1037B00000000003EBFF000000000000000000001C
:1037C00000000000000000000000000000000000F9
:1037D00003EBFF00000000000000000000000000FC
:1037E0000000000000000000000000000003EBFFEC
:1037F00000000000000000000000000000000000C9
:103800000000000000000000000003EBFF000000CB
:1038100000000000000000000000000000000000A8
:103820000000000000000003EBFF000000000000AB
:103830000000000000000000000000000000000088
:103840000000000003EBFF0000000000000000008B
:103850000000000000000000000000000000000068
:103860000003EBFF0000000000000000000000006B
:10387000000000000000000000000000000003EB5A
:10388000FF00000000000000000000000000000039
:10389000000000000000000000000003EBFF00003B
:1038A0000000000000000000000000000000000018
:1038B000000000000000000003EBFF00000000001B
:1038C00000000000000000000000000000000000F8
:1038D000000000000003EBFF0000000000000000FB
:1038E00000000000000000000000000000000000D8
:1038F000000003EBFF0000000000000000000000DB
:1039000000000000000000000000000000000003B4
:10391000EBFF0000000000000000000000000000BD
:1039200000000000000000000000000003EBFF00AA
:103930000000000000000000000000000000000087
:1039400000000000000000000003EBFF000000008A
:103950000000000000000000000000000000000067
:1039600000000000000003EBFF000000000000006A
:103970000000000000000000000000000000000047
:1039800000000003EBFF000000000000000000004A
:103990000000000000000000000000000000000027
:1039A00003EBFF000000000000000000000000002A
:1039B0000000000000000000000000000003EBFF1A
:1039C00000000000000000000000000000000000F7
:1039D0000000000000000000000003EBFF000000FA
:1039E00000000000000000000000000000000000D7
:1039F0000000000000000003EBFF000000000000DA
:103A000000000000000000000000000000000000B6
:103A10000000000003EBFF000000000000000000B9
:103A20000000000000000000000000000000000096
:103A30000003EBFF00000000000000000000000099
:103A4000000000000000000000000000000003EB88
:103A5000FF00000000000000000000000000000067
:103A6000000000000000000000000003EBFF000069
:103A70000000000000000000000000000000000046
:103A8000000000000000000003EBFF000000000049
:103A90000000000000000000000000000000000026
:103AA000000000000003EBFF000000000000000029
:103AB0000000000000000000000000000000000006
:103AC000000003EBFF000000000000000000000009
:103AD00000000000000000000000000000000003E3
:103AE000EBFF0000000000000000000000000000EC
:103AF00000000000000000000000000003EBFF00D9
:103B000000000000000000000000000000000000B5
:103B100000000000000000000003EBFF00000000B8
:103B20000000000000000000000000000000000095
:103B300000000000000003EBFF0000000000000098
:103B40000000000000000000000000000000000075
:103B500000000003EBFF0000000000000000000078
:103B60000000000000000000000000000000000055
:103B700003EBFF0000000000000000000000000058
:103B80000000000000000000000000000003EBFF48
:103B90000000000000000000000000000000000025
:103BA0000000000000000000000003EBFF00000028
:103BB0000000000000000000000000000000000005
:103BC0000000000000000003EBFF00000000000008
:103BD00000000000000000000000000000000000E5
:103BE0000000000003EBFF000000000000000000E8
:103BF00000000000000000000000000000000000C5
:103C00000003EBFF000000000000000000000000C7
:103C1000000000000000000000000000000003EBB6
:103C2000FF00000000000000000000000000000095
:103C3000000000000000000000000003EBFF000097
:103C40000000000000000000000000000000000074
:103C5000000000000000000003EBFF000000000077
:103C60000000000000000000000000000000000054
:103C7000000000000003EBFF000000000000000057
:103C80000000000000000000000000000000000034
:103C9000000003EBFF000000000000000000000037
:103CA0000000000000000000000000000000000311
:103CB000EBFF00000000000000000000000000001A
:103CC00000000000000000000000000003EBFF0007
:103CD00000000000000000000000000000000000E4
:103CE00000000000000000000003EBFF00000000E7
:103CF00000000000000000000000000000000000C4
:103D000000000000000003EBFF00000000000000C6
:103D100000000000000000000000000000000000A3
:103D200000000003EBFF00000000000000000000A6
:103D30000000000000000000000000000000000083
:103D400003EBFF0000000000000000000000000086
:103D50000000000000000000000000000003EBFF76
:103D60000000000000000000000000000000000053
:103D70000000000000000000000003EBFF00000056
:103D80000000000000000000000000000000000033
:103D90000000000000000003EBFF00000000000036
:103DA0000000000000000000000000000000000013
:103DB0000000000003EBFF00000000000000000016
:103DC00000000000000000000000000000000000F3
:103DD0000003EBFF000000000000000000000000F6
:103DE000000000000000000000000000000003EBE5
:103DF000FF000000000000000000000000000000C4
:103E0000000000000000000000000003EBFF0000C5
:103E100000000000000000000000000000000000A2
:103E2000000000000000000003EBFF0000000000A5
:103E30000000000000000000000000000000000082
:103E4000000000000003EBFF000000000000000085
:103E50000000000000000000000000000000000062
:103E6000000003EBFF000000000000000000000065
:103E7000000000000000000000000000000000033F
:103E8000EBFF000000000000000000000000000048
:103E900000000000000000000000000003EBFF0035
:103EA0000000000000000000000000000000000012
:103EB00000000000000000000003EBFF0000000015
:103EC00000000000000000000000000000000000F2
:103ED00000000000000003EBFF00000000000000F5
:103EE00000000000000000000000000000000000D2
:103EF00000000003EBFF00000000000000000000D5
:103F000000000000000000000000000000000000B1
:103F100003EBFF00000000000000000000000000B4
:103F20000000000000000000000000000003EBFFA4
:103F30000000000000000000000000000000000081
:103F40000000000000000000000003EBFF00000084
:103F50000000000000000000000000000000000061
:103F60000000000000000003EBFF00000000000064
:103F70000000000000000000000000000000000041
:103F80000000000003EBFF00000000000000000044
:103F90000000000000000000000000000000000021
:103FA0000003EBFF00000000000000000000000024
:103FB000000000000000000000000000000003EB13
:103FC000FF000000000000000000000000000000F2
:103FD000000000000000000000000003EBFF0000F4
:103FE00000000000000000000000000000000000D1
:103FF000000000000000000003EBFF0000000000D4
:1040000000000000000000000000000000000000B0
:10401000000000000003EBFF0000000000000000B3
:104020000000000000000000000000000000000090
:10403000000003EBFF000000000000000000000093
:10404000000000000000000000000000000000036D
:10405000EBFF000000000000000000000000000076
:1040600000000000000000000000000003EBFF0063
:104070000000000000000000000000000000000040
:1040800000000000000000000003EBFF0000000043
:104090000000000000000000000000000000000020
:1040A00000000000000003EBFF0000000000000023
:1040B0000000000000000000000000000000000000
:1040C00000000003EBFF0000000000000000000003
:1040D00000000000000000000000000000000000E0
:1040E00003EBFF00000000000000000000000000E3
:1040F0000000000000000000000000000003EBFFD3
:1041000000000000000000000000000000000000AF
:104110000000000000000000000003EBFF000000B2
:10412000000000000000000000000000000000008F
:104130000000000000000003EBFF00000000000092
:10414000000000000000000000000000000000006F
:104150000000000003EBFF00000000000000000072
:10416000000000000000000000000000000000004F
:104170000003EBFF00000000000000000000000052
:10418000000000000000000000000000000003EB41
:10419000FF00000000000000000000000000000020
:1041A000000000000000000000000003EBFF000022
:1041B00000000000000000000000000000000000FF
:1041C000000000000000000003EBFF000000000002
:1041D00000000000000000000000000000000000DF
:1041E000000000000003EBFF0000000000000000E2
:1041F00000000000000000000000000000000000BF
:10420000000003EBFF0000000000000000000000C1
:10421000000000000000000000000000000000039B
:10422000EBFF0000000000000000000000000000A4
:1042300000000000000000000000000003EBFF0091
:10424000000000000000000000000000000000006E
:1042500000000000000000000003EBFF0000000071
:10426000000000000000000000000000000000004E
:1042700000000000000003EBFF0000000000000051
:10428000000000000000000000000000000000002E
:1042900000000003EBFF0000000000000000000031
:1042A000000000000000000000000000000000000E
:1042B00003EBFF0000000000000000000000000011
:1042C0000000000000000000000000000003EBFF01
:1042D00000000000000000000000000000000000DE
:1042E0000000000000000000000003EBFF000000E1
:1042F00000000000000000000000000000000000BE
:104300000000000000000003EBFF000000000000C0
:10431000000000000000000000000000000000009D
:104320000000000003EBFF000000000000000000A0
:10433000000000000000000000000000000000007D
:104340000003EBFF00000000000000000000000080
:10435000000000000000000000000000000003EB6F
:10436000FF0000000000000000000000000000004E
:10437000000000000000000000000003EBFF000050
:10438000000000000000000000000000000000002D
:10439000000000000000000003EBFF000000000030
:1043A000000000000000000000000000000000000D
:1043B000000000000003EBFF000000000000000010
:1043C00000000000000000000000000000000000ED
:1043D000000003EBFF0000000000000000000000F0
:1043E00000000000000000000000000000000003CA
:1043F000EBFF0000000000000000000000000000D3
:1044000000000000000000000000000003EBFF00BF
:10441000000000000000000000000000000000009C
:1044200000000000000000000003EBFF000000009F
:10443000000000000000000000000000000000007C
:1044400000000000000003EBFF000000000000007F
:10445000000000000000000000000000000000005C
:1044600000000003EBFF000000000000000000005F
:10447000000000000000000000000000000000003C
:1044800003EBFF000000000000000000000000003F
:104490000000000000000000000000000003EBFF2F
:1044A000000000000000000000000000000000000C
:1044B0000000000000000000000003EBFF0000000F
:1044C00000000000000000000000000000000000EC
:1044D0000000000000000003EBFF000000000000EF
:1044E00000000000000000000000000000000000CC
:1044F0000000000003EBFF000000000000000000CF
:1045000000000000000000000000000000000000AB
:104510000003EBFF000000000000000000000000AE
:10452000000000000000000000000000000003EB9D
:10453000FF0000000000000000000000000000007C
:10454000000000000000000000000003EBFF00007E
:10455000000000000000000000000000000000005B
:10456000000000000000000003EBFF00000000005E
:10457000000000000000000000000000000000003B
:10458000000000000003EBFF00000000000000003E
:10459000000000000000000000000000000000001B
:1045A000000003EBFF00000000000000000000001E
:1045B00000000000000000000000000000000003F8
:1045C000EBFF000000000000000000000000000001
:1045D00000000000000000000000000003EBFF00EE
:1045E00000000000000000000000000000000000CB
:1045F00000000000000000000003EBFF00000000CE
:1046000000000000000000000000000000000000AA
:1046100000000000000003EBFF00000000000000AD
:10462000000000000000000000000000000000008A
:1046300000000003EBFF000000000000000000008D
:10464000000000000000000000000000000000006A
:1046500003EBFF000000000000000000000000006D
:104660000000000000000000000000000003EBFF5D
:10467000000000000000000000000000000000003A
:104680000000000000000000000003EBFF0000003D
:10469000000000000000000000000000000000001A
:1046A0000000000000000003EBFF0000000000001D
:1046B00000000000000000000000000000000000FA
:1046C0000000000003EBFF000000000000000000FD
:1046D00000000000000000000000000000000000DA
:1046E0000003EBFF000000000000000000000000DD
:1046F000000000000000000000000000000003EBCC
:10470000FF000000000000000000000000000000AA
:10471000000000000000000000000003EBFF0000AC
:104720000000000000000000000000000000000089
:10473000000000000000000003EBFF00000000008C
:104740000000000000000000000000000000000069
:10475000000000000003EBFF00000000000000006C
:104760000000000000000000000000000000000049
:10477000000003EBFF00000000000000000000004C
:104780000000000000000000000000000000000326
:10479000EBFF00000000000000000000000000002F
:1047A00000000000000000000000000003EBFF001C
:1047B00000000000000000000000000000000000F9
:1047C00000000000000000000003EBFF00000000FC
:1047D00000000000000000000000000000000000D9
:1047E00000000000000003EBFF00000000000000DC
:1047F00000000000000000000000000000000000B9
:1048000000000003EBFF00000000000000000000BB
:104810000000000000000000000000000000000098
:1048200003EBFF000000000000000000000000009B
:104830000000000000000000000000000003EBFF8B
:104840000000000000000000000000000000000068
:104850000000000000000000000003EBFF0000006B
:104860000000000000000000000000000000000048
:104870000000000000000003EBFF0000000000004B
:104880000000000000000000000000000000000028
:104890000000000003EBFF0000000000000000002B
:1048A0000000000000000000000000000000000008
:1048B0000003EBFF0000000000000000000000000B
:1048C000000000000000000000000000000003EBFA
:1048D000FF000000000000000000000000000000D9
:1048E000000000000000000000000003EBFF0000DB
:1048F00000000000000000000000000000000000B8
:10490000000000000000000003EBFF0000000000BA
:104910000000000000000000000000000000000097
:10492000000000000003EBFF00000000000000009A
:104930000000000000000000000000000000000077
:10494000000003EBFF00000000000000000000007A
:104950000000000000000000000000000000000354
:10496000EBFF00000000000000000000000000005D
:1049700000000000000000000000000003EBFF004A
:104980000000000000000000000000000000000027
:1049900000000000000000000003EBFF000000002A
:1049A0000000000000000000000000000000000007
:1049B00000000000000003EBFF000000000000000A
:1049C00000000000000000000000000000000000E7
:1049D00000000003EBFF00000000000000000000EA
:1049E00000000000000000000000000000000000C7
:1049F00003EBFF00000000000000000000000000CA
:104A00000000000000000000000000000003EBFFB9
:104A10000000000000000000000000000000000096
:104A20000000000000000000000003EBFF00000099
:104A30000000000000000000000000000000000076
:104A40000000000000000003EBFF00000000000079
:104A50000000000000000000000000000000000056
:104A60000000000003EBFF00000000000000000059
:104A70000000000000000000000000000000000036
:104A80000003EBFF00000000000000000000000039
:104A9000000000000000000000000000000003EB28
:104AA000FF00000000000000000000000000000007
:104AB000000000000000000000000003EBFF000009
:104AC00000000000000000000000000000000000E6
:104AD000000000000000000003EBFF0000000000E9
:104AE00000000000000000000000000000000000C6
:104AF000000000000003EBFF0000000000000000C9
:104B000000000000000000000000000000000000A5
:104B1000000003EBFF0000000000000000000000A8
:104B20000000000000000000000000000000000382
:104B3000EBFF00000000000000000000000000008B
:104B400000000000000000000000000003EBFF0078
:104B50000000000000000000000000000000000055
:104B600000000000000000000003EBFF0000000058
:104B70000000000000000000000000000000000035
:104B800000000000000003EBFF0000000000000038
:104B90000000000000000000000000000000000015
:104BA00000000003EBFF0000000000000000000018
:104BB00000000000000000000000000000000000F5
:104BC00003EBFF00000000000000000000000000F8
:104BD0000000000000000000000000000003EBFFE8
:104BE00000000000000000000000000000000000C5
:104BF0000000000000000000000003EBFF000000C8
:104C000000000000000000000000000000000000A4
:104C10000000000000000003EBFF000000000000A7
:104C20000000000000000000000000000000000084
:104C30000000000003EBFF00000000000000000087
:104C40000000000000000000000000000000000064
:104C50000003EBFF00000000000000000000000067
:104C6000000000000000000000000000000003EB56
:104C7000FF00000000000000000000000000000035
:104C8000000000000000000000000003EBFF000037
:104C90000000000000000000000000000000000014
:104CA000000000000000000003EBFF000000000017
:104CB00000000000000000000000000000000000F4
:104CC000000000000003EBFF0000000000000000F7
:104CD00000000000000000000000000000000000D4
:104CE000000003EBFF0000000000000000000000D7
:104CF00000000000000000000000000000000003B1
:104D0000EBFF0000000000000000000000000000B9
:104D100000000000000000000000000003EBFF00A6
:104D20000000000000000000000000000000000083
:104D300000000000000000000003EBFF0000000086
:104D40000000000000000000000000000000000063
:104D500000000000000003EBFF0000000000000066
:104D60000000000000000000000000000000000043
:104D700000000003EBFF0000000000000000000046
:104D80000000000000000000000000000000000023
:104D900003EBFF0000000000000000000000000026
:104DA0000000000000000000000000000003EBFF16
:104DB00000000000000000000000000000000000F3
:104DC0000000000000000000000003EBFF000000F6
:104DD00000000000000000000000000000000000D3
:104DE0000000000000000003EBFF000000000000D6
:104DF00000000000000000000000000000000000B3
:104E00000000000003EBFF000000000000000000B5
:104E10000000000000000000000000000000000092
:104E20000003EBFF00000000000000000000000095
:104E3000000000000000000000000000000003EB84
:104E4000FF00000000000000000000000000000063
:104E5000000000000000000000000003EBFF000065
:104E60000000000000000000000000000000000042
:104E7000000000000000000003EBFF000000000045
:104E80000000000000000000000000000000000022
:104E9000000000000003EBFF000000000000000025
:104EA0000000000000000000000000000000000002
:104EB000000003EBFF000000000000000000000005
:104EC00000000000000000000000000000000003DF
:104ED000EBFF0000000000000000000000000000E8
:104EE00000000000000000000000000003EBFF00D5
:104EF00000000000000000000000000000000000B2
:104F000000000000000000000003EBFF00000000B4
:104F10000000000000000000000000000000000091
:104F200000000000000003EBFF0000000000000094
:104F30000000000000000000000000000000000071
:104F400000000003EBFF0000000000000000000074
:104F50000000000000000000000000000000000051
:104F600003EBFF0000000000000000000000000054
:104F70000000000000000000000000000003EBFF44
:104F80000000000000000000000000000000000021
:104F90000000000000000000000003EBFF00000024
:104FA0000000000000000000000000000000000001
:104FB0000000000000000003EBFF00000000000004
:104FC00000000000000000000000000000000000E1
:104FD0000000000003EBFF000000000000000000E4
:104FE00000000000000000000000000000000000C1
:104FF0000003EBFF000000000000000000000000C4
:10500000000000000000000000000000000003EBB2
:10501000FF00000000000000000000000000000091
:10502000000000000000000000000003EBFF000093
:105030000000000000000000000000000000000070
:10504000000000000000000003EBFF000000000073
:105050000000000000000000000000000000000050
:10506000000000000003EBFF000000000000000053
:105070000000000000000000000000000000000030
:10508000000003EBFF000000000000000000000033
:10509000000000000000000000000000000000030D
:1050A000EBFF000000000000000000000000000016
:1050B00000000000000000000000000003EBFF0003
:1050C00000000000000000000000000000000000E0
:1050D00000000000000000000003EBFF00000000E3
:1050E00000000000000000000000000000000000C0
:1050F00000000000000003EBFF00000000000000C3
:10510000000000000000000000000000000000009F
:1051100000000003EBFF00000000000000000000A2
:10512000000000000000000000000000000000007F
:1051300003EBFF0000000000000000000000000082
:105140000000000000000000000000000003EBFF72
:10515000000000000000000000000000000000004F
:105160000000000000000000000003EBFF00000052
:10517000000000000000000000000000000000002F
:105180000000000000000003EBFF00000000000032
:10519000000000000000000000000000000000000F
:1051A0000000000003EBFF00000000000000000012
:1051B00000000000000000000000000000000000EF
:1051C0000003EBFF000000000000000000000000F2
:1051D000000000000000000000000000000003EBE1
:1051E000FF000000000000000000000000000000C0
:1051F000000000000000000000000003EBFF0000C2
:10520000000000000000000000000000000000009E
:10521000000000000000000003EBFF0000000000A1
:10522000000000000000000000000000000000007E
:10523000000000000003EBFF000000000000000081
:10524000000000000000000000000000000000005E
:10525000000003EBFF000000000000000000000061
:10526000000000000000000000000000000000033B
:10527000EBFF000000000000000000000000000044
:1052800000000000000000000000000003EBFF0031
:10529000000000000000000000000000000000000E
:1052A00000000000000000000003EBFF0000000011
:1052B00000000000000000000000000000000000EE
:1052C00000000000000003EBFF00000000000000F1
:1052D00000000000000000000000000000000000CE
:1052E00000000003EBFF00000000000000000000D1
:1052F00000000000000000000000000000000000AE
:1053000003EBFF00000000000000000000000000B0
:105310000000000000000000000000000003EBFFA0
:10532000000000000000000000000000000000007D
:105330000000000000000000000003EBFF00000080
:10534000000000000000000000000000000000005D
:105350000000000000000003EBFF00000000000060
:10536000000000000000000000000000000000003D
:105370000000000003EBFF00000000000000000040
:10538000000000000000000000000000000000001D
:105390000003EBFF00000000000000000000000020
:1053A000000000000000000000000000000003EB0F
:1053B000FF000000000000000000000000000000EE
:1053C000000000000000000000000003EBFF0000F0
:1053D00000000000000000000000000000000000CD
:1053E000000000000000000003EBFF0000000000D0
:1053F00000000000000000000000000000000000AD
:10540000000000000003EBFF0000000000000000AF
:10541000000000000000000000000000000000008C
:10542000000003EBFF00000000000000000000008F
:105430000000000000000000000000000000000369
:10544000EBFF000000000000000000000000000072
:1054500000000000000000000000000003EBFF005F
:10546000000000000000000000000000000000003C
:1054700000000000000000000003EBFF000000003F
:10548000000000000000000000000000000000001C
:1054900000000000000003EBFF000000000000001F
:1054A00000000000000000000000000000000000FC
:1054B00000000003EBFF00000000000000000000FF
:1054C00000000000000000000000000000000000DC
:1054D00003EBFF00000000000000000000000000DF
:1054E0000000000000000000000000000003EBFFCF
:1054F00000000000000000000000000000000000AC
:105500000000000000000000000003EBFF000000AE
:10551000000000000000000000000000000000008B
:105520000000000000000003EBFF0000000000008E
:10553000000000000000000000000000000000006B
:105540000000000003EBFF0000000000000000006E
:10555000000000000000000000000000000000004B
:105560000003EBFF0000000000000000000000004E
:10557000000000000000000000000000000003EB3D
:10558000FF0000000000000000000000000000001C
:10559000000000000000000000000003EBFF00001E
:1055A00000000000000000000000000000000000FB
:1055B000000000000000000003EBFF0000000000FE
:1055C00000000000000000000000000000000000DB
:1055D000000000000003EBFF0000000000000000DE
:1055E00000000000000000000000000000000000BB
:1055F000000003EBFF0000000000000000000000BE
:105600000000000000000000000000000000000397
:10561000EBFF0000000000000000000000000000A0
:1056200000000000000000000000000003EBFF008D
:10563000000000000000000000000000000000006A
:1056400000000000000000000003EBFF000000006D
:10565000000000000000000000000000000000004A
:1056600000000000000003EBFF000000000000004D
:10567000000000000000000000000000000000002A
:1056800000000003EBFF000000000000000000002D
:10569000000000000000000000000000000000000A
:1056A00003EBFF000000000000000000000000000D
:1056B0000000000000000000000000000003EBFFFD
:1056C00000000000000000000000000000000000DA
:1056D0000000000000000000000003EBFF000000DD
:1056E00000000000000000000000000000000000BA
:1056F0000000000000000003EBFF000000000000BD
:105700000000000000000000000000000000000099
:105710000000000003EBFF0000000000000000009C
:105720000000000000000000000000000000000079
:105730000003EBFF0000000000000000000000007C
:10574000000000000000000000000000000003EB6B
:10575000FF0000000000000000000000000000004A
:10576000000000000000000000000003EBFF00004C
:105770000000000000000000000000000000000029
:10578000000000000000000003EBFF00000000002C
:105790000000000000000000000000000000000009
:1057A000000000000003EBFF00000000000000000C
:1057B00000000000000000000000000000000000E9
:1057C000000003EBFF0000000000000000000000EC
:1057D00000000000000000000000000000000003C6
:1057E000EBFF0000000000000000000000000000CF
:1057F00000000000000000000000000003EBFF00BC
:105800000000000000000000000000000000000098
:1058100000000000000000000003EBFF000000009B
:105820000000000000000000000000000000000078
:1058300000000000000003EBFF000000000000007B
:105840000000000000000000000000000000000058
:1058500000000003EBFF000000000000000000005B
:105860000000000000000000000000000000000038
:1058700003EBFF000000000000000000000000003B
:105880000000000000000000000000000003EBFF2B
:105890000000000000000000000000000000000008
:1058A0000000000000000000000003EBFF0000000B
:1058B00000000000000000000000000000000000E8
:1058C0000000000000000003EBFF000000000000EB
:1058D00000000000000000000000000000000000C8
:1058E0000000000003EBFF000000000000000000CB
:1058F00000000000000000000000000000000000A8
:105900000003EBFF000000000000000000000000AA
:10591000000000000000000000000000000003EB99
:10592000FF00000000000000000000000000000078
:10593000000000000000000000000003EBFF00007A
:105940000000000000000000000000000000000057
:10595000000000000000000003EBFF00000000005A
:105960000000000000000000000000000000000037
:10597000000000000003EBFF00000000000000003A
:105980000000000000000000000000000000000017
:10599000000003EBFF00000000000000000000001A
:1059A00000000000000000000000000000000003F4
:1059B000EBFF0000000000000000000000000000FD
:1059C00000000000000000000000000003EBFF00EA
:1059D00000000000000000000000000000000000C7
:1059E00000000000000000000003EBFF00000000CA
:1059F00000000000000000000000000000000000A7
:105A000000000000000003EBFF00000000000000A9
:105A10000000000000000000000000000000000086
:105A200000000003EBFF0000000000000000000089
:105A30000000000000000000000000000000000066
:105A400003EBFF0000000000000000000000000069
:105A50000000000000000000000000000003EBFF59
:105A60000000000000000000000000000000000036
:105A70000000000000000000000003EBFF00000039
:105A80000000000000000000000000000000000016
:105A90000000000000000003EBFF00000000000019
:105AA00000000000000000000000000000000000F6
:105AB0000000000003EBFF000000000000000000F9
:105AC00000000000000000000000000000000000D6
:105AD0000003EBFF000000000000000000000000D9
:105AE000000000000000000000000000000003EBC8
:105AF000FF000000000000000000000000000000A7
:105B0000000000000000000000000003EBFF0000A8
:105B10000000000000000000000000000000000085
:105B2000000000000000000003EBFF000000000088
:105B30000000000000000000000000000000000065
:105B4000000000000003EBFF000000000000000068
:105B50000000000000000000000000000000000045
:105B6000000003EBFF000000000000000000000048
:105B70000000000000000000000000000000000322
:105B8000EBFF00000000000000000000000000002B
:105B900000000000000000000000000003EBFF0018
:105BA00000000000000000000000000000000000F5
:105BB00000000000000000000003EBFF00000000F8
:105BC00000000000000000000000000000000000D5
:105BD00000000000000003EBFF00000000000000D8
:105BE00000000000000000000000000000000000B5
:105BF00000000003EBFF00000000000000000000B8
:105C00000000000000000000000000000000000094
:105C100003EBFF0000000000000000000000000097
:105C20000000000000000000000000000003EBFF87
:105C30000000000000000000000000000000000064
:105C40000000000000000000000003EBFF00000067
:105C50000000000000000000000000000000000044
:105C60000000000000000003EBFF00000000000047
:105C70000000000000000000000000000000000024
:105C80000000000003EBFF00000000000000000027
:105C90000000000000000000000000000000000004
:105CA0000003EBFF00000000000000000000000007
:105CB000000000000000000000000000000003EBF6
:105CC000FF000000000000000000000000000000D5
:105CD000000000000000000000000003EBFF0000D7
:105CE00000000000000000000000000000000000B4
:105CF000000000000000000003EBFF0000000000B7
:105D00000000000000000000000000000000000093
:105D1000000000000003EBFF000000000000000096
:105D20000000000000000000000000000000000073
:105D3000000003EBFF000000000000000000000076
:105D40000000000000000000000000000000000350
:105D5000EBFF000000000000000000000000000059
:105D600000000000000000000000000003EBFF0046
:105D70000000000000000000000000000000000023
:105D800000000000000000000003EBFF0000000026
:105D90000000000000000000000000000000000003
:105DA00000000000000003EBFF0000000000000006
:105DB00000000000000000000000000000000000E3
:105DC00000000003EBFF00000000000000000000E6
:105DD00000000000000000000000000000000000C3
:105DE00003EBFF00000000000000000000000000C6
:105DF0000000000000000000000000000003EBFFB6
:105E0000080000000000000000000000000000008A
:105E100000000000000000000000C994FF00000026
:105E20000000000000000000000000000000000072
:105E30000000000000000003EBFF00000000000075
:105E40000000000000000000000000000000000052
:105E50000000000003EBFF00000000000000000055
:105E60000000000000000000000000000000000032
:105E70000003EBFF00000000000000000000000035
:105E8000000000000000000000000000000003EB24
:105E9000FF00000000000000000000000000000003
:105EA000000000000000000000000003EBFF000005
:105EB00000000000000000000000000000000000E2
:105EC000000000000000000003EBFF0000000000E5
:105ED00000000000000000000000000000000000C2
:105EE000000000000003EBFF0000000000000000C5
:105EF00000000000000000000000000000000000A2
:105F0000000003EBFF0000000000000000000000A4
:105F1000000000000000000000000000000000037E
:105F2000EBFF000000000000000000000000000087
:105F300000000000000000000000000003EBFF0074
:105F40000000000000000000000000000000000051
:105F500000000000000000000003EBFF0000000054
:105F60000000000000000000000000000000000031
:105F700000000000000003EBFF0000000000000034
:105F80000000000000000000000000000000000011
:105F900000000003EBFF0000000000000000000014
:105FA00000000000000000000000000000000000F1
:105FB00003EBFF00000000000000000000000000F4
:105FC0000000000000000000000000000003EBFFE4
:105FD00000000000000000000000000000000000C1
:105FE0000000000000000000000003EBFF000000C4
:105FF00000000000000000000000000000000000A1
:106000000000000000000003EBFF000000000000A3
:106010000000000000000000000000000000000080
:106020000000000003EBFF00000000000000000083
:106030000000000000000000000000000000000060
:106040000003EBFF00000000000000000000000063
:10605000000000000000000000000000000003EB52
:10606000FF00000000000000000000000000000031
:10607000000000000000000000000003EBFF000033
:106080000000000000000000000000000000000010
:10609000000000000000000003EBFF000000000013
:1060A00000000000000000000000000000000000F0
:1060B000000000000003EBFF0000000000000000F3
:1060C00000000000000000000000000000000000D0
:1060D000000003EBFF0000000000000000000000D3
:1060E00000000000000000000000000000000003AD
:1060F000EBFF0000000000000000000000000000B6
:1061000000000000000000000000000003EBFF00A2
:10611000000000000000000000000000000000007F
:1061200000000000000000000003EBFF0000000082
:10613000000000000000000000000000000000005F
:1061400000000000000003EBFF0000000000000062
:10615000000000000000000000000000000000003F
:1061600000000003EBFF0000000000000000000042
:10617000000000000000000000000000000000001F
:1061800003EBFF0000000000000000000000000022
:106190000000000000000000000000000003EBFF12
:1061A00000000000000000000000000000000000EF
:1061B0000000000000000000000003EBFF000000F2
:1061C00000000000000000000000000000000000CF
:1061D0000000000000000003EBFF000000000000D2
:1061E00000000000000000000000000000000000AF
:1061F0000000000003EBFF000000000000000000B2
:10620000000000000000000000000000000000008E
:106210000003EBFF00000000000000000000000091
:10622000000000000000000000000000000003EB80
:10623000FF0000000000000000000000000000005F
:10624000000000000000000000000003EBFF000061
:10625000000000000000000000000000000000003E
:10626000000000000000000003EBFF000000000041
:10627000000000000000000000000000000000001E
:10628000000000000003EBFF000000000000000021
:1062900000000000000000000000000000000000FE
:1062A000000003EBFF000000000000000000000001
:1062B00000000000000000000000000000000003DB
:1062C000EBFF0000000000000000000000000000E4
:1062D00000000000000000000000000003EBFF00D1
:1062E00000000000000000000000000000000000AE
:1062F00000000000000000000003EBFF00000000B1
:10630000000000000000000000000000000000008D
:1063100000000000000003EBFF0000000000000090
:10632000000000000000000000000000000000006D
:1063300000000003EBFF0000000000000000000070
:10634000000000000000000000000000000000004D
:1063500003EBFF0000000000000000000000000050
:106360000000000000000000000000000003EBFF40
:10637000000000000000000000000000000000001D
:106380000000000000000000000003EBFF00000020
:1063900000000000000000000000000000000000FD
:1063A0000000000000000003EBFF00000000000000
:1063B00000000000000000000000000000000000DD
:1063C0000000000003EBFF000000000000000000E0
:1063D00000000000000000000000000000000000BD
:1063E0000003EBFF000000000000000000000000C0
:1063F000000000000000000000000000000003EBAF
:10640000FF0000000000000000000000000000008D
:10641000000000000000000000000003EBFF00008F
:10642000000000000000000000000000000000006C
:10643000000000000000000003EBFF00000000006F
:10644000000000000000000000000000000000004C
:10645000000000000003EBFF00000000000000004F
:10646000000000000000000000000000000000002C
:10647000000003EBFF00000000000000000000002F
:106480000000000000000000000000000000000309
:10649000EBFF000000000000000000000000000012
:1064A00000000000000000000000000003EBFF00FF
:1064B00000000000000000000000000000000000DC
:1064C00000000000000000000003EBFF00000000DF
:1064D00000000000000000000000000000000000BC
:1064E00000000000000003EBFF00000000000000BF
:1064F000000000000000000000000000000000009C
:1065000000000003EBFF000000000000000000009E
:10651000000000000000000000000000000000007B
:1065200003EBFF000000000000000000000000007E
:106530000000000000000000000000000003EBFF6E
:10654000000000000000000000000000000000004B
:106550000000000000000000000003EBFF0000004E
:10656000000000000000000000000000000000002B
:106570000000000000000003EBFF0000000000002E
:10658000000000000000000000000000000000000B
:106590000000000003EBFF0000000000000000000E
:1065A00000000000000000000000000000000000EB
:1065B0000003EBFF000000000000000000000000EE
:1065C000000000000000000000000000000003EBDD
:1065D000FF000000000000000000000000000000BC
:1065E000000000000000000000000003EBFF0000BE
:1065F000000000000000000000000000000000009B
:10660000000000000000000003EBFF00000000009D
:10661000000000000000000000000000000000007A
:10662000000000000003EBFF00000000000000007D
:10663000000000000000000000000000000000005A
:10664000000003EBFF00000000000000000000005D
:106650000000000000000000000000000000000337
:10666000EBFF000000000000000000000000000040
:1066700000000000000000000000000003EBFF002D
:10668000000000000000000000000000000000000A
:1066900000000000000000000003EBFF000000000D
:1066A00000000000000000000000000000000000EA
:1066B00000000000000003EBFF00000000000000ED
:1066C00000000000000000000000000000000000CA
:1066D00000000003EBFF00000000000000000000CD
:1066E00000000000000000000000000000000000AA
:1066F00003EBFF00000000000000000000000000AD
:106700000000000000000000000000000003EBFF9C
:106710000000000000000000000000000000000079
:106720000000000000000000000003EBFF0000007C
:106730000000000000000000000000000000000059
:106740000000000000000003EBFF0000000000005C
:106750000000000000000000000000000000000039
:106760000000000003EBFF0000000000000000003C
:106770000000000000000000000000000000000019
:106780000003EBFF0000000000000000000000001C
:10679000000000000000000000000000000003EB0B
:1067A000FF000000000000000000000000000000EA
:1067B000000000000000000000000003EBFF0000EC
:1067C00000000000000000000000000000000000C9
:1067D000000000000000000003EBFF0000000000CC
:1067E00000000000000000000000000000000000A9
:1067F000000000000003EBFF0000000000000000AC
:106800000000000000000000000000000000000088
:10681000000003EBFF00000000000000000000008B
:106820000000000000000000000000000000000365
:10683000EBFF00000000000000000000000000006E
:1068400000000000000000000000000003EBFF005B
:106850000000000000000000000000000000000038
:1068600000000000000000000003EBFF000000003B
:106870000000000000000000000000000000000018
:1068800000000000000003EBFF000000000000001B
:1068900000000000000000000000000000000000F8
:1068A00000000003EBFF00000000000000000000FB
:1068B00000000000000000000000000000000000D8
:1068C00003EBFF00000000000000000000000000DB
:1068D0000000000000000000000000000003EBFFCB
:1068E00000000000000000000000000000000000A8
:1068F0000000000000000000000003EBFF000000AB
:106900000000000000000000000000000000000087
:106910000000000000000003EBFF0000000000008A
:106920000000000000000000000000000000000067
:106930000000000003EBFF0000000000000000006A
:106940000000000000000000000000000000000047
:106950000003EBFF0000000000000000000000004A
:10696000000000000000000000000000000003EB39
:10697000FF00000000000000000000000000000018
:10698000000000000000000000000003EBFF00001A
:1069900000000000000000000000000000000000F7
:1069A000000000000000000003EBFF0000000000FA
:1069B00000000000000000000000000000000000D7
:1069C000000000000003EBFF0000000000000000DA
:1069D00000000000000000000000000000000000B7
:1069E000000003EBFF0008000000000000000000B2
:1069F000000000000000000000000000000000A9EE
:106A0000A1FF0000000000000000000000000000E6
:106A100000000000000000000000000003EBFF0089
:106A20001000000000000000000000000000000056
:106A3000000000000000000000577EFF0000000082
:106A40000000000000000000000000000000000046
:106A500000000000000003EBFF0000000000000049
:106A60000000000000000000000000000000000026
:106A700000000003EBFF0000000000000000000029
:106A80000000000000000000000000000000000006
:106A900003EBFF0000000000000000000000000009
:106AA0000000000000000000000000000003EBFFF9
:106AB00000000000000000000000000000000000D6
:106AC0000000000000000000000003EBFF000000D9
:106AD00000000000000000000000000000000000B6
:106AE0000000000000000003EBFF000000000000B9
:106AF0000000000000000000000000000000000096
:106B00000000000003EBFF00000000000000000098
:106B10000000000000000000000000000000000075
:106B20000003EBFF00000000000000000000000078
:106B3000000000000000000000000000000003EB67
:106B4000FF00000000000000000000000000000046
:106B5000000000000000000000000003EBFF000048
:106B60000000000000000000000000000000000025
:106B7000000000000000000003EBFF000000000028
:106B80000000000000000000000000000000000005
:106B9000000000000003EBFF000000000000000008
:106BA00000000000000000000000000000000000E5
:106BB000000003EBFF0000000000000000000000E8
:106BC00000000000000000000000000000000003C2
:106BD000EBFF0000000000000000000000000000CB
:106BE00000000000000000000000000003EBFF00B8
:106BF0000000000000000000000000000000000095
:106C000000000000000000000003EBFF0000000097
:106C10000000000000000000000000000000000074
:106C200000000000000003EBFF0000000000000077
:106C30000000000000000000000000000000000054
:106C400000000003EBFF0000000000000000000057
:106C50000000000000000000000000000000000034
:106C600003EBFF0000000000000000000000000037
:106C70000000000000000000000000000003EBFF27
:106C80000000000000000000000000000000000004
:106C90000000000000000000000003EBFF00000007
:106CA00000000000000000000000000000000000E4
:106CB0000000000000000003EBFF000000000000E7
:106CC00000000000000000000000000000000000C4
:106CD0000000000003EBFF000000000000000000C7
:106CE00000000000000000000000000000000000A4
:106CF0000003EBFF000000000000000000000000A7
:106D0000000000000000000000000000000003EB95
:106D1000FF00000000000000000000000000000074
:106D2000000000000000000000000003EBFF000076
:106D30000000000000000000000000000000000053
:106D4000000000000000000003EBFF000000000056
:106D50000000000000000000000000000000000033
:106D6000000000000003EBFF000000000000000036
:106D70000000000000000000000000000000000013
:106D8000000003EBFF000000000000000000000016
:106D900000000000000000000000000000000003F0
:106DA000EBFF0000000000000000000000000000F9
:106DB00000000000000000000000000003EBFF00E6
:106DC00000000000000000000000000000000000C3
:106DD00000000000000000000003EBFF00000000C6
:106DE00000000000000000000000000000000000A3
:106DF00000000000000003EBFF00000000000000A6
:106E00000000000000000000000000000000000082
:106E100000000003EBFF0000000000000000000085
:106E20000000000000000000000000000000000062
:106E300003EBFF0000000000000000000000000065
:106E40000000000000000000000000000003EBFF55
:106E50000000000000000000000000000000000032
:106E60000000000000000000000003EBFF00000035
:106E70000000000000000000000000000000000012
:106E80000000000000000003EBFF00000000000015
:106E900000000000000000000000000000000000F2
:106EA0000000000003EBFF000000000000000000F5
:106EB00000000000000000000000000000000000D2
:106EC0000003EBFF000000000000000000000000D5
:106ED000000000000000000000000000000003EBC4
:106EE000FF000000000000000000000000000000A3
:106EF000000000000000000000000003EBFF0000A5
:106F00000000000000000000000000000000000081
:106F1000000000000000000003EBFF000000000084
:106F20000000000000000000000000000000000061
:106F3000000000000003EBFF000000000000000064
:106F40000000000000000000000000000000000041
:106F5000000003EBFF000000000000000000000044
:106F6000000000000000000000000000000000031E
:106F7000EBFF000000000000000000000000000027
:106F800000000000000000000000000003EBFF0014
:106F900000000000000000000000000000000000F1
:106FA00000000000000000000003EBFF00000000F4
:106FB00000000000000000000000000000000000D1
:106FC00000000000000003EBFF00000000000000D4
:106FD00000000000000000000000000000000000B1
:106FE00000000003EBFF00000000000000000000B4
:106FF0000000000000000000000000000000000091
:1070000003EBFF0000000000000000000000000093
:107010000000000000000000000000000003EBFF83
:107020000000000000000000000000000000000060
:107030000000000000000000000003EBFF00000063
:107040000000000000000000000000000000000040
:107050000000000000000003EBFF00000000000043
:107060000000000000000000000000000000000020
:107070000000000003EBFF00000000000000000023
:107080000000000000000000000000000000000000
:107090000003EBFF00000000000000000000000003
:1070A000000000000000000000000000000003EBF2
:1070B000FF000000000000000000000000000000D1
:1070C000000000000000000000000003EBFF0000D3
:1070D00000000000000000000000000000000000B0
:1070E000000000000000000003EBFF0000000000B3
:1070F0000000000000000000000000000000000090
:10710000000000000003EBFF000000000000000092
:10711000000000000000000000000000000000006F
:10712000000003EBFF000000000000000000000072
:10713000000000000000000000000000000000034C
:10714000EBFF000000000000000000000000000055
:1071500000000000000000000000000003EBFF0042
:10716000000000000000000000000000000000001F
:1071700000000000000000000003EBFF0000000022
:1071800000000000000000000000000000000000FF
:1071900000000000000003EBFF0000000000000002
:1071A00000000000000000000000000000000000DF
:1071B00000000003EBFF00000000000000000000E2
:1071C00000000000000000000000000000000000BF
:1071D00003EBFF00000000000000000000000000C2
:1071E0000000000000000000000000000003EBFFB2
:1071F000000000000000000000000000000000008F
:107200000000000000000000000003EBFF00000091
:10721000000000000000000000000000000000006E
:107220000000000000000003EBFF00000000000071
:10723000000000000000000000000000000000004E
:107240000000000003EBFF00000000000000000051
:10725000000000000000000000000000000000002E
:107260000003EBFF00000000000000000000000031
:10727000000000000000000000000000000003EB20
:10728000FF000000000000000000000000000000FF
:10729000000000000000000000000003EBFF000001
:1072A00000000000000000000000000000000000DE
:1072B000000000000000000003EBFF0000000000E1
:1072C00000000000000000000000000000000000BE
:1072D000000000000003EBFF0000000000000000C1
:1072E000000000000000000000000000000000009E
:1072F000000003EBFF0000000000000000000000A1
:10730000000000000000000000000000000000037A
:10731000EBFF000000000000000000000000000083
:1073200000000000000000000000000003EBFF0070
:10733000000000000000000000000000000000004D
:1073400000000000000000000003EBFF0000000050
:10735000000000000000000000000000000000002D
:1073600000000000000003EBFF0000000000000030
:10737000000000000000000000000000000000000D
:1073800000000003EBFF0000000000000000000010
:1073900000000000000000000000000000000000ED
:1073A00003EBFF00000000000000000000000000F0
:1073B0000000000000000000000000000003EBFFE0
:1073C00000000000000000000000000000000000BD
:1073D0000000000000000000000003EBFF000000C0
:1073E000000000000000000000000000000000009D
:1073F0000000000000000003EBFF000000000000A0
:10740000000000000000000000000000000000007C
:107410000000000003EBFF0000000000000000007F
:10742000000000000000000000000000000000005C
:107430000003EBFF0000000000000000000000005F
:10744000000000000000000000000000000003EB4E
:10745000FF0000000000000000000000000000002D
:10746000000000000000000000000003EBFF00002F
:10747000000000000000000000000000000000000C
:10748000000000000000000003EBFF00000000000F
:1074900000000000000000000000000000000000EC
:1074A000000000000003EBFF0000000000000000EF
:1074B00000000000000000000000000000000000CC
:1074C000000003EBFF0000000000000000000000CF
:1074D00000000000000000000000000000000003A9
:1074E000EBFF0000000000000000000000000000B2
:1074F00000000000000000000000000003EBFF009F
:10750000000000000000000000000000000000007B
:1075100000000000000000000003EBFF000000007E
:10752000000000000000000000000000000000005B
:1075300000000000000003EBFF000000000000005E
:10754000000000000000000000000000000000003B
:1075500000000003EBFF000000000000000000003E
:10756000000000000000000000000000000000001B
:1075700003EBFF000000000000000000000000001E
:107580000000000000000000000000000003EBFF0E
:1075900000000000000000000000000000000000EB
:1075A0000000000000000000000003EBFF000000EE
:1075B00000000000000000000000000000000000CB
:1075C0000000000000000003EBFF000000000000CE
:1075D00000000000000000000000000000000000AB
:1075E0000000000003EBFF000000000000000000AE
:1075F000000000000000000000000000000000008B
:107600000003EBFF0000000000000000000000008D
:10761000000000000000000000000000000003EB7C
:10762000FF0000000000000000000000000000005B
:10763000000000000000000000000003EBFF00005D
:10764000000000000000000000000000000000003A
:10765000000000000000000003EBFF00000000003D
:10766000000000000000000000000000000000001A
:10767000000000000003EBFF00000000000000001D
:1076800000000000000000000000000000000000FA
:10769000000003EBFF0000000000000000000000FD
:1076A00000000000000000000000000000000003D7
:1076B000EBFF0000000000000000000000000000E0
:1076C00000000000000000000000000003EBFF00CD
:1076D00000000000000000000000000000000000AA
:1076E00000000000000000000003EBFF00000000AD
:1076F000000000000000000000000000000000008A
:1077000000000000000003EBFF000000000000008C
:107710000000000000000000000000000000000069
:1077200000000003EBFF000000000000000000006C
:107730000000000000000000000000000000000049
:1077400003EBFF000000000000000000000000004C
:107750000000000000000000000000000003EBFF3C
:107760000000000000000000000000000000000019
:107770000000000000000000000003EBFF0000001C
:1077800000000000000000000000000000000000F9
:107790000000000000000003EBFF000000000000FC
:1077A00000000000000000000000000000000000D9
:1077B0000000000003EBFF000000000000000000DC
:1077C00000000000000000000000000000000000B9
:1077D0000003EBFF000000000000000000000000BC
:1077E000000000000000000000000000000003EBAB
:1077F000FF0000000000000000000000000000008A
:10780000000000000000000000000003EBFF00008B
:107810000000000000000000000000000000000068
:10782000000000000000000003EBFF00000000006B
:107830000000000000000000000000000000000048
:10784000000000000003EBFF00000000000000004B
:107850000000000000000000000000000000000028
:10786000000003EBFF00000000000000000000002B
:107870000000000000000000000000000000000305
:10788000EBFF00000000000000000000000000000E
:1078900000000000000000000000000003EBFF00FB
:1078A00000000000000000000000000000000000D8
:1078B00000000000000000000003EBFF00000000DB
:1078C00000000000000000000000000000000000B8
:1078D00000000000000003EBFF00000000000000BB
:1078E0000000000000000000000000000000000098
:1078F00000000003EBFF000000000000000000009B
:107900000000000000000000000000000000000077
:1079100003EBFF000000000000000000000000007A
:107920000000000000000000000000000003EBFF6A
:107930000000000000000000000000000000000047
:107940000000000000000000000003EBFF0000004A
:107950000000000000000000000000000000000027
:107960000000000000000003EBFF0000000000002A
:107970000000000000000000000000000000000007
:107980000000000003EBFF0000000000000000000A
:1079900000000000000000000000000000000000E7
:1079A0000003EBFF000000000000000000000000EA
:1079B000000000000000000000000000000003EBD9
:1079C000FF000000000000000000000000000000B8
:1079D000000000000000000000000003EBFF0000BA
:1079E0000000000000000000000000000000000097
:1079F000000000000000000003EBFF00000000009A
:107A00000000000000000000000000000000000076
:107A1000000000000003EBFF000000000000000079
:107A20000000000000000000000000000000000056
:107A3000000003EBFF000000000000000000000059
:107A40000000000000000000000000000000000333
:107A5000EBFF00000000000000000000000000003C
:107A600000000000000000000000000003EBFF0029
:107A70000000000000000000000000000000000006
:107A800000000000000000000003EBFF0000000009
:107A900000000000000000000000000000000000E6
:107AA00000000000000003EBFF00000000000000E9
:107AB00000000000000000000000000000000000C6
:107AC00000000003EBFF00000000000000000000C9
:107AD00000000000000000000000000000000000A6
:107AE00003EBFF00000000000000000000000000A9
:107AF0000000000000000000000000000003EBFF99
:107B00000000000000000000000000000000000075
:107B10000000000000000000000003EBFF00000078
:107B20000000000000000000000000000000000055
:107B30000000000000000003EBFF00000000000058
:107B40000000000000000000000000000000000035
:107B50000000000003EBFF00000000000000000038
:107B60000000000000000000000000000000000015
:107B70000003EBFF00000000000000000000000018
:107B8000000000000000000000000000000003EB07
:107B9000FF000000000000000000000000000000E6
:107BA000000000000000000000000003EBFF0000E8
:107BB00000000000000000000000000000000000C5
:107BC000000000000000000003EBFF0000000000C8
:107BD00000000000000000000000000000000000A5
:107BE000000000000003EBFF0000000000000000A8
:107BF0000000000000000000000000000000000085
:107C0000000003EBFF000000000000000000000087
:107C10000000000000000000000000000000000361
:107C2000EBFF00000000000000000000000000006A
:107C300000000000000000000000000003EBFF0057
:107C40000000000000000000000000000000000034
:107C500000000000000000000003EBFF0000000037
:107C60000000000000000000000000000000000014
:107C700000000000000003EBFF0000000000000017
:107C800000000000000000000000000000000000F4
:107C900000000003EBFF00000000000000000000F7
:107CA00000000000000000000000000000000000D4
:107CB00003EBFF00000000000000000000000000D7
:107CC0000000000000000000000000000003EBFFC7
:107CD00000000000000000000000000000000000A4
:107CE0000000000000000000000003EBFF000000A7
:107CF0000000000000000000000000000000000084
:107D00000000000000000003EBFF00000000000086
:107D10000000000000000000000000000000000063
:107D20000000000003EBFF00000000000000000066
:107D30000000000000000000000000000000000043
:107D40000003EBFF00000000000000000000000046
:107D5000000000000000000000000000000003EB35
:107D6000FF00000000000000000000000000000014
:107D7000000000000000000000000003EBFF000016
:107D800000000000000000000000000000000000F3
:107D9000000000000000000003EBFF0000000000F6
:107DA00000000000000000000000000000000000D3
:107DB000000000000003EBFF0000000000000000D6
:107DC00000000000000000000000000000000000B3
:107DD000000003EBFF0000000000000000000000B6
:107DE0000000000000000000000000000000000390
:107DF000EBFF000000000000000000000000000099
:107E000000000000000000000000000003EBFF0085
:107E10000000000000000000000000000000000062
:107E200000000000000000000003EBFF0000000065
:107E30000000000000000000000000000000000042
:107E400000000000000003EBFF0000000000000045
:107E50000000000000000000000000000000000022
:107E600000000003EBFF0000000000000000000025
:107E70000000000000000000000000000000000002
:107E800003EBFF0000000000000000000000000005
:107E90000000000000000000000000000003EBFFF5
:107EA00000000000000000000000000000000000D2
:107EB0000000000000000000000003EBFF000000D5
:107EC00000000000000000000000000000000000B2
:107ED0000000000000000003EBFF000000000000B5
:107EE0000000000000000000000000000000000092
:107EF0000000000003EBFF00000000000000000095
:107F00000000000000000000000000000000000071
:107F10000003EBFF00000000000000000000000074
:107F2000000000000000000000000000000003EB63
:107F3000FF00000000000000000000000000000042
:107F4000000000000000000000000003EBFF000044
:107F50000000000000000000000000000000000021
:107F6000000000000000000003EBFF08000000001C
:107F70000000000000000000000000000000000001
:107F80000000000000C994FF000000000000000095
:107F900000000000000000000000000000000000E1
:107FA000000003EBFF0800000000000000000000DC
:107FB000000000000000000000000000000000C9F8
:107FC00094FF00000000000000000000000000001E
:107FD00000000000000000000000000003EBFF00B4
:107FE0000000000000000000000000000000000091
:107FF00000000000000000000003EBFF0000000094
:108000000000000000000000000000000000000070
:1080100000000000000003EBFF0000000000000073
:108020000000000000000000000000000000000050
:1080300000000003EBFF0000000000000000000053
:108040000000000000000000000000000000000030
:1080500003EBFF0000000000000000000000000033
:108060000000000000000000000000000003EBFF23
:108070000000000000000000000000000000000000
:108080000000000000000000000003EBFF00000003
:1080900000000000000000000000000000000000E0
:1080A0000000000000000003EBFF000000000000E3
:1080B00000000000000000000000000000000000C0
:1080C0000000000003EBFF000000000000000000C3
:1080D00000000000000000000000000000000000A0
:1080E0000003EBFF000000000000000000000000A3
:1080F000000000000000000000000000000003EB92
:10810000FF00000000000000000000000000000070
:10811000000000000000000000000003EBFF000072
:10812000000000000000000000000000000000004F
:10813000000000000000000003EBFF000000000052
:10814000000000000000000000000000000000002F
:10815000000000000003EBFF000000000000000032
:10816000000000000000000000000000000000000F
:10817000000003EBFF000000000000000000000012
:1081800000000000000000000000000000000003EC
:10819000EBFF0000000000000000000000000000F5
:1081A00000000000000000000000000003EBFF00E2
:1081B00000000000000000000000000000000000BF
:1081C00000000000000000000003EBFF00000000C2
:1081D000000000000000000000000000000000009F
:1081E00000000000000003EBFF00000000000000A2
:1081F000000000000000000000000000000000007F
:1082000000000003EBFF0000000000000000000081
:10821000000000000000000000000000000000005E
:1082200003EBFF0000000000000000000000000061
:108230000000000000000000000000000003EBFF51
:10824000000000000000000000000000000000002E
:108250000000000000000000000003EBFF00000031
:10826000000000000000000000000000000000000E
:108270000000000000000003EBFF00000000000011
:1082800000000000000000000000000000000000EE
:108290000000000003EBFF000000000000000000F1
:1082A00000000000000000000000000000000000CE
:1082B0000003EBFF000000000000000000000000D1
:1082C000000000000000000000000000000003EBC0
:1082D000FF0000000000000000000000000000009F
:1082E000000000000000000000000003EBFF0000A1
:1082F000000000000000000000000000000000007E
:10830000000000000000000003EBFF000000000080
:10831000000000000000000000000000000000005D
:10832000000000000003EBFF000000000000000060
:10833000000000000000000000000000000000003D
:10834000000003EBFF000000000000000000000040
:10835000000000000000000000000000000000031A
:10836000EBFF000000000000000000000000000023
:1083700000000000000000000000000003EBFF0010
:1083800000000000000000000000000000000000ED
:1083900000000000000000000003EBFF00000000F0
:1083A00000080000000000000000000000000000C5
:1083B0000000000000008AA3FF0000000000080089
:1083C00000000000000000000000000000000000AD
:1083D0000000008AA3FF0000000000000000000071
:1083E000000000000000000000000000000000008D
:1083F00003EBFF0000000000000000000000000090
:108400000000000000000000000000000003EBFF7F
:10841000000000000000000000000000000000005C
:108420000000000000000000000003EBFF0000005F
:10843000000000000000000000000000000000003C
:108440000000000000000003EBFF0000000000003F
:10845000000000000000000000000000000000001C
:108460000000000003EBFF0000000000000000001F
:1084700000000000000000000000000000000000FC
:108480000003EBFF000000000000000000000000FF
:10849000000000000000000000000000000003EBEE
:1084A000FF000000000000000000000000000000CD
:1084B000000000000000000000000003EBFF0000CF
:1084C00000000000000000000000000000000000AC
:1084D000000000000000000003EBFF0000000000AF
:1084E000000000000000000000000000000000008C
:1084F000000000000003EBFF00000000000000008F
:10850000000000000000000000000000000000006B
:10851000000003EBFF00000000000000000000006E
:108520000000000000000000000000000000000348
:10853000EBFF000000000000000000000000000051
:1085400000000000000000000000000003EBFF003E
:10855000000000000000000000000000000000001B
:1085600000000000000000000003EBFF000000001E
:1085700000000000000000000000000000000000FB
:1085800000000000000003EBFF00000000000000FE
:1085900000000000000000000000000000000000DB
:1085A00000000003EBFF00000000000000000000DE
:1085B00000000000000000000000000000000000BB
:1085C00003EBFF00000000000000000000000000BE
:1085D0000000000000000000000000000003EBFFAE
:1085E000000000000000000000000000000000008B
:1085F0000000000000000000000003EBFF0000008E
:10860000000000000000000000000000000000006A
:108610000000000000000003EBFF0000000000006D
:10862000000000000000000000000000000000004A
:108630000000000003EBFF0000000000000000004D
:10864000000000000000000000000000000000002A
:108650000003EBFF0000000000000000000000002D
:10866000000000000000000000000000000003EB1C
:10867000FF000000000000000000000000000000FB
:10868000000000000000000000000003EBFF0000FD
:1086900000000000000000000000000000000000DA
:1086A000000000000000000003EBFF0000000000DD
:1086B00000000000000000000000000000000000BA
:1086C000000000000003EBFF0000000000000000BD
:1086D000000000000000000000000000000000009A
:1086E000000003EBFF00000000000000000000009D
:1086F0000000000000000000000000000000000377
:10870000EBFF00000000000000000000000000007F
:1087100000000000000000000000000003EBFF006C
:108720000000000000000000000000000000000049
:1087300000000000000000000003EBFF000000004C
:108740000000000000000000000000000000000029
:1087500000000000000003EBFF000000000000002C
:108760000000000000000000000000000000000009
:1087700000000003EBFF000000000000000000000C
:1087800000000000000000000000000000000000E9
:1087900003EBFF00000000000000000000000000EC
:1087A0000000000000000000000000000003EBFFDC
:1087B00000000000000000000000000000000000B9
:1087C0000000000000000000000003EBFF000000BC
:1087D0000000000000000000000000000000000099
:1087E0000000000000000003EBFF0000000000009C
:1087F0000000000000000000000000000000000079
:108800000000000003EBFF0000000000000000007B
:108810000000000000000000000000000000000058
:108820000003EBFF0000000000000000000000005B
:10883000000000000000000000000000000003EB4A
:10884000FF00000000000000000000000000000029
:10885000000000000000000000000003EBFF00002B
:108860000000000000000000000000000000000008
:10887000000000000000000003EBFF00000000000B
:1088800000000000000000000000000000000000E8
:10889000000000000003EBFF0000000000000000EB
:1088A00000000000000000000000000000000000C8
:1088B000000003EBFF0000000000000000000000CB
:1088C00000000000000000000000000000000003A5
:1088D000EBFF0000000000000000000000000000AE
:1088E00000000000000000000000000003EBFF009B
:1088F0000000000000000000000000000000000078
:1089000000000000000000000003EBFF000000007A
:108910000000000000000000000000000000000057
:1089200000000000000003EBFF000000000000005A
:108930000000000000000000000000000000000037
:1089400000000003EBFF000000000000000000003A
:108950000000000000000000000000000000000017
:1089600003EBFF000000000000000000000000001A
:108970000000000000000000000000000003EBFF0A
:1089800000000000000000000000000000000000E7
:108990000000000000000000000003EBFF000000EA
:1089A00000000000000000000000000000000000C7
:1089B0000000000000000003EBFF000000000000CA
:1089C00000000000000000000000000000000000A7
:1089D0000000000003EBFF000000000000000000AA
:1089E0000000000000000000000000000000000087
:1089F0000003EBFF0000000000000000000000008A
:108A0000000000000000000000000000000003EB78
:108A1000FF00000000000000000000000000000057
:108A2000000000000000000000000003EBFF000059
:108A30000000000000000000000000000000000036
:108A4000000000000000000003EBFF000000000039
:108A50000000000000000000000000000000000016
:108A6000000000000003EBFF000000000000000019
:108A700000000000000000000000000000000000F6
:108A8000000003EBFF0000000000000000000000F9
:108A900000000000000000000000000000000003D3
:108AA000EBFF0000000000000000000000000000DC
:108AB00000000000000000000000000003EBFF00C9
:108AC000000000000000000000000008000000009E
:108AD0000000000000000000000A23FF000000006A
:108AE0000000000000000000000000000000000086
:108AF00000000000000003EBFF0000000000000089
:108B00000000000000000000000000000000000065
:108B100000000003EBFF0000000000000000000068
:108B20000000000000000000000000000000000045
:108B300003EBFF0000000000000000000000000048
:108B40000000000000000000000000000003EBFF38
:108B50000000000000000000000000000000000015
:108B60000000000000000000000003EBFF00000018
:108B700000000000000000000000000000000000F5
:108B80000000000000000003EBFF000000000000F8
:108B900000000000000000000000000000000000D5
:108BA0000000000003EBFF000000000000000000D8
:108BB00000000000000000000000000000000000B5
:108BC0000003EBFF000000000000000000000000B8
:108BD000000000000000000000000000000003EBA7
:108BE000FF00000000000000000000000000000086
:108BF000000000000000000000000003EBFF000088
:108C00000000000000000000000000000000000064
:108C1000000000000000000003EBFF000000000067
:108C20000000000000000000000000000000000044
:108C3000000000000003EBFF000000000000000047
:108C40000000000000000000000000000000000024
:108C5000000003EBFF000000000000000000000027
:108C60000000000000000000000000000000000301
:108C7000EBFF00000000000000000000000000000A
:108C800000000000000000000000000003EBFF00F7
:108C900000000000000000000000000000000000D4
:108CA00000000000000000000003EBFF00000000D7
:108CB00000000000000000000000000000000000B4
:108CC00000000000000003EBFF00000000000000B7
:108CD0000000000000000000000000000000000094
:108CE00000000003EBFF0000000000000000000097
:108CF0000000000000000000000000000000000074
:108D000003EBFF0000000000000000000000000076
:108D10000000000000000000000000000003EBFF66
:108D20000000000000000000000000000000000043
:108D30000000000000000000000003EBFF00000046
:108D4000000000000000000000080000000000001B
:108D5000000000000000000A23FF000000000000E7
:108D600000000000000008000000000000000000FB
:108D7000000000000A23FF000000000000000000C7
:108D800000000008000000000000000000000000DB
:108D9000000A23FF000000000000000000000000A7
:108DA000000000000000000000000000000003EBD5
:108DB000FF000000000000000000000000000000B4
:108DC000000000000000000000000003EBFF0000B6
:108DD0000000000000000000000000000000000093
:108DE000000000000000000003EBFF000000000096
:108DF0000000000000000000000000000000000073
:108E0000000000000003EBFF000000000000000075
:108E10000000000000000000000000000000000052
:108E2000000003EBFF000000000000000000000055
:108E3000000000000000000000000000000000032F
:108E4000EBFF000000000000000000000000000038
:108E500000000000000000000000000003EBFF0025
:108E60000000000000000000000000000000000002
:108E700000000000000000000003EBFF0000000005
:108E800000000000000000000000000000000000E2
:108E900000000000000003EBFF00000000000000E5
:108EA00000000000000000000000000000000000C2
:108EB00000000003EBFF00000000000000000000C5
:108EC00000000000000000000000000000000000A2
:108ED00003EBFF00000000000000000000000000A5
:108EE0000000000000000000000000000003EBFF95
:108EF0000000000000000000000000000000000072
:108F00000000000000000000000003EBFF00000074
:108F10000000000000000000000000000000000051
:108F20000000000000000003EBFF00000000000054
:108F30000000100000000000000000000000000021
:108F400000000000072EFF000000000000000000ED
:108F50000000000000000000000000000000000011
:108F60000003EBFF00000000000000000000000014
:108F7000000000000000000000000000000003EB03
:108F8000FF000000000000000000000000000000E2
:108F9000000000000000000000000003EBFF0000E4
:108FA0000000000080011000000000000000000030
:108FB0000000000000000000250CFF000000000081
:108FC00000000000000000000000000000000000A1
:108FD000000000000003EBFF0000000000000000A4
:108FE0000000000000000000000000000000000081
:108FF000000003EBFF000000000000000000000084
:10900000000000000000000000000000000000035D
:10901000EBFF000000000000000000000000000066
:1090200000000000000000000000000003EBFF0053
:109030000000000000000000000000000000000030
:1090400000000000000000000003EBFF0000000033
:109050000000000000000000000000000000000010
:1090600000000000000003EBFF0000000000000013
:1090700000000000000000000000000000000000F0
:1090800000000003EBFF00000000000800000000EB
:1090900000000000000000000000000000000000D0
:1090A0008AA3FF0000000080010000000000000013
:1090B000000000000000000000000000009B52FFC4
:1090C0000000000080090000000000000000000017
:1090D00000000000000000000000121AFF00000065
:1090E0000080000000000000000000000000000000
:1090F000000000000000008B83FF000000008000E3
:10910000000000000000000000000000000000005F
:10911000000000008B83FF000000008001000000C1
:10912000000000000000000000000000000000003F
:10913000009B52FF00000000000100000000000042
:109140000000000000000000000000000000133AD2
:10915000FF00000000800000000000000000000090
:1091600000000000000000000000008B83FF0000F2
:1091700000000000000000000000000000000000EF
:10918000000000000000000003EBFF000000008072
:1091900001000000000000000000000000000000CE
:1091A00000000000009B52FF000000008001000052
:1091B00000000000000000000000000000000000AF
:1091C00000009B52FF000000008000000000000033
:1091D0000000000000000000000000000000008B04
:1091E00083FF00000000800000000000000000007D
:1091F0000000000000000000000000008B83FF0062
:1092000000000080000000000000000000000000DE
:109210000000000000000000008B83FF0000000041
:10922000000400000000000000000000000000003A
:10923000000000000000466FFF00000000800000FA
:10924000000000000000000000000000000000001E
:109250000000008B83FF0000000000000000000001
:1092600000000000000000000000000000000000FE
:1092700003EBFF0000000000000000000000000001
:109280000000000000000000000000000003EBFFF1
:1092900000000000000000000000000000000000CE
:1092A0000000000000000000000003EBFF000000D1
:1092B000000040000000000000000000000000006E
:1092C000000000000000004D2FFF00000000000221
:1092D000010000000000000000000000000000008D
:1092E000000000001DD8FF0000000000200000006A
:1092F000000000000000000000000000000000006E
:10930000002489FF000000000000010000000000B0
:1093100000000000000000000000000000003E3AD5
:10932000FF0000000000000000000000000000003E
:10933000000000000000000000000003EBFF000040
:10934000000000000000000000000000000000001D
:10935000000000000000000003EBFF000000000020
:1093600000000000000000000000000000000000FD
:10937000000000000003EBFF000000000000000000
:1093800000000000000000000000000000000000DD
:10939000000003EBFF0000000000000000000000E0
:1093A00000000000000000000000000000000003BA
:1093B000EBFF0000000000000000000000000000C3
:1093C00000000000000000000000000003EBFF00B0
:1093D000000000000000000000000000000000008D
:1093E00000000000000000000003EBFF0000000090
:1093F0000000040000000000000000000000000069
:10940000000000000000F26FFF00000000000000FC
:10941000000000000000000000000000000000004C
:1094200000000003EBFF000000000000020000004D
:10943000000000000000000000000000000000002C
:109440007A09FF000000000000000000000000009A
:109450000000000000000000000000000003EBFF1F
:1094600000000000000000000000000000000000FC
:109470000000000000000000000003EBFF000000FF
:1094800000000000000000000000000000000000DC
:109490000000000000000003EBFF000000000000DF
:1094A00000000000000000000000000000000000BC
:1094B0000000000003EBFF000000000000000000BF
:1094C000000000000000000000000000000000009C
:1094D0000003EBFF0000000000000400000000009B
:1094E0000000000000000000000000000000F26F1B
:1094F000FF000000008000000000000000000000ED
:1095000000000000000000000000008B83FF00004E
:10951000000000010000000000000000000000004A
:109520000000000000000000133AFF0000000000EF
:109530000004000000000000000000000000000027
:109540000000000000F26FFF00000000004100007A
:10955000000000000000000000000000000000000B
:1095600000005DFEFF000000000081000000000020
:109570000000000000000000000000000000008C5F
:10958000F2FF0000000000410100000000000000A8
:10959000000000000000000000000000602FFF003D
:1095A000000000004B000000000000000000000070
:1095B000000000000000000000F754FF0000000061
:1095C000000100000000000000000000000000009A
:1095D000000000000000133AFF000000000000003F
:1095E000000000000000000000000000000000007B
:1095F00000000003EBFF000000000001000000007D
:10960000000000000000000000000000000000005A
:10961000133AFF00000000000000000000000000FE
:109620000000000000000000000000000003EBFF4D
:1096300000000000004B00000000000000000000DF
:1096400000000000000000000000F754FF000000D0
:109650000000010000000000000000000000000009
:1096600000000000000000133AFF000000000001AD
:1096700000000000000000000000000000000000EA
:1096800000000000133AFF0000000000B3000000DB
:1096900000000000000000000000000000000000CA
:1096A000009AE3FF0000000000010000000000003D
:1096B0000000000000000000000000000000133A5D
:1096C000FF0000000080010000000000000000001A
:1096D00000000000000000000000009B52FF00009E
:1096E00000008055010000000000000000000000A4
:1096F0000000000000000000BF52FF0000000080DA
:1097000081000000000000000000000000000000D8
:109710000000000000049AFF00000000800100002B
:109720000000000000000000000000000000000039
:1097300000009B52FF00000000804100000000007C
:10974000000000000000000000000000000000D544
:1097500096FF0000000080210000000000000000D3
:10976000000000000000000000000000BC30FF000E
:1097700000000080810000000000000000000000E8
:10978000000000000000000000049AFF000000003C
:109790008001000000000000000000000000000048
:1097A0000000000000009B52FF000000008001004C
:1097B00000000000000000000000000000000000A9
:1097C0000000009B52FF000000008001000000002C
:1097D0000000000000000000000000000000000089
:1097E0009B52FF000000000000000000000000008D
:1097F0000000000000000000000000000003EBFF7C
:109800000000000000000000000000000000000058
:109810000000000000000000000003EBFF0000005B
:1098200000800100000000000000000000000000B7
:10983000000000000000009B52FF000000008009B3
:109840000000000000000000000000000000000018
:1098500000000000121AFF000000000000000000DD
:1098600000000000000000000000000000000000F8
:109870000003EBFF000000000010000000000000EB
:109880000000000000000000000000000000117A4D
:10989000FF00000000800100000000000000000048
:1098A00000000000000000000000009B52FF0000CC
:1098B000000080090000000000000000000000001F
:1098C0000000000000000000121AFF00000000006D
:1098D0000200000000000000000000000000000086
:1098E00000000000002009FF000000000000000050
:1098F0000000000000000000000000000000000068
:10990000000003EBFF00000000800A0000000000E0
:109910000000000000000000000000000000002126
:1099200029FF0000000000140000000000000000FB
:1099300000000000000000000000000054FEFF00D6
:109940000000000000000000000000000000000017
:1099500000000000000000000003EBFF000000001A
:109960008003000000000000000000000000000074
:10997000000000000000B8B0FF0000000000000080
:1099800000000000000000000000000000000000D7
:1099900000000003EBFF00000000000800000000D2
:1099A00000000000000000000000000000000000B7
:1099B0008AA3FF000000000000000000000000007B
:1099C0000000000000000000000000000003EBFFAA
:1099D0000000000000000000000000000000000087
:1099E0000000000000000000000003EBFF0000008A
:1099F0000080010080010000000000000000000065
:109A000000000000000000E370FF00000000000004
:109A10000000000000000000000000000000000046
:109A20000000000003EBFF00000000000000000049
:109A30000000000000000000000000000000000026
:109A40000003EBFF000000008000000000000000A9
:109A500000000000000000000000000000008B83F8
:109A6000FF000000000000000000000000000000F7
:109A7000000000000000000000000003EBFF0000F9
:109A800000000000000000000000000000000000D6
:109A9000000000000000000003EBFF000000008059
:109AA00001000000000000000000000000000000B5
:109AB00000000000009B52FF000000008001000039
:109AC0000000000000000000000000000000000096
:109AD00000009B52FF0000000000400180000000D9
:109AE000000000000000000000000000000000591D
:109AF00020FF000000008000008000000000000047
:109B0000000000000000000000000000A25DFF0057
:109B100000000000A1048000000000000000000020
:109B200000000000000000000073CAFF00000000F9
:109B300080010280500000000000000000000000D2
:109B4000000000000000DA7FFF00000000000000BD
:109B50008000000000000000000000000000000085
:109B60000000002A35FF0000000080000080040093
:109B700000000000000000000000000000000000E5
:109B8000E36CFF0000000000010080040000000002
:109B9000000000000000000000000000007BD5FF76
:109BA00000000000800100801000000000000000A4
:109BB00000000000000000000000B649FF000000A7
:109BC0000080010080400000000000000000000054
:109BD00000000000000000A758FF000000008055B2
:109BE00001800000000000000000000000000000F4
:109BF00000000000968CFF00000000800100800043
:109C00000000000000000000000000000000000054
:109C100000B28CFF00000000800100800000000006
:109C20000000000000000000000000000000B28CF6
:109C3000FF00000000800100800000000000000024
:109C40000000000000000000000000B28CFF0000D7
:109C50000000800100800000000000000000000003
:109C60000000000000000000B28CFF000000008037
:109C7000550180000000000000000000000000000E
:109C80000000000000968CFF0000000080010480AE
:109C900020000000000000000000000000000000A4
:109CA000000048C2FF000000008001000001000029
:109CB000000000000000000000000000000000CADA
:109CC000AEFF0000000080010080410000000000A5
:109CD000000000000000000000000000F6A4FF00EB
:109CE00000000080010400010000000000000000EE
:109CF0000000000000000000003B2AFF0000000000
:109D000080010000000000000000000000000000D2
:109D10000000000000009B52FF00000000800100D6
:109D20000001000000000000000000000000000032
:109D3000000000CAAEFF00000000800100800100AA
:109D40000000000000000000000000000000000013
:109D5000E370FF000000008001000001040000002B
:109D600000000000000000000000000000886FFFFD
:109D70000000000080010000000000000000000062
:109D8000000000000000000000009B52FF000000E7
:109D90000080010000010000000000000000000041
:109DA00000000000000000CAAEFF0000000000003C
:109DB00000000102000000000000000000000000A0
:109DC00000000000F377FF000000008001000001A8
:109DD0000000000000000000000000000000000083
:109DE00000CAAEFF000000000000000000000000FC
:109DF000000000000000000000000000000003EB75
:109E0000FF000000008001000001000000000000D1
:109E10000000000000000000000000CAAEFF0000CB
:109E200000000040000041000000000000000000B1
:109E300000000000000000000907FF201000008063
:109E4000010200010000000000000000000000000E
:109E50000000000000CC66FF0000000000100000C1
:109E600004000000000000000000000000000000EE
:109E70000000504BFF00000000800504002002009D
:109E8000000000000000000000000000000000854D
:109E9000F8FF200000008001040000000000000026
:109EA0000000000000000000000000004169FF0009
:109EB000000000000000000005000000000000009D
:109EC00000000000000000000010BAFF00080000C1
:109ED00000600000400200000000000000000000E0
:109EE00000000000000074B3FF00000000802000AC
:109EF0000000000000000000000000000000000062
:109F0000000000ACE1FF0000000000120000A20011
:109F10000000000000000000000000000000000041
:109F2000B102FF0000000000000200000400000079
:109F30000000000000000000000000000038C8FF22
:109F4000000000008081028001000000000000008D
:109F500000000000000000000000055AFF000000A3
:109F600000000200000000000000000000000000EF
:109F7000000000000000002009FF000000000000B9
:109F800000000004000000000000000000000000CD
:109F900000000000412AFF00000000000401000052
:109FA00000000000000000000000000000000000B1
:109FB000007BBEFF00000000001200000000000057
:109FC00000000000000000000000000000003298C7
:109FD000FF0000000000000400000000000000007E
:109FE0000000000000000000000000F26FFF000011
:109FF000000000020400000000000000000000005B
:10A000000000000000000000D18DFF000000008073
:10A01000110000000000000000000000000000002F
:10A02000000000000089C3FF0000000000000200E3
:10A03000000200000000000000000000000000001E
:10A040000000DB69FF0800000000000000000000C5
:10A05000000000000000000000000000000000C937
:10A0600094FF0000000080000000000000000000DD
:10A070000000000000000000000000008B83FF08CB
:10A0800000000000000000000000000000000000D0
:10A09000000000000000000000C994FF080000005C
:10A0A00000000000000000000000000000000000B0
:10A0B000000000000000C994FF00000000800100C3
:10A0C0000000000000000000000000000000000090
:10A0D0000000009B52FF0000000080090400000403
:10A0E0000000000000000000000000000000000070
:10A0F000A15FFF00000000000000800100000000E0
:10A10000000000000000000000000000007BC9FF0C
:10A1100000000000001000800100000000000000AE
:10A12000000000000000000000006958FF0000006F
:10A130000080010480000400000000000000000016
:10A140000000000000000001C9FF000000008001C5
:10A15000008015000000000000000000000000006A
:10A1600000000000A684FF000000000080008001C5
:10A1700000000000000000000000000000000000DF
:10A1800000E401FF000000000002008081000000E8
:10A19000000000000000000000000000000071C38B
:10A1A000FF000000008001008008010000000000A6
:10A1B0000000000000000000000000617EFF0000C1
:10A1C0000000808300800301000000000000000008
:10A1D0000000000000000000AF72FF0004000080DB
:10A1E00005018000000000000000000000000000E9
:10A1F00000000000009FFCFF0000000080010080C4
:10A20000110000000000000000000000000000003D
:10A210000000E7B5FF0000000080030080000000A0
:10A22000000000000000000000000000000000919D
:10A230006EFF0000000080010180090000000000A6
:10A240000000000000000000000000005CC3FF00F0
:10A25000020000800100808000000000000000007B
:10A2600000000000000000000030D6FF00000000E9
:10A2700080010080010000000000000000000000DC
:10A28000000000000000E370FF00000000800900F3
:10A29000800000000000000000000000000000003E
:10A2A0000000003BC4FF00000000800300800100AC
:10A2B000000000000000000000000000000000009E
:10A2C000C092FF00000000000100800100000000BB
:10A2D000000000000000000000000000006B18FFFC
:10A2E0000000000080150080010000000000000058
:10A2F00000000000000000000000B465FF00000046
:10A3000000000B008093000000000000000000002F
:10A31000000000000000004D27FF00000000800149
:10A3200000800100000000000000000000000000AC
:10A3300000000000E370FF00000000000300800147
:10A34000000000000000000000000000000000000D
:10A350000048FAFF000000008001008005010000B5
:10A360000000000000000000000000000000F3D129
:10A37000FF0000000000090080090000000000004C
:10A3800000000000000000000000006032FF00003C
:10A39000200080010080010000000000000000009B
:10A3A00000000000000000007A1BFF000000000019
:10A3B000010080000000000000000000000000001C
:10A3C00000000000003AE4FF00000000800100806F
:10A3D000000000000000000000000000000000007D
:10A3E0000000B28CFF00002000800100800100000E
:10A3F0000000000000000000000000000000007AE3
:10A400001BFF0000000000010080010000000000B0
:10A410000000000000000000000000006B18FF00BA
:10A4200000000000090080000000000000000000A3
:10A43000000000000000000000B3ACFF00000000BE
:10A44000800100800000000000000000000000000B
:10A45000000000000000B28CFF000000008001003E
:10A46000800100000000000000000000000000006B
:10A47000000000E370FF00000000001100800100F8
:10A4800000000000000000000000000000000000CC
:10A490007989FF0000000080010100000000000039
:10A4A00000000000000000000000000000A683FF84
:10A4B0000000000080090000000000000000000013
:10A4C00000000000000000000000121AFF00000061
:10A4D000000002000000000000000000000000007A
:10A4E000000000000000002009FF00000000000044
:10A4F000000002000000000000000000000000005A
:10A5000000000000A253FF00000000808A0000004D
:10A51000000000000000000000000000000000003B
:10A5200000BEE1FF44000000000400001000000035
:10A530000000000000000000000000000000F2AB7E
:10A54000FF0000000000000000000000000000000C
:10A55000000000000000000000000003EBFF00000E
:10A5600000000003000001000000000000000000E7
:10A5700000000000000000006124FF000000000057
:10A5800000000002000000000000000000000000C9
:10A590000000000000A253FF2000000000000000A7
:10A5A000100000000000000000000000000000009B
:10A5B00000002C91FF0000000000000000000000DF
:10A5C0000000000000000000000000000000000388
:10A5D000EBFF000000000000002000000000000071
:10A5E000000000000000000000000000882CFF00B8
:10A5F000000000000000400000000000000000001B
:10A600000000000000000000001624FF0000000011
:10A61000000000000000000000000000000000003A
:10A6200000000000000003EBFF000000000000003D
:10A63000000000000000000000000000000000001A
:10A6400000000003EBFF00000000000000002000FD
:10A6500000000000000000000000000000000000FA
:10A660000821FF00000000000000000000000000C2
:10A670000000000000000000000000000003EBFFED
:10A6800000000000000000002000000000000000AA
:10A69000000000000000000000000821FF00000092
:10A6A00000000000000000000000000000000000AA
:10A6B0000000000000000003EBFF000000000000AD
:10A6C000000000000000000000000000000000008A
:10A6D0000000000003EBFF000000000000188001F4
:10A6E000000000000000000000000000000000006A
:10A6F000005813FF0008000000001880010000004F
:10A700000000000000000000000000000000F259FE
:10A71000FF0008000000001880000000000000009A
:10A720000000000000000000000000A3A5FF0000E2
:10A730000000000018E00100000000000000000020
:10A740000000000000000000C61BFF000000000029
:10A750000018800100000000000000000000000060
:10A7600000000000005813FF0000000000001880E7
:10A770004100000000000000000000000000000098
:10A7800000004DC7FF00000000000018C04000009E
:10A7900000000000000000000000000000000009B0
:10A7A000F4FF00000000000018C0010000000000DD
:10A7B0000000000000000000000000004DDCFF0071
:10A7C00000000000001880010000000000000000F0
:10A7D0000000000000000000005813FF000000000F
:10A7E00000001880150000000000000000000000BC
:10A7F0000000000000001DE7FF0000000000400016
:10A8000080030000000000000000000000000000C5
:10A8100000000094B5FF0000000000001880010057
:10A820000000000000000000000000000000000028
:10A830005813FF00000000002018800100000000F5
:10A84000000000000000000000000000007F71FF19
:10A85000000000000000188501000000000000005A
:10A860000000000000000000000094DFFF00000076
:10A8700000000010A0110000000000000000000017
:10A88000000000000000003658FF0000000000003B
:10A89000188001040000000000000000000000001B
:10A8A000000000001AD2FF00000000000018C001E4
:10A8B0000400000000000000000000000000000094
:10A8C000000F1DFF000000000000188500000000C0
:10A8D0000000000000000000000000000000C52390
:10A8E000FF10000000000010000100000000000048
:10A8F0000000000000000000000000047BFF0000DA
:10A90000000000000800010000000000000000003E
:10A910000000000000000000B35EFF000000000027
:10A920000010000100000000000000000000000016
:10A9300000000000009084FF0000000000001000F4
:10A940000100000000000000000000000000000006
:10A9500000009084FF0000000000001000010000D3
:10A960000000000000000000000000000000009057
:10A9700084FF000000000000004001000000000013
:10A9800000000000000000000000000047D8FF00A9
:10A99000000000000018C0010000000000000000DE
:10A9A0000000000000000000004DDCFF000000007F
:10A9B000000008000000000000000000000000008F
:10A9C000000000000000E2A2FF00000000000010F4
:10A9D0000001000000000000000000000000000076
:10A9E0000000009084FF000000000000080001004B
:10A9F0000000000000000000000000000000000057
:10AA0000B35EFF0000000000001000010000000025
:10AA1000000000000000000000000000009084FF23
:10AA2000000000000000401454000000000000007E
:10AA30000000000000000000000068F7FF000000B8
:10AA400000000010400100000000000000000000B5
:10AA500000000000000000854BFF00000000000027
:10AA600000100100000000000000000000000000D5
:10AA70000000000096D4FF00000000000000005815
:10AA800002000000000000000000000000000000C4
:10AA90000031F8FF00000000000000040100000089
:10AAA0000000000000000000000000000000A327DC
:10AAB000FF00000000000000010204000000000090
:10AAC0000000000000000000000000DD6EFF00003C
:10AAD00000000000600A24000000000000000000E8
:10AAE00000000000000000005B61FF0000000000AB
:10AAF0000008440400000000000000000000000006
:10AB00000000000000476CFF000000000000A008EB
:10AB100048000000000000000000000000000000ED
:10AB20000000EE85FF000000000000200100000092
:10AB3000000000000000000000000000000000B95C
:10AB400070FF00000000000018C0010200000000BB
:10AB5000000000000000000000000000ECBCFF004E
:10AB600000000000000009000000000000000000DC
:10AB7000000000000000000000DC76FF0000000084
:10AB80000000C044100000000000000000000000B1
:10AB9000000000000000F2C0FF00000000000020E4
:10ABA0002000000000000000000000000000000085
:10ABB0000000000F4BFF00000000000000008200BA
:10ABC0000000000000000000000000000000000085
:10ABD0008BBBFF0000000000000008000400000024
:10ABE00000000000000000000000000000A34BFF78
:10ABF000000000000000001800000000000000003D
:10AC0000000000000000000000002549FF000000D7
:10AC1000000000108401000000000000000000009F
:10AC200000000000000000486AFF00000000000073
:10AC3000204114010000000000000000000000009E
:10AC400000000000B8DBFF00000000000000020070
:10AC500000000000000000000000000000000000F4
:10AC6000007A53FF00000000000000800000000098
:10AC700000000000000000000000000000002A3575
:10AC8000FF080000000000000200000000000000BB
:10AC90000000000000000000000000B02CFF0800D1
:10ACA00000000000000000000000000000000000A4
:10ACB0000000000000000000C994FF000000000038
:10ACC0000000000000000000000000000000000084
:10ACD000000000000003EBFF000000000020204007
:10ACE0000004000000000000000000000000000060
:10ACF0000000F4E0FF000000000010180000000059
:10AD00000000000000000000000000000000003211
:10AD1000A0FF000000000008180000000000000074
:10AD2000000000000000000000000000A979FF0002
:10AD30000000000040484000040000000000000047
:10AD4000000000000000000000F5A7FF0000000068
:10AD50000000180A8400000000000000000000004D
:10AD6000000000000000D331FF00000000000018C8
:10AD70000150000000000000000000000000000082
:10AD80000000000CDCFF00000000000018100000B4
:10AD900000000000000000000000000000000000B3
:10ADA000E4F2FF000000000000280822010000007B
:10ADB000000000000000000000000000007C46FFD2
:10ADC0000000000000009802920000000000000057
:10ADD00000000000000000000000CAC2FF000000E8
:10ADE00000000018810100000000000000000000C9
:10ADF0000000000000000065EFFF00000000000000
:10AE00001880210000000000000000000000000089
:10AE10000000000053D9FF0000000000002800904F
:10AE20000000000000000000000000000000000022
:10AE30000048E8FF00000000000018814200000008
:10AE40000000000000000000000000000000807F03
:10AE5000FF00000000000018881100000000000042
:10AE60000000000000000000000000BEB7FF00006E
:10AE70000000000018800901000000000000000030
:10AE800000000000000000008BE1FF000000000057
:10AE900000080001000000000000000000000000A9
:10AEA0000000000000B35EFF0000000000001880FA
:10AEB000030000000000000000000000000000008F
:10AEC0000000F9ABFF000000000000088045000012
:10AED000000000000000000000000000000000CEA4
:10AEE00065FF000000000000088001010000000074
:10AEF000000000000000000000000000CB10FF0078
:10AF00000000000000108811000000000000000098
:10AF10000000000000000000005FFEFF00000000D5
:10AF2000000000801300000000000000000000008E
:10AF3000000000000000DEB4FF0000000000000080
:10AF40008100000000000000000000000000000080
:10AF500000000017C9FF0000000000000090200062
:10AF600000000000000000000000000000000000E1
:10AF7000E53CFF00000000000080800C00000000A5
:10AF800000000000000000000000000000F6B8FF14
:10AF90000000000000000080000000000000000031
:10AFA000000000000000000000002A35FF00000043
:10AFB00000000008804000000000000000000000C9
:10AFC00000000000000000DEA8FF000000000000FC
:10AFD00008800004000000000000000000000000E5
:10AFE0000000000089BDFF0000000000000080207C
:10AFF000040000000000000000000000000000004D
:10B0000000633EFF00000000000800800000000018
:10B010000000000000000000000000000000A37D10
:10B02000FF000000000000008000000000000000A1
:10B0300000000000000000000000002A35FF0000B2
:10B040000000000060800000000000000000000020
:10B050000000000000000000A39DFF0000000000B1
:10B060000000800000000000000000000000000060
:10B0700000000000002A35FF0000000000080080EA
:10B0800000000000000000000000000000000000C0
:10B090000000A37DFF00000000000000030000008E
:10B0A0000000000000000000000000000000004759
:10B0B000AFFF0000000000000000000000000000E2
:10B0C00000000000000000000000000003EBFF0093
:10B0D0000000000000000000000000000000000070
:10B0E00000000000000000000003EBFF0000000073
:10B0F00000008008000000000000000000000000C8
:10B10000000000000000FE54FF00000000000000EE
:10B11000020000000000000000000000000000002D
:10B120000000007A53FF44000000000048042200A1
:10B13000000000000000000000000000000000000F
:10B14000072EFF000000000000800000000000004B
:10B15000000000000000000000000000001C35FF9F
:10B1600020000000000098400000000000000000E7
:10B1700000000000000000000000019FFF00000030
:10B18000000000401020000000000000000000004F
:10B1900000000000000000C22DFF000000000000C1
:10B1A0000024040000000000000000000000000077
:10B1B00000000000382DFF0000000000000020000B
:10B1C000000000000000000000000000000000007F
:10B1D00000882CFF000800000000000000000000B4
:10B1E0000000000000000000000000000000A9A115
:10B1F000FF00000000000018000000000000000038
:10B2000000000000000000000000002031FF0000EE
:10B21000000000000000000000000000000000002E
:10B22000000000000000000003EBFF000800000029
:10B2300000184000000000000000000000000000B6
:10B2400000000000009FB4FF0000000000000800A4
:10B2500000000000000000000000000000000000EE
:10B260000000E2A2FF00000000000000200000003B
:10B270000000000000000000000000000000008846
:10B280002CFF00000000000008400000000000004B
:10B29000000000000000000000000000F76DFF004B
:10B2A000000000000000000000000000000000009E
:10B2B00000000000000000000003EBFF00000000A1
:10B2C000000000000000000000000000000000007E
:10B2D00000000000000003EBFF0000000000001869
:10B2E000000000000000000000000000000000005E
:10B2F0000000002031FF00000000000018400000A6
:10B30000000000000000000000000000000000003D
:10B3100035FEFF00000000000018000000000000E3
:10B32000000000000000000000000000002031FFCD
:10B3300000000040000018000000000000000000B5
:10B34000000000000000000000001402FF000000E8
:10B3500000000018000000000000000000000000D5
:10B36000000000000000002031FF0000000000008D
:10B3700018000000000000000000000000000000B5
:10B38000000000002031FF000000400000184000D5
:10B3900000000000000000000000000000000000AD
:10B3A0000001CDFF00000000000018400000000078
:10B3B000000000000000000000000000000035FE5A
:10B3C000FF0000000000001E000000000000000060
:10B3D0000000000000000000000000A857FF00006F
:10B3E00000000000184402000000000000000000FF
:10B3F00000000000000000006576FF000000000073
:10B400000018020000000000000000000000000022
:10B4100000000000005989FF000000000000180033
:10B42000000000000000000000000000000000001C
:10B4300000002031FF0000000000001800040000A0
:10B44000000000000000000000000000000000619B
:10B4500000FF000000000000581040000000000045
:10B46000000000000000000000000000FFE9FF00F5
:10B470000000000000182000000000000000000094
:10B48000000000000000000000ABF6FF000000001C
:10B49000000818000200000000000000000000008A
:10B4A00000000000000008C1FF00000000000018BC
:10B4B000400000000000000000000000000000004C
:10B4C00000000035FEFF0000000000105810420090
:10B4D000000000000000000000000000000000006C
:10B4E0004CC0FF0000000000001800000000000039
:10B4F000000000000000000000000000002031FFFC
:10B500000000000000001800000000000000000023
:10B51000000000000000000000002031FF000000DB
:10B520000000001800000000000000000000000003
:10B53000000000000000002031FF000000000000BB
:10B5400018000000000000000000000000000000E3
:10B55000000000002031FF00000000000018000083
:10B5600000000000000000000000000000000000DB
:10B57000002031FF00000000000018400000000023
:10B58000000000000000000000000000000035FE88
:10B59000FF00000000000018400000000000000054
:10B5A000000000000000000000000035FEFF000069
:10B5B0000000000018000000000000000000000073
:10B5C00000000000000000002031FF00000000002B
:10B5D0000018000000000000000000000000000053
:10B5E00000000000002031FF0000000000001800F3
:10B5F000000000000000000000000000000000004B
:10B6000000002031FF000000000000186000000072
:10B61000000000000000000000000000000000BE6C
:10B6200039FF0000000000001900000000000000C9
:10B630000000000000000000000000001DE0FF000E
:10B640000000000000382C00000000000000000096
:10B650000000000000000000003FC0FF00000000EC
:10B6600000001800000000000000000000000000C2
:10B670000000000000002031FF000000000000007A
:10B6800001000000000000000000000000000000B9
:10B690000000003E17FF000000000090200800009E
:10B6A000000000000000000000000000000000009A
:10B6B000EBB4FF00000000000008020000000000E2
:10B6C000000000000000000000000000009B1AFFC6
:10B6D00000000000000040340000000000000000F6
:10B6E00000000000000000000000B310FF00000098
:10B6F000000010C852000000000000000000000020
:10B70000000000000000004996FF0000000000005B
:10B710001800000000000000000000000000000011
:10B72000000000002031FF000000000000002000A9
:10B730000000000000000000000000000000000009
:10B7400000882CFF0000000000001820000000000E
:10B750000000000000000000000000000000ABF648
:10B76000FF000000000000000000000000000000DA
:10B77000000000000000000000000003EBFF0000DC
:10B780000000000004400000000000000000000075
:10B790000000000000000000E7A0FF000000000023
:10B7A0000000200000000000000000000000000079
:10B7B0000000000000882CFF0000000000000000D6
:10B7C0000000000000000000000000000000000079
:10B7D000000003EBFF00000000000000000000007C
:10B7E0000000000000000000000000000000000356
:10B7F000EBFF00000000000000000000000000005F
:10B8000000000000000000000000000003EBFF004B
:10B810000000000000180000000000000000000010
:10B820000000000000000000002031FF00000000C8
:10B8300000000220000000000000000000000000E6
:10B84000000000000000F1CEFF0000000000001822
:10B8500000000000000000000000000000000000E8
:10B860000000002031FF0000000000000800000080
:10B8700000000000000000000000000000000000C8
:10B88000E2A2FF0000000000000001000000000034
:10B89000000000000000000000000000003E17FF54
:10B8A0000000000000000800000000000000000090
:10B8B00000000000000000000000E2A2FF00000005
:10B8C0000000000001000000000000000000000077
:10B8D000000000000000003E17FF00000000000014
:10B8E0000440000000000000000000000000000014
:10B8F00000000000E7A0FF00000000000018800129
:10B900000000000000000000000000000000000037
:10B91000005813FF00000000000018800100000024
:10B9200000000000000000000000000000005813AC
:10B93000FF0000000000001CC0000000000000002C
:10B940000000000000000000000000EDA4FF000067
:10B95000000000001880000000000000000000004F
:10B96000000000000000000009EFFF0000000000E0
:10B97000001880010000000000000000000000002E
:10B9800000000000005813FF0000000000001880B5
:10B9900001000000000000000000000000000000A6
:10B9A00000005813FF000000000000188001000094
:10B9B000000000000000000000000000000000582F
:10B9C00013FF0000000000001880010000000000CC
:10B9D0000000000000000000000000005813FF00FD
:10B9E00000000000001880010000000000000000BE
:10B9F0000000000000000000005813FF00000000DD
:10BA0000000018800100000000000000000000009D
:10BA10000000000000005813FF00000000000018A4
:10BA20008000000000000000000000000000000096
:10BA300000000009EFFF0000000000001880000077
:10BA400000000000000000000000000000000000F6
:10BA500009EFFF0000000000001880010000000056
:10BA6000000000000000000000000000005813FF6C
:10BA7000000000000000188001000000000000002D
:10BA8000000000000000000000005813FF0000004C
:10BA9000000000188001000000000000000000000D
:10BAA000000000000000005813FF0000000000002C
:10BAB00018A00100000000000000000000000000CD
:10BAC00000000000D3D4FF000000008001180048EF
:10BAD0000000000000000000000000000000000066
:10BAE000002F3EFF00000000800118400000000011
:10BAF0000000000000000000000000000000AD4752
:10BB0000FF0000000080011840000000000000005D
:10BB10000000000000000000000000AD47FF000032
:10BB2000000080011800000000000000000000007C
:10BB30000000000000000000B888FF000000008046
:10BB400001182000000000000000000000000000BC
:10BB50000000000000334FFF00000000800118408B
:10BB600000000000000000000000000000000000D5
:10BB70000000AD47FF0000000080011800500000E9
:10BB8000000000000000000000000000000000A90C
:10BB900099FF000000008001180000000000000074
:10BBA000000000000000000000000000B888FF0056
:10BBB00000000080011840000000000000000000AC
:10BBC000000000000000000000AD47FF0000000082
:10BBD000800118615000000000000000000000001B
:10BBE0000000000000000A6DFF00000000800198C6
:10BBF000002800000000000000000000000000001D
:10BC00000000002EFEFF00000000808318000000EE
:10BC10000000000000000000000000000000000024
:10BC200004A2FF00000000800118000000000000D6
:10BC300000000000000000000000000000B888FFC5
:10BC40000000000080051900000000000000000056
:10BC500000000000000000000000C0DDFF00000048
:10BC600000800118600000000000000000000000DB
:10BC7000000000000000002680FF0000000080019E
:10BC80001C40000000000000000000000000000058
:10BC9000000000005CC3FF00000000000002000084
:10BCA0000000000000000000000000000000000094
:10BCB000007A09FF00000000000000000000000002
:10BCC000000000000000000000000000000003EB86
:10BCD000FF0000000080000840000000000000009D
:10BCE00000000000000000000000007F05FF0000D1
:10BCF0000000000000000000000000000000000044
:10BD0000000000000000000003EBFF0000000080C6
:10BD100000084000000000000000000000000000DB
:10BD200000000000007F05FF0000000080011C40B3
:10BD30000000000000000000000000000000000003
:10BD400000005CC3FF0000000000000020000000B5
:10BD5000000000000000000000000000000000885B
:10BD60002CFF00000000800118000000000000000F
:10BD7000000000000000000000000000B888FF0084
:10BD800000000000000000000000000000000000B3
:10BD900000000000000000000003EBFF00000000B6
:10BDA000000004200000000000000000000000006F
:10BDB00000000000000079A8FF0000000000000063
:10BDC0004000000000000000000000000000000033
:10BDD0000000001624FF000020000000000000000A
:10BDE0000000000000000000000000000000000053
:10BDF0009A80FF00800100800100400000000000E8
:10BE0000000000000000000000000000007CE2FFD5
:10BE100000004000000000000000000000000000E2
:10BE200000000000000000000000313CFF00800125
:10BE300000A001024000000000000000000000001F
:10BE400000000000000000271AFF008000008000B2
:10BE500000000000000000000000000000000000E2
:10BE6000000000002469FF00000000000000400006
:10BE700006000000000000000000000000000000BC
:10BE800000F585FF00800000C000040000000000F5
:10BE9000000000000000000000000000000091D938
:10BEA000FF00000000000000000000000000000093
:10BEB000000000000000000000000003EBFF000095
:10BEC0000000000000000000000000000000000072
:10BED000000000000000000003EBFF008001008074
:10BEE0000100000000000000000000000000000051
:10BEF0000000000000692DFF0084010080010000A7
:10BF00000000000000000000000000000000000031
:10BF100000003C08FF00800100800100400000009C
:10BF20000000000000000000000000000000007C95
:10BF3000E2FF00800100C0010000000400000000DA
:10BF40000000000000000000000000006FD8FF00AB
:10BF5000820100C00100000000000000000000009D
:10BF600000000000000000000086ABFF0080010020
:10BF7000800104200002000000000000000000001A
:10BF8000000000000000B20EFF00800100C00100B0
:10BF90004000000000000000000000000000000061
:10BFA00000000038D6FF0080010080010040000042
:10BFB0000000000000000000000000000000000081
:10BFC0007CE2FF00800100C00100000006000000CC
:10BFD00000000000000000000000000000CEB8FFDC
:10BFE0000080010080010204000000000000000049
:10BFF00000000000000000000000E1FFFF008001E1
:10C0000000800100020000000000000000000000AD
:10C01000000000000000001095FF0080010080017A
:10C020000000000000000000000000000000000010
:10C0300000000000692DFF00800100800100000069
:10C0400000000000000000000000000000000000F0
:10C0500000692DFF00800100800100000000000049
:10C060000000000000000000000000000000692D3A
:10C07000FF0080010080010020000000000000009F
:10C080000000000000000000000000E2EAFF008065
:10C09000010080010000000000000000000000001E
:10C0A0000000000000000000692DFF00800100007A
:10C0B0000018C001000000000000000000000000A7
:10C0C0000000000000BFA3FF0080010000001880F6
:10C0D000010000000000000000000000000000005F
:10C0E0000000AA6CFF008001000000188001000021
:10C0F000000000000000000000000000000000AA96
:10C100006CFF0080010000001880010000000000AA
:10C11000000000000000000000000000AA6CFF000A
:10C1200080010000001880010000000000000000F5
:10C13000000000000000000000AA6CFF0080010069
:10C140000000188001000000000000000000000056
:10C15000000000000000AA6CFF0080010000001831
:10C16000C00100000000000000000000000000000E
:10C17000000000BFA3FF00800100000018A0010024
:10C1800000000000000000000000000000000000AF
:10C1900021ABFF00800100000018800100000000BA
:10C1A00000000000000000000000000000AA6CFF7A
:10C1B0000080010000001880010000000000000065
:10C1C00000000000000000000000AA6CFF008001D9
:10C1D00000000018800100000000000000000000C6
:10C1E00000000000000000AA6CFF008001000000B9
:10C1F00018800100000000000000000000000000A6
:10C2000000000000AA6CFF008001000000188001FF
:10C21000000000000000000000000000000000001E
:10C2200000AA6CFF008001000108189201000000C4
:10C2300000000000000000000000000000004E931D
:10C24000FF00802902088038A031020000000000B1
:10C250000000000000000000000000F935FF008031
:10C2600041000000188401000000000000000000F0
:10C270000000000000000000698BFF000008400083
:10C280008840104000000000000000000000000096
:10C290000000000000196AFF000010800C50200A06
:10C2A0001800000000000000000000000000000076
:10C2B0000000AC01FF0080000000000880200000AA
:10C2C0000000000000000000000000000000006FFF
:10C2D0005CFF0000200200000200000000000000DF
:10C2E0000000000000000000000000007A1BFF00BA
:10C2F000804004045028CC300400000000000000FE
:10C30000000000000000000000B123FF0080094091
:10C310000000188001000000000000000000000084
:10C3200000000000000079B5FF00000002000002DC
:10C3300000000000000000000000000000000000FD
:10C34000000000E370FF00800100200018A0010041
:10C3500000000000000000000000000000000000DD
:10C3600003B1FF000000000000000000000000001A
:10C370000000000000000000000000000003EBFFD0
:10C380000000000040000440000400000000000025
:10C3900000000000000000000000E155FF00000068
:10C3A000002000002000000000000000000000004D
:10C3B00000000000000000AA36FF0000000000009E
:10C3C000000000000000000000000000000000006D
:10C3D0000000000003EBFF00000000000000000070
:10C3E000000000000000000000000000000000004D
:10C3F0000003EBFF00000000000000000000000050
:10C40000000000000000000000000000000003EB3E
:10C41000FF000000180000180000000000000000ED
:10C4200000000000000000000000008A9BFF0000E8
:10C4300000002000022000020000000000000000B8
:10C44000000000000000000072B4FF0000001800AF
:10C450000019001040000000000000000000000073
:10C460000000000000825BFF0000000800000800E0
:10C4700000000000000000000000000000000000BC
:10C4800000008504FF0000400001000000000000E3
:10C49000000000000000000000000000000000E1BB
:10C4A000F0FF00000008000009000000000000008C
:10C4B000000000000000000000000000B8D5FF00F0
:10C4C0000040000180000008200000000000000083
:10C4D000000000000000000000E590FF00040004E0
:10C4E00040200440000400000000000000000000A4
:10C4F000000000000000A1E1FF000000180000188B
:10C50000000000000000000000000000000000002B
:10C510000000008A9BFF00040018000019000000C2
:10C52000000000000000000000000000000000000B
:10C53000E26FFF0000001C40401C400004000000AF
:10C54000000000000000000000000000001412FFC6
:10C5500000000018000018000000000000000000AB
:10C56000000000000000000000008A9BFF000000A7
:10C57000180000180000000000000000000000008B
:10C58000000000000000008A9BFF0000001800006F
:10C590001800000000000000000000000000000083
:10C5A000000000008A9BFF00000018000018000037
:10C5B000000000000000000000000000000000007B
:10C5C000008A9BFF00000018000018000000000017
:10C5D00000000000000000000000000000008A9B36
:10C5E000FF0000001800001800000000000000001C
:10C5F00000000000000000000000008A9BFF000017
:10C6000000180000180000000000000000000000FA
:10C6100000000000000000008A9BFF0000001800DE
:10C6200000180000000000000000000000000000F2
:10C6300000000000008A9BFF0000001800001800A6
:10C6400000000000000000000000000000000000EA
:10C6500000008A9BFF000000180000180000000086
:10C660000000000000000000000000000000008A40
:10C670009BFF0000001800001800000000000000F0
:10C680000000000000000000000000008A9BFF0086
:10C6900000001A0000180000000000000000000068
:10C6A00000000000000000000013E2FF000000187E
:10C6B00000001A0000000000000000000000000060
:10C6C000000000000000F379FF000000188001184E
:10C6D00080010000000000000000000000000000D9
:10C6E0000000006A00FF00000018A00118C001004F
:10C6F000000000000000000000000000000000003A
:10C700005DD5FF0000001C80011C800100000000BE
:10C7100000000000000000000000000000A977FFFA
:10C7200000000018A00118800100000000000000B7
:10C7300000000000000000000000481AFF00000098
:10C7400018800118C0010000000000000000000077
:10C75000000000000000007FCFFF000000188001F3
:10C760001C8001000000000000000000000000002C
:10C77000000000009B84FF00000018800118800169
:10C7800000000000000000000000000000000000A9
:10C79000006A00FF0000001E800119C001040000B3
:10C7A0000000000000000000000000000000AB5589
:10C7B000FF0000001C80011C800100000000000040
:10C7C0000000000000000000000000A977FF00004A
:10C7D0004019805118855100010000000000000040
:10C7E0000000000000000000D553FF000040198049
:10C7F000319882318000000000000000000000003D
:10C800000000000000A839FF0000001A800118A0F5
:10C810000102000000000000000000000000000015
:10C820000000D9DEFF00000018800319A0010200FB
:10C830000000000000000000000000000000005E9A
:10C8400094FF2000001A8001188001000000000001
:10C85000000000000000000000000000D8C6FF40FB
:10C860000000188005188001000000000000000092
:10C870000000000000000000007ABAFF000000186D
:10C88000C0011CA001040000000000000000000026
:10C8900000000000000016B6FF00000004000000C9
:10C8A0004000060000000000000000000000000042
:10C8B000000000C776FF000000000000002000001C
:10C8C0000000000000000000000000000000000068
:10C8D000882CFF00000008A0000A80000000000073
:10C8E000000000000000000000000000007F4AFF80
:10C8F00000000000000000400000000000000000F8
:10C90000000000000000000000001624FF000000EE
:10C910000880000880000000000000000000000007
:10C920000000000000000024B2FF00000018E00139
:10C930001C80010400000000000000000000000056
:10C9400000000000BF6BFF0000000040000040003E
:10C9500000000000000000000000000000000000D7
:10C96000005210FF00000018800118E001000000D4
:10C970000000000000000000000000000000F408BB
:10C98000FF000000000000020000020000000000A4
:10C990000000000000000000000000DB69FF000054
:10C9A0000000400000000000000000000000000047
:10C9B000000000000000000047DFFF000000000052
:10C9C0000000000000000000000000000000000067
:10C9D000000000000003EBFF000000000008000062
:10C9E0000000000000000000000000000000000047
:10C9F00000008AA3FF00000000000000000000000B
:10CA00000000000000000000000000000000000323
:10CA1000EBFF00000000001000000000000000001C
:10CA2000000000000000000000000000117AFF007C
:10CA300000000000000000000000000000000000F6
:10CA400000000000000000000003EBFF00000000F9
:10CA500000000000000000000000000000000000D6
:10CA600000000000000003EBFF00000000000000D9
:10CA700000000000000000000000000000000000B6
:10CA800000000003EBFF00000000000000000000B9
:10CA90000000000000000000000000000000000096
:10CAA00003EBFF0000000000000000000000000099
:10CAB0000000000000000000000000000003EBFF89
:10CAC0000000000000000000000000000000000066
:10CAD0000000000000000000000003EBFF00000069
:10CAE000000004180000000000000000000000002A
:10CAF0000000000000000065B5FF0000000000001D
:10CB0000180000000000000000000000000000000D
:10CB1000000000002031FF000000000002180400A7
:10CB20000000000000000000000000000000000005
:10CB300000F2E3FF00000000000018020000000007
:10CB40000000000000000000000000000000598903
:10CB5000FF000000000000080000000000000000CE
:10CB60000000000000000000000000E2A2FF000042
:10CB7000000000001800000000000000000000009D
:10CB800000000000000000002031FF000000000055
:10CB9000001800000000000000000000000000007D
:10CBA00000000000002031FF00000000000018001D
:10CBB0000000000000000000000000000000000075
:10CBC00000002031FF0000000000001800000000FD
:10CBD0000000000000000000000000000000002035
:10CBE00031FF0000000000001800000000000000FD
:10CBF0000000000000000000000000002031FF00E5
:10CC0000000000000018000000000000000000000C
:10CC10000000000000000000002031FF00000000C4
:10CC200000001000000000000000000000000000F4
:10CC3000000000000000C178FF00000000000018A4
:10CC400000000000000000000000000000000000E4
:10CC50000000002031FF000000000000180000006C
:10CC600000000000000000000000000000000000C4
:10CC70002031FF000000000000180000000000004C
:10CC8000000000000000000000000000002031FF54
:10CC9000000000000000180200000000000000007A
:10CCA000000000000000000000005989FF000000A3
:10CCB000000000180000000000000000000000005C
:10CCC000000000000000002031FF00000000000014
:10CCD000080200000000000000000000000000004A
:10CCE000000000009B1AFF00000000000010000080
:10CCF0000000000000000000000000000000000034
:10CD000000C178FF000000000000000000000000EB
:10CD1000000000000000000000000000000003EB25
:10CD2000FF000000000000100000000000000000F4
:10CD30000000000000000000000000C178FF0000BB
:10CD400000000000000000000000000000000000E3
:10CD5000000000000000000003EBFF0000000000E6
:10CD60000000400000000000000000000000000083
:10CD700000000000001624FF00000000000000007A
:10CD800000000000000000000000000000000000A3
:10CD9000000003EBFF00000000000008000000009E
:10CDA000000000000000000000000000000000E2A1
:10CDB000A2FF0000000000000820000000000000AA
:10CDC0000000000000000000000000006965FF0096
:10CDD0000000000000000000000000000000000053
:10CDE00000000000000000000003EBFF0000000056
:10CDF0000000000000000000000000000000000033
:10CE000000000000000003EBFF0000000000000035
:10CE10000000000000000000000000000000000012
:10CE200000000003EBFF00000000000040040000D1
:10CE300000000000000000000000000000000000F2
:10CE4000FC14FF00000000000200200000000000B1
:10CE500000000000000000000000000000ABCEFF5A
:10CE600000000000000000020000000000000000C0
:10CE7000000000000000000000007A53FF000000E6
:10CE8000000004400000000000000000000000005E
:10CE90000000000000000048A0FF000000000002A9
:10CEA0000000000000000000000000000000000082
:10CEB000000000002009FF0000000000000000004A
:10CEC0000000000000000000000000000000000062
:10CED0000003EBFF00000000000020010000000044
:10CEE0000000000000000000000000000000B97019
:10CEF000FF000000000000004000000000000000F3
:10CF000000000000000000000000001624FF0000E8
:10CF100000000002B000000000000000000000005F
:10CF200000000000000000007A23FF000000000065
:10CF300000200B00000000000000000000000000C6
:10CF4000000000000022A9FF0000000000001820DF
:10CF500000000000000000000000000000000000D1
:10CF60000000ABF6FF00000000000000040000001D
:10CF7000000000000000000000000000000000F2BF
:10CF8000DBFF000000000000024000000000000085
:10CF90000000000000000000000000006FC6FF005D
:10CFA000000000000042300000000000000000000F
:10CFB0000000000000000000003BC2FF0000000075
:10CFC0000000040C00000000000000000000000051
:10CFD000000000000000E13EFF00000000000080B3
:10CFE0000000000000000000000000000000000041
:10CFF0000000001C35FF000000000000420100009E
:10D000000000000000000000000000000000000020
:10D01000493AFF000000008001D80C000000000029
:10D0200000000000000000000000000000BAC8FF7F
:10D0300000000000000000200000000000000000D0
:10D0400000000000000000000000882CFF0000002D
:10D0500000000110000400000000000000000000BB
:10D06000000000000000009098FF00000000000099
:10D0700000000000000000000000000000000000B0
:10D080000000000003EBFF000000000000000000B3
:10D090000000000000000000000000000000000090
:10D0A0000003EBFF00000000000010000200000081
:10D0B000000000000000000000000000000060C050
:10D0C000FF00000000000018000000000000000049
:10D0D00000000000000000000000002031FF000000
:10D0E00000000000184000000000000000000000E8
:10D0F000000000000000000035FEFF00000000807E
:10D100000008000000000000000000000000000017
:10D1100000000000006ACAFF0000000080000E004E
:10D1200000000000000000000000000000000000FF
:10D130000000E2ACFF00000000800018400000008A
:10D14000000000000000000000000000000000BD22
:10D1500096FF000000008000980200000000000020
:10D16000000000000000000000000000CE3FFF00B3
:10D170000000008000080000000000000000000027
:10D180000000000000000000006ACAFF000000006C
:10D190008000080000000000000000000000000007
:10D1A0000000000000006ACAFF0000000080009834
:10D1B000000000000000000000000000000000006F
:10D1C000000000B787FF00000000800098420000C8
:10D1D000000000000000000000000000000000004F
:10D1E000DBF0FF000000008000581200000000008B
:10D1F000000000000000000000000000001BEDFF28
:10D200000000000080001800000000000000000086
:10D2100000000000000000000000A859FF0000000E
:10D220000080001800000000000000000000000066
:10D2300000000000000000A859FF0000000080006E
:10D2400018090000000000000000000000000000BD
:10D250000000000077C4FF000000008000382200BA
:10D2600000000000000000000000000000000000BE
:10D2700000DD41FF000000008000180000000000F9
:10D280000000000000000000000000000000A8599D
:10D29000FF000000008000180000000000000000F7
:10D2A0000000000000000000000000A859FF00007E
:10D2B00000008000180000000000000000000000D6
:10D2C0000000000000000000A859FF0000000080DE
:10D2D0000018000000000000000000000000000036
:10D2E0000000000000A859FF0000000080001800A6
:10D2F000000000000000000000000000000000002E
:10D300000000A859FF000000008000B800000000E5
:10D3100000000000000000000000000000000030DD
:10D32000E0FF000000008000180000000000000086
:10D33000000000000000000000000000A859FF00ED
:10D340000000008001380000000000000000000024
:10D350000000000000000000003FEFFF00000000A0
:10D360008001180000000000000000000000000024
:10D37000000000000000B888FF0000000080019855
:10D38000000000000000000000000000000000009D
:10D39000000000A756FF00000000800118000000F8
:10D3A000000000000000000000000000000000007D
:10D3B000B888FF0000000080001800066000000030
:10D3C0000000000000000000000000000060CEFF30
:10D3D0000000000080001804200000000000000091
:10D3E0000000000000000000000052A3FF00000049
:10D3F00000800000040000000000000000000000A9
:10D40000000000000000007AB3FF00000000800070
:10D41000000000000000000000000000000000000C
:10D42000000000008B83FF00000000800118004016
:10D4300000000000000000000000000000000000EC
:10D4400000AD5CFF0000000080011800000000003B
:10D450000000000000000000000000000000B8888C
:10D46000FF0000000080010000000000000000003C
:10D4700000000000000000000000009B52FF0000C0
:10D48000000080010000000000000000000000001B
:10D4900000000000000000009B52FF0000000000A0
:10D4A0000018000000000000000000000000000064
:10D4B00000000000002031FF000000000000980084
:10D4C000000000000000000000000000000000005C
:10D4D00000003FEFFF0000000000003000000000EF
:10D4E00000000000000000000000000000000046F6
:10D4F0001FFF00000000000000000000000000000E
:10D5000000000000000000000000000003EBFF002E
:10D510000000000001A80000000000000000000062
:10D520000000000000000000006ACAFF00000000C8
:10D530000001500100000000000000000000000099
:10D54000000000000000E29AFF0000000000000060
:10D5500000000000000000000000000000000000CB
:10D5600000000003EBFF0000000000413800000055
:10D5700000000000000000000000000000000000AB
:10D58000F943FF0000000000000000000000000060
:10D590000000000000000000000000000003EBFF9E
:10D5A00000000000002080000000000000000000DB
:10D5B000000000000000000000003B57FF000000DA
:10D5C000000000000000000000000000000000005B
:10D5D0000000000000000003EBFF0000000000005E
:10D5E000000000000000000000000000000000003B
:10D5F0000000000003EBFF00000000800118400065
:10D60000000000000000000000000000000000001A
:10D6100000AD47FF00000000000000000000000017
:10D62000000000000000000000000000000003EB0C
:10D63000FF0000000080011000000000000000005A
:10D64000000000000000000000000059C1FF0000C1
:10D650000000800008200000000000000000000022
:10D660000000000000000000E10DFF0000000000CD
:10D67000000060000000000000000000000000004A
:10D6800000000000009DE3FF00000000800010008B
:10D69000000000000000000000000000000000008A
:10D6A00000004910FF00000000000018000000000A
:10D6B000000000000000000000000000000000204A
:10D6C00031FF000000000000180000000000000012
:10D6D0000000000000000000000000002031FF00FA
:10D6E00000000080010001000000000000000000B8
:10D6F000000000000000000000A6AEFF00000000D7
:10D700008001180000400000000000000000000040
:10D71000000000000000895CFF0000000080018024
:10D7200000060000000000000000000000000000F3
:10D730000000006405FF00000000800118400000A8
:10D7400000000000000000000000000000000000D9
:10D75000AD47FF0000000080010000004000000015
:10D7600000000000000000000000000000AA86FF8A
:10D770000000000080011C0000000000000000000C
:10D7800000000000000000000000490CFF00000045
:10D7900000800100400000000000000000000000C8
:10D7A000000000000000008E9DFF000000008001CE
:10D7B0001800000000000000000000000000000051
:10D7C00000000000B888FF00000000800118400041
:10D7D0000000000000000000000000000000000049
:10D7E00000AD47FF0000000080011B40000000006A
:10D7F0000000000000000000000000000000E974CC
:10D80000FF0000000080011801000000000000007F
:10D8100000000000000000000000008574FF000010
:10D82000000080011800000000000000000000005F
:10D830000000000000000000B888FF000000008029
:10D84000019800000000000000000000000000003F
:10D850000000000000A756FF00000000800518002F
:10D8600000000000000000000000000000000000B8
:10D870000000FD0CFF0000000080011920000000E6
:10D880000000000000000000000000000000000E8A
:10D890009EFF000000008001180000000000000052
:10D8A000000000000000000000000000B888FF0039
:10D8B0000000000000184000000000000000000010
:10D8C00000000000000000000035FEFF0000000026
:10D8D000000418000000000000000000000000002C
:10D8E00000000000000065B5FF0000000000001807
:10D8F0000000000000000000000000000000000028
:10D900000000002031FF00000000000018000000AF
:10D910000000000000000000000000000000000007
:10D920002031FF000000000000180000000000008F
:10D93000000000000000000000000000002031FF97
:10D9400000000000000018000000000000000000BF
:10D95000000000000000000000002031FF00000077
:10D96000000000180000000000000000000000009F
:10D97000000000000000002031FF00000000000057
:10D98000180000000000000000000000000000007F
:10D99000000000002031FF0000000000001800001F
:10D9A0000000000000000000000000000000000077
:10D9B000002031FF00000000000010000000000007
:10D9C0000000000000000000000000000000C1781E
:10D9D000FF00000000000008000000000000000040
:10D9E0000000000000000000000000E2A2FF0000B4
:10D9F0000000000000000000000000000000000027
:10DA0000000000000000000003EBFF000000000029
:10DA100000180000000000000000000000000000EE
:10DA200000000000002031FF00000000000810028C
:10DA300000000000000000000000000000000000E6
:10DA400000003188FF0000000000000820000000F6
:10DA5000000000000000000000000000000000695D
:10DA600065FF000000000000000000000000000052
:10DA700000000000000000000000000003EBFF00B9
:10DA80000000000000580600000000000000000038
:10DA9000000000000000000000A676FF000000006B
:10DAA000001018000000000000000000000000004E
:10DAB00000000000000032A0FF0000000000001085
:10DAC0000000000000000000000000000000000056
:10DAD000000000C178FF00000000000802200000E4
:10DAE0000000000000000000000000000000000036
:10DAF0007886FF00000000001008400000000000D1
:10DB000000000000000000000000000000E5FCFF35
:10DB100000000000000030020000000000000000D3
:10DB2000000000000000000000003FA7FF00000010
:10DB300000000002200000000000000000000000C3
:10DB400000000000000000F1CEFF00000000000017
:10DB50001828000000000000000000000000000085
:10DB6000000000004997FF000000000000200000B6
:10DB700000000000000000000000000000000000A5
:10DB800000848CFF00000000000000400000000046
:10DB9000000000000000000000000000000016244B
:10DBA000FF00000000000040300000000000000006
:10DBB00000000000000000000000004220FF000004
:10DBC000000000002008000000000000000000002D
:10DBD000000000000000000066EDFF0000000000F3
:10DBE0000000000000000000000000000000000035
:10DBF000000000000003EBFF000000000000200018
:10DC00000000000000000000000000000000000014
:10DC10000000848CFF0000000000001810000000CD
:10DC2000000000000000000000000000000000E410
:10DC3000F2FF0000000000000020000000000000D3
:10DC4000000000000000000000000000882CFF0021
:10DC500000000000001000000000000000000000B4
:10DC6000000000000000000000C178FF000000007C
:10DC7000000008000000000000000000000000009C
:10DC8000000000000000E2A2FF0000000000000011
:10DC9000001800000000000000000000000000006C
:10DCA000000000854CFF0000000000001014000080
:10DCB0000000000000000000000000000000000064
:10DCC000F48BFF00000000000018000000000000BE
:10DCD000000000000000000000000000002031FFF4
:10DCE0000000000000021C400000000000000000D6
:10DCF00000000000000000000000E798FF000000A6
:10DD00000000000000000000000000000000000013
:10DD10000000000000000003EBFF00000000000016
:10DD200000000000000000000000000000000000F3
:10DD30000000000003EBFF0000000000041C540082
:10DD400000000000000000000000000000000000D3
:10DD500000B40DFF000000000000180000000000EB
:10DD60000000000000000000000000000000203162
:10DD7000FF0000000000000008000000000000009C
:10DD80000000000000000000000000E18AFF000029
:10DD90000000000020000000000000000000000063
:10DDA0000000000000000000848CFF000000000064
:10DDB000001801000000000000000000000000004A
:10DDC00000000000001DCDFF0000000000003848EA
:10DDD0000000000000000000000000000000000043
:10DDE000000050F8FF000000000000580000000094
:10DDF0000000000000000000000000000000002EF5
:10DE0000FEFF0000000000001800000000000000FD
:10DE10000000000000000000000000002031FF00B2
:10DE200000000000003800000000000000000000BA
:10DE3000000000000000000000A756FF00000000E6
:10DE400000001801000000000000000000000000B9
:10DE50000000000000001DCDFF00000000000018C1
:10DE60002000000000000000000000000000000092
:10DE7000000000ABF6FF00000000000018000000EA
:10DE80000000000000000000000000000000000092
:10DE90002031FF000000000000980000000000009A
:10DEA000000000000000000000000000003FEFFF45
:10DEB0000000000000003A00000000000000000028
:10DEC00000000000000000000000DEB4FF000000C1
:10DED00000000010800100000000000000000000B1
:10DEE00000000000000000B95AFF00000000000020
:10DEF0005081010000000000000000000000000050
:10DF0000000000008A69FF000000000000B48001EA
:10DF10000000000000000000000000000000000001
:10DF200000D067FF0000000000001080000000002B
:10DF30000000000000000000000000000000E8A653
:10DF4000FF00000000000030800100000000000021
:10DF500000000000000000000000003E3DFF000047
:10DF60000000000010800100000000000000000020
:10DF70000000000000000000B95AFF00000000008F
:10DF80000090800100000000000000000000000080
:10DF90000000000000A684FF0000000000001280C6
:10DFA0000000000000000000000000000000000071
:10DFB00000009144FF0000000000001480010000F8
:10DFC0000000000000000000000000000000004809
:10DFD000DEFF0000000000001081010000000000D2
:10DFE00000000000000000000000000084A6FF0008
:10DFF0000000000000988000000000000000000009
:10E000000000000000000000001631FF00000000CA
:10E010000000588000000000000000000000000028
:10E020000000000000000720FF00000000000010BA
:10E03000800100000000000000000000000000005F
:10E04000000000B95AFF00000000000050800100ED
:10E0500000000000000000000000000000000000C0
:10E06000B795FF00000000000018800000000000CD
:10E070000000000000000000000000000009EFFFA9
:10E080000000000000001800000000000000000078
:10E09000000000000000000000002031FF00000030
:10E0A0000000001800000000000000000000000058
:10E0B000000000000000002031FF00000000000010
:10E0C00098001000000000000000000000000000A8
:10E0D000000000003B2AFF0000000000003000E2CA
:10E0E000010000000000000000000000000000002F
:10E0F0000081C1FF000000000000000002000000DD
:10E100000000000000000000000000000000A2531A
:10E11000FF000000000000A8000400000000000054
:10E1200000000000000000000000003B2AFF00008B
:10E13000000000001000900000000000000000003F
:10E140000000000000000000EC55FF00000000008F
:10E1500000000010000000000000000000000000AF
:10E160000000000000072EFF00000000000010006B
:10E17000000000000000000000000000000000009F
:10E180000000C178FF00000000000000000801004E
:10E19000000000000000000000000000000000D0AF
:10E1A00019FF000000000000000002000000000055
:10E1B000000000000000000000000000A253FF006B
:10E1C000000000000000000000000000000000004F
:10E1D00000000000000000000003EBFF0000000052
:10E1E000000000000000000000000000000000002F
:10E1F00000000000000003EBFF00000000800100B1
:10E20000000000000000000000000000000000000E
:10E210000000009B52FF0000000000000000000012
:10E2200000000000000000000000000000000000EE
:10E2300003EBFF0000000080010000000000000070
:10E24000000000000000000000000000009B52FFE2
:10E25000000000008000040000000000000000003A
:10E26000000000000000000000007A07FF0000002E
:10E27000000000000000000000000000000000009E
:10E280000000000000000003EBFF00000000800021
:10E29000000000000000000000000000000000007E
:10E2A000000000008B83FF0000000000000400005D
:10E2B000000000000000000000000000000000005E
:10E2C00000F26FFF000000000000000000000000EE
:10E2D000000000000000000000000000000003EB50
:10E2E000FF000000008001000000000000000000AE
:10E2F00000000000000000000000009B52FF000032
:10E30000000080010000000000000000000000008C
:10E3100000000000000000009B52FF000000008091
:10E3200001040000000000000000000000000000E8
:10E3300000000000006AD6FF00000000800100001D
:10E34000400000000000000000000000000000008D
:10E3500000008E86FF000000008001020000000027
:10E36000000000000000000000000000000000E2CB
:10E37000B0FF00000000800102000000000000006B
:10E38000000000000000000000000000E2B0FF00FC
:10E3900000000080010000400000000000000000BC
:10E3A0000000000000000000008E86FF000000005A
:10E3B00080010000000000000000000000000000DC
:10E3C0000000000000009B52FF00000000800100E0
:10E3D00060000000000000000000000000000000DD
:10E3E000000000055AFF000000008001020000004C
:10E3F000000000000000000000000000000000001D
:10E40000E2B0FF00000000800100000000000000FA
:10E41000000000000000000000000000009B52FF10
:10E42000000000008011000000000000000000005B
:10E430000000000000000000000089C3FF00000091
:10E44000008011000000000000000000000000003B
:10E450000000000000000089C3FF000000008001F0
:10E46000401000010000000000000000000000005B
:10E470000000000000CEFF0000000080010000004E
:10E48000000000000000000000000000000000008C
:10E49000009B52FF0000000080010000000000000F
:10E4A00000000000000000000000000000009B527F
:10E4B000FF0000000000000000000000000000005D
:10E4C000000000000000000000000003EBFF00005F
:10E4D00000000000401000010000000000000000EB
:10E4E00000000000000000009877FF10000000000E
:10E4F000000000000000000000000000000000001C
:10E5000000000000009714FF000000000000000061
:10E5100000000000000000000000000000000000FB
:10E52000000003EBFF00000000000080000000007E
:10E530000000000000000000000000000000001CBF
:10E5400035FF000000000000000000000000000097
:10E5500000000000000000000000000003EBFF00CE
:10E56000000000000080000000000000000000002B
:10E570000000000000000000001C35FF000000004B
:10E58000000000000000000000000000000000008B
:10E5900000000000000003EBFF000000000000008E
:10E5A000000000000000000000000000000000006B
:10E5B00000000003EBFF000000000000000000006E
:10E5C000000000000000000000000000000000004B
:10E5D00003EBFF000000000000000000000000004E
:10E5E0000000000000000000000000000003EBFF3E
:10E5F000000000000000000000000000000000001B
:10E600000000000000000000000003EBFF0000001D
:10E6100000000000000000000000000000000000FA
:10E620000000000000000003EBFF000000000000FD
:10E6300000000000000000000000000000000000DA
:10E640000000000003EBFF0000000000C000040019
:10E6500000000000000000000000000000000000BA
:10E660000023D7FF000000000000000000000000B1
:10E67000000000000000000000000000000003EBAC
:10E68000FF00000000000400000000000000000087
:10E690000000000000000000000000466FFF0000C6
:10E6A000000000E000010000000000000000000089
:10E6B0000000000000000000C879FF00000000001A
:10E6C0000000020000000000000000000000000048
:10E6D00000000000007A53FF00000000000002006C
:10E6E000000000000000000000000000000000002A
:10E6F00000007A09FF000000000042000100000055
:10E7000000000000000000000000000000000053B6
:10E7100031FF0000000000000000000000000000C9
:10E7200000000000000000000000000003EBFF00FC
:10E7300000000000000200000000000000000000D7
:10E740000000000000000000007A09FF0000000047
:10E7500000000000000000000000000000000000B9
:10E7600000000000000003EBFF00000000000000BC
:10E770000000000000000000000000000000000099
:10E7800000000003EBFF0000000000000440000058
:10E790000000000000000000000000000000000079
:10E7A000E7A0FF00000000000000000000000000E3
:10E7B0000000000000000000000000000003EBFF6C
:10E7C0000000000000000000000000000000000049
:10E7D0000000000000000000000003EBFF0000004C
:10E7E0000000000000000000000000000000000029
:10E7F0000000000000000003EBFF0000000000002C
:10E800000000000000000000000000000000000008
:10E810000000000003EBFF0000000000000000000B
:10E8200000000000000000000000000000000000E8
:10E830000003EBFF000000000000022000000000C9
:10E840000000000000000000000000000000F1CE09
:10E85000FF000000000000000000000000000000B9
:10E86000000000000000000000000003EBFF0000BB
:10E870000000000000000000000000000000000098
:10E88000000000000000000003EBFF080000000093
:10E890000000000000000000000000000000000078
:10E8A0000000000000C994FF080000000000000004
:10E8B0000000000000000000000000000000000058
:10E8C0000000C994FF0000000000000000000000EC
:10E8D0000000000000000000000000000000000335
:10E8E000EBFF0000000000000440000000000000FA
:10E8F000000000000000000000000000E7A0FF0092
:10E900000000000000000000000000000000000007
:10E9100000000000000000000003EBFF0000020008
:10E9200000000000000000000000000000000000E7
:10E93000000000000000BA81FF0000020000000497
:10E940004000000000000000000000000000000087
:10E950000000005ECAFF0000000000000000000090
:10E9600000000000000000000000000000000000A7
:10E9700003EBFF00000000000000000000000000AA
:10E980000000000000000000000000000003EBFF9A
:10E990000000000000000000000000000000000077
:10E9A0000000000000000000000003EBFF0000007A
:10E9B0000000000000000000000000000000000057
:10E9C0000000000000000003EBFF0000000000005A
:10E9D0000000000000000000000000000000000037
:10E9E0000000000003EBFF0000000000000000003A
:10E9F0000000000000000000000000000000000017
:10EA00000003EBFF00000000000000000000000019
:10EA1000000000000000000000000000000003EB08
:10EA2000FF000000000000000000000000000000E7
:10EA3000000000000000000000000003EBFF0000E9
:10EA400000000000000000000000000000000000C6
:10EA5000000000000000000003EBFF0000000000C9
:10EA600000000000000000000000000000000000A6
:10EA7000000000000003EBFF0000000000000000A9
:10EA80000000000000000000000000000000000086
:10EA9000000003EBFF000000000000020000000087
:10EAA0000000000000000000000000000000007AEC
:10EAB00009FF00000000000000000000000000004E
:10EAC00000000000000000000000000003EBFF0059
:10EAD000000000800118000000000000000000009D
:10EAE000000000000000000000B888FF00000000E7
:10EAF000800118000000000000000000000000007D
:10EB0000000000000000B888FF0000000080011C29
:10EB100000000000000000000000000000000000F5
:10EB2000000000490CFF10000000800118000000E8
:10EB300000000000000000000000000000000000D5
:10EB40002C77FF000000008001180000000000008A
:10EB500000000000000000000000000000B888FF76
:10EB60000000000080011A0000000000000000000A
:10EB700000000000000000000000C16AFF0000006B
:10EB800000800118000000000000000000000000EC
:10EB900000000000000000B888FF000000008001B5
:10EBA000180000000000000000000000000000004D
:10EBB00000000000B888FF0000000080011C000079
:10EBC0000000000000000000000000000000000045
:10EBD00000490CFF00000000800118051000000033
:10EBE0000000000000000000000000000000708134
:10EBF000FF000000008001980208000000000000F3
:10EC000000000000000000000000005C8CFF00001D
:10EC1000000080011800000000000000000000005B
:10EC20000000000000000000B888FF000000008025
:10EC300001180000000000000000000000000000BB
:10EC40000000000000B888FF0000000080011800EC
:10EC500000000000000000000000000000000000B4
:10EC60000000B888FF0000000080011800000000CC
:10EC7000000000000000000000000000000000B8DC
:10EC800088FF0000000080011A4000000000000022
:10EC9000000000000000000000000000D4A5FF00FC
:10ECA0000000000000002000000000000000000044
:10ECB000000000000000000000882CFF00000000A1
:10ECC0000000020000000000000000000000000042
:10ECD0000000000000007A09FF000000008000082A
:10ECE0000000000000000000000000000000000024
:10ECF0000000006ACAFF00000000000000000000E1
:10ED00000000000000000000000000000000000003
:10ED100003EBFF000000008000080000000000007E
:10ED2000000000000000000000000000006ACAFFB0
:10ED30000400000080011C400000000000000000F2
:10ED400000000000000000000000B9FCFF0000000F
:10ED500000000000000000000000000000000000B3
:10ED60000000000000000003EBFF00000000800135
:10ED7000180000000000000000000000000000007B
:10ED800000000000B888FF00000000000000000044
:10ED90000000000000000000000000000000000073
:10EDA0000003EBFF00000000000004200000000052
:10EDB000000000000000000000000000000079A832
:10EDC000FF000000000000006000040000000000E0
:10EDD0000000000000000000000000DF22FF000033
:10EDE0000000000000000000000000000000000023
:10EDF000000000000000000003EBFF000000000026
:10EE00000018800104000000000000000000000065
:10EE100000000000001AD2FF000000000000000007
:10EE200000000000000000000000000000000000E2
:10EE3000000003EBFF00000000000018C001040008
:10EE40000000000000000000000000000000000FB3
:10EE50001DFF00000000000008800000000000000E
:10EE6000000000000000000000000000CB7CFF005C
:10EE70000000000000004000000000000000000052
:10EE80000000000000000000001624FF0000000049
:10EE900000000880000000000000000000000000EA
:10EEA000000000000000CB7CFF000000000000001C
:10EEB000000004000000000000000000000000004E
:10EEC000000000412AFF00000000000000000000D8
:10EED0000000000000000000000000000000000032
:10EEE00003EBFF000000000000188001000000009C
:10EEF000000000000000000000000000005813FFA8
:10EF00000000000000001880010000000000000068
:10EF1000000000000000000000005813FF00000087
:10EF20000000001880010400000000000000000044
:10EF3000000000000000001AD2FF000000000000E6
:10EF400018C00102000000000000000000000000E6
:10EF500000000000ECBCFF00000000000018A00151
:10EF6000020000000000000000000000000000009F
:10EF70000072B4FF00000000000018A001000000B3
:10EF80000000000000000000000000000000D3D4DA
:10EF9000FF000000000000188001000000000000D9
:10EFA00000000000000000000000005813FF0000F7
:10EFB00000000000188001040000000000000000B4
:10EFC00000000000000000001AD2FF000000000056
:10EFD0000018800100000000000000000000000098
:10EFE00000000000005813FF00000000000018A0FF
:10EFF0000100000000000000000000000000000010
:10F000000000D3D4FF0000000000001880010000C1
:10F010000000000000000000000000000000005898
:10F0200013FF000000000000188001000000000035
:10F030000000000000000000000000005813FF0066
:10F040000000000000188001000000000000000027
:10F050000000000000000000005813FF0000000046
:10F060000000188001000000000000000000000007
:10F070000000000000005813FF000000000000180E
:10F0800080010000000000000000000000000000FF
:10F090000000005813FF0000000000001880010469
:10F0A0000000000000000000000000000000000060
:10F0B0001AD2FF000000000000180000000000004D
:10F0C000000000000000000000000000002031FFF0
:10F0D0000000000000001800000000000000000018
:10F0E000000000000000000000002031FF100000C0
:10F0F00000000018000004000000000000000000F4
:10F1000000000000000000F60FFF000000000000FB
:10F1100018000000000000000000000000000000D7
:10F12000000000002031FF00000000000018000077
:10F1300000000000000000000000000000000000CF
:10F14000002031FF00000000000018000000000057
:10F15000000000000000000000000000000020315E
:10F16000FF00000000000018000000000000000088
:10F1700000000000000000000000002031FF00003F
:10F180000000000018600000000000000000000007
:10F190000000000000000000BE39FF000000000079
:10F1A0000018000000000000000000000000000047
:10F1B00000000000002031FF0000000000001840A7
:10F1C000000000000000000000000000000000003F
:10F1D000000035FEFF0000000000001800000000E5
:10F1E00000000000000000000000000000000020FF
:10F1F00031FF000000000000184000000000000087
:10F2000000000000000000000000000035FEFF00CC
:10F2100000000000001800000600000000000000D0
:10F22000000000000000000000C390FF000000008C
:10F2300000001802000000000000000000000000B4
:10F240000000000000005989FF00000000000038A5
:10F250002880000000000000000000000000000006
:10F26000000000E718FF0000000000001801000087
:10F27000000000000000000000000000000000008E
:10F280001DCDFF0000000000004010000100000044
:10F29000000000000000000000000000009877FF60
:10F2A000000000000000200A8000000000000000B4
:10F2B0000000000000000000000036BDFF0000005C
:10F2C0000000000800000000000000000000000036
:10F2D00000000000000000E2A2FF000000000000AB
:10F2E00000201402000000000000000000000000E8
:10F2F000000000006CB8FF000000000000284994E6
:10F3000000000000000000000000000000000000FD
:10F3100000C38BFF00000000000018000000000088
:10F32000000000000000000000000000000020318C
:10F33000FF000000000000002000020000000000AC
:10F340000000000000000000000000294CFF000049
:10F350000000000018200002000000000000000073
:10F3600000000000000000000A96FF0000000000FE
:10F37000000000000000000000000000000000008D
:10F38000000000000003EBFF000000000000000090
:10F390000004000000000000000000000000000069
:10F3A0000000412AFF0000000000000020000200D1
:10F3B0000000000000000000000000000000002924
:10F3C0004CFF0000000000000000000000000000F2
:10F3D00000000000000000000000000003EBFF0040
:10F3E000000000000000000000000000000000001D
:10F3F00000000000000000000003EBFF0000000020
:10F4000000000000000000000000000000000000FC
:10F4100000000000000003EBFF00000000000018E7
:10F42000800100000000000000000000000000005B
:10F430000000005813FF0000000000000000000260
:10F4400000000000000000000000000000000000BC
:10F45000A28BFF0000000000001800014000000027
:10F46000000000000000000000000000004019FF44
:10F470000000000000000880000000000000000004
:10F4800000000000000000000000CB7CFF0800002E
:10F49000000000000000000000000000000000006C
:10F4A00000000000000000C994FF080000000000F8
:10F4B00008800000000000000000000000000000C4
:10F4C000000000000103FF00000000000000000039
:10F4D000200000000000000000000000000000000C
:10F4E000001A21FF00000000000800400004000096
:10F4F0000000000000000000000000000000DDAD82
:10F50000FF00000000000018800000000000000064
:10F51000000000000000000000000009EFFF0000F4
:10F520000000000018800000000000000000000043
:10F53000000000000000000009EFFF0000000000D4
:10F540001018C000040000000000000000000000CF
:10F5500000000000004C70FF000000000000188058
:10F56000000000000000000000000000000000009B
:10F57000000009EFFF0000000000001880000000FC
:10F580000000000000000000000000000000000972
:10F59000EFFF0000000000001880000000000000E5
:10F5A00000000000000000000000000009EFFF0064
:10F5B00000000000001880000000000000000000B3
:10F5C00000000000000000000009EFFF0000000044
:10F5D0000000188000000000000000000000000093
:10F5E00000000000000009EFFF000000000000180C
:10F5F000800000000000000000000000000000008B
:10F6000000000009EFFF000000000000188000006B
:10F6100000000000000000000000000000000000EA
:10F6200009EFFF000000000000188000000000004B
:10F630000000000000000000000000000009EFFFD3
:10F640000000000000001880000000000000000022
:10F650000000000000000000000009EFFF000000B3
:10F660000000001880000000000000000000000002
:10F670000000000000000009EFFF00000000000093
:10F6800018800000000000000000000000000000E2
:10F690000000000009EFFF00000000000018C0009B
:10F6A000000000000000000000000000000000005A
:10F6B000001C20FF00000000000018800000000077
:10F6C000000000000000000000000000000009EF42
:10F6D000FF000000000000008001060000000000A4
:10F6E00000000000000000000000009868FF00001B
:10F6F0000000000000C00104000000000000000045
:10F7000000000000000000002CC7FF000000000007
:10F710000000E00100000000000000000000000008
:10F720000000000000E5C1FF1000000000000080A4
:10F7300001000000000000000000000000000000C8
:10F740000000EF36FF000000000000008001040010
:10F750000000000000000000000000000000003970
:10F7600008FF00000000000000A0010000000000F1
:10F77000000000000000000000000000F00EFF008C
:10F7800000000000000080010400000000000000F4
:10F790000000000000000000003908FF0000000029
:10F7A00000000080010000000000000000000000D8
:10F7B0000000000000007BC9FF0000000000000006
:10F7C000C001020000000000000000000000000076
:10F7D000000000CF66FF00000000000000E05100C4
:10F7E0000100000000000000000000000000000018
:10F7F0003540FF000000000000008029800000006C
:10F80000000000000000000000000000009389FFDD
:10F81000000000000000A0800100000000000000C7
:10F8200000000000000000000000E370FF00000086
:10F830000000000080010000000000000000000047
:10F84000000000000000007BC9FF00000000000075
:10F8500040810100000000000000000000000000E6
:10F860000000000048FAFF00000000000000E00176
:10F870000000000000000000000000000000000088
:10F8800000E5C1FF0000000000000080010400004E
:10F890000000000000000000000000000000390827
:10F8A000FF00000000000000000002000000000057
:10F8B0000000000000000000000000A28BFF00001C
:10F8C0000000000000000000000000000000000038
:10F8D000000000000000000003EBFF00000000003B
:10F8E0000000800000000000000000000000000098
:10F8F00000000000002A35FF00000000000000406A
:10F9000000000000000000000000000000000000F7
:10F9100000001624FF00000000000000800000002E
:10F920000000000000000000000000000000002AAD
:10F9300035FF04000000000000800104000000000A
:10F94000000000000000000000000000DC37FF00A5
:10F950000000000000004000000000000000000067
:10F960000000000000000000001624FF000000005E
:10F970000000008001000000000000000000000006
:10F980000000000000007BC9FF0000000000000034
:10F990000000000000000000000000000000000067
:10F9A00000000003EBFF0000000000000000000466
:10F9B0000000000000000000000000000000000047
:10F9C000412AFF00000000000000000000000000CD
:10F9D0000000000000000000000000000003EBFF3A
:10F9E0000000000000000000000000000000000017
:10F9F0000000000000000000000003EBFF0000001A
:10FA000000000000000000000000000000000000F6
:10FA10000000000000000003EBFF000000000000F9
:10FA200000000000000000000000000000000000D6
:10FA30000000000003EBFF000000000000000000D9
:10FA400000000000000000000000000000000000B6
:10FA50000003EBFF000000000000000000000000B9
:10FA6000000000000000000000000000000003EBA8
:10FA7000FF00000000000000000000000000000087
:10FA8000000000000000000000000003EBFF000089
:10FA90000000000000000000000000000000000066
:10FAA000000000000000000003EBFF000000000069
:10FAB0000000000000000000000000000000000046
:10FAC000000000000003EBFF000000000000000049
:10FAD0000000000000000000000000000000000026
:10FAE000000003EBFF000000000000000000000029
:10FAF0000000000000000000000000000000000303
:10FB0000EBFF00000000000000000000000000000B
:10FB100000000000000000000000000003EBFF00F8
:10FB200000000000000004000000000000000000D1
:10FB3000000000000000000000F2DBFF00000000F9
:10FB400000000002000000000000000000000000B3
:10FB50000000000000007A53FF00000000000000D9
:10FB60000000000000000000000000000000000095
:10FB700000000003EBFF0000000000000000000098
:10FB80000000000000000000000000000000000075
:10FB900003EBFF0000000000000000000000000078
:10FBA0000000000000000000000000000003EBFF68
:10FBB000000000000000000000000000080000003D
:10FBC000000000000000000000000A23FF00000009
:10FBD0000000000000000000000000000000000025
:10FBE0000000000000000003EBFF00000000000028
:10FBF0000000000000000000000000000000000005
:10FC00000000000003EBFF00000000000000000007
:10FC100000000000000000000000000000000000E4
:10FC20000003EBFF000000000000000000000000E7
:10FC3000000000000000000000000000000003EBD6
:10FC4000FF000000000000000000000000000000B5
:10FC5000000000000000000000000003EBFF0000B7
:10FC60000000000000000000000000000000000094
:10FC7000000000000000000003EBFF000000000097
:10FC80000000000000000000000000000000000074
:10FC9000000000000003EBFF000000000000000077
:10FCA0000000000000000000000000000000000054
:10FCB000000003EBFF000000000000000000000057
:10FCC0000000000000000000000000000000000331
:10FCD000EBFF00000000000000000000000000003A
:10FCE00000000000000000000000000003EBFF0027
:10FCF0000000000000000000000000000000000004
:10FD000000000000000000000003EBFF0000000006
:10FD100000000000000000000000000000000000E3
:10FD200000000000000003EBFF00000000000000E6
:10FD300000000000000000000000000000000000C3
:10FD400000000003EBFF00000000000000000000C6
:10FD500000000000000000000000000000000000A3
:10FD600003EBFF00000000000000000000000000A6
:10FD70000000000000000000000000000003EBFF96
:10FD80000000000000000000000000000000000073
:10FD90000000000000000000000003EBFF00000076
:10FDA0000000000000000000000000000000000053
:10FDB0000000000000000003EBFF00000000000056
:10FDC0000000000000000000000000000000000033
:10FDD0000000000003EBFF00000000000000000036
:10FDE0000000000000000000000000000000000013
:10FDF0000003EBFF00000000000000000000000016
:10FE0000000000000000000000000000000003EB04
:10FE1000FF000000000000000000000000000000E3
:10FE2000000000000000000000000003EBFF0000E5
:10FE300000000000000000000000000000000000C2
:10FE4000000000000000000003EBFF0000000000C5
:10FE500000000000000000000000000000000000A2
:10FE6000000000000003EBFF0000000000000000A5
:10FE70000000000000000000000000000000000082
:10FE8000000003EBFF000000000000000000000085
:10FE9000000000000000000000000000000000035F
:10FEA000EBFF000000000000000000000000000068
:10FEB00000000000000000000000000003EBFF0055
:10FEC0000000000000000000000000000000000032
:10FED00000000000000000000003EBFF0000000035
:10FEE0000000000000000000000000000000000012
:10FEF00000000000000003EBFF0000000000000015
:10FF000000000000000000000000000000000000F1
:10FF100000000003EBFF00000000000000000000F4
:10FF200000000000000000000000000000000000D1
:10FF300003EBFF00000000000000000000000000D4
:10FF40000000000000000000000000000003EBFFC4
:10FF500000000000000000000000000000000000A1
:10FF60000000000000000000000003EBFF000000A4
:10FF70000000000000000000000000000000000081
:10FF80000000000000000003EBFF00000000000084
:10FF90000000000000000000000000000000000061
:10FFA0000000000003EBFF00000000000000000064
:10FFB0000000000000000000000000000000000041
:10FFC0000003EBFF00000000000000000000000044
:10FFD000000000000000000000000000000003EB33
:10FFE000FF00000000000000000000000000000012
:10FFF000000000000000000000000003EBFF000014
:020000040002F8
:1000000000000000000000000000000000000000F0
:10001000000000000000000003EBFF0000000000F3
:1000200000000000000000000000000000000000D0
:10003000000000000003EBFF0000000000000000D3
:1000400000000000000000000000000000000000B0
:10005000000003EBFF0000000000000000000000B3
:10006000000000000000000000000000000000038D
:10007000EBFF000000000000000000000000000096
:1000800000000000000000000000000003EBFF0083
:100090000000000000000000000000000000000060
:1000A00000000000000000000003EBFF0000000063
:1000B0000000000000000000000000000000000040
:1000C00000000000000003EBFF0000000000000043
:1000D0000000000000000000000000000000000020
:1000E00000000003EBFF0000000000000000000023
:1000F0000000000000000000000000000000000000
:1001000003EBFF0000000000000000000000000002
:100110000000000000000000000000000003EBFFF2
:1001200000000000000000000000000000000000CF
:100130000000000000000000000003EBFF000000D2
:1001400000000000000000000000000000000000AF
:100150000000000000000003EBFF000000000000B2
:10016000000000000000000000000000000000008F
:100170000000000003EBFF00000000000000000092
:10018000000000000000000000000000000000006F
:100190000003EBFF00000000000000000000000072
:1001A000000000000000000000000000000003EB61
:1001B000FF00000000000000000000000000000040
:1001C000000000000000000000000003EBFF000042
:1001D000000000000000000000000000000000001F
:1001E000000000000000000003EBFF000000000022
:1001F00000000000000000000000000000000000FF
:10020000000000000003EBFF000000000000000001
:1002100000000000000000000000000000000000DE
:10022000000003EBFF0000000000000000000000E1
:1002300000000000000000000000000000000003BB
:10024000EBFF0000000000000000000000000000C4
:1002500000000000000000000000000003EBFF00B1
:10026000000000000000000000000000000000008E
:1002700000000000000000000003EBFF0000000091
:10028000000000000000000000000000000000006E
:1002900000000000000003EBFF0000000000000071
:1002A000000000000000000000000000000000004E
:1002B00000000003EBFF0000000000000000000051
:1002C000000000000000000000000000000000002E
:1002D00003EBFF0000000000000000000000000031
:1002E0000000000000000000000000000003EBFF21
:1002F00000000000000000000000000000000000FE
:100300000000000000000000000003EBFF00000000
:1003100000000000000000000000000000000000DD
:100320000000000000000003EBFF000000000000E0
:1003300000000000000000000000000000000000BD
:100340000000000003EBFF000000000000000000C0
:10035000000000000000000000000000000000009D
:100360000003EBFF000000000000000000000000A0
:10037000000000000000000000000000000003EB8F
:10038000FF0000000000000000000000000000006E
:10039000000000000000000000000003EBFF000070
:1003A000000000000000000000000000000000004D
:1003B000000000000000000003EBFF000000000050
:1003C000000000000000000000000000000000002D
:1003D000000000000003EBFF000000000000000030
:1003E000000000000000000000000000000000000D
:1003F000000003EBFF000000000000000000000010
:1004000000000000000000000000000000000003E9
:10041000EBFF0000000000000000000000000000F2
:1004200000000000000000000000000003EBFF00DF
:1004300000000000000000000000000000000000BC
:1004400000000000000000000003EBFF00000000BF
:10045000000000000000000000000000000000009C
:1004600000000000000003EBFF000000000000009F
:10047000000000000000000000000000000000007C
:1004800000000003EBFF000000000000000000007F
:10049000000000000000000000000000000000005C
:1004A00003EBFF000000000000000000000000005F
:1004B0000000000000000000000000000003EBFF4F
:1004C000000000000000000000000000000000002C
:1004D0000000000000000000000003EBFF0000002F
:1004E000000000000000000000000000000000000C
:1004F0000000000000000003EBFF0000000000000F
:1005000000000000000000000000000000000000EB
:100510000000000003EBFF000000000000000000EE
:1005200000000000000000000000000000000000CB
:100530000003EBFF000000000000000000000000CE
:10054000000000000000000000000000000003EBBD
:10055000FF0000000000000000000000000000009C
:10056000000000000000000000000003EBFF00009E
:10057000000000000000000000000000000000007B
:10058000000000000000000003EBFF00000000007E
:10059000000000000000000000000000000000005B
:1005A000000000000003EBFF00000000000000005E
:1005B000000000000000000000000000000000003B
:1005C000000003EBFF00000000000000000000003E
:1005D0000000000000000000000000000000000318
:1005E000EBFF000000000000000000000000000021
:1005F00000000000000000000000000003EBFF000E
:1006000000000000000000000000000000000000EA
:1006100000000000000000000003EBFF00000000ED
:1006200000000000000000000000000000000000CA
:1006300000000000000003EBFF00000000000000CD
:1006400000000000000000000000000000000000AA
:1006500000000003EBFF00000000000000000000AD
:10066000000000000000000000000000000000008A
:1006700003EBFF000000000000000000000000008D
:100680000000000000000000000000000003EBFF7D
:10069000000000000000000000000000000000005A
:1006A0000000000000000000000003EBFF0000005D
:1006B000000000000000000000000000000000003A
:1006C0000000000000000003EBFF0000000000003D
:1006D000000000000000000000000000000000001A
:1006E0000000000003EBFF0000000000000000001D
:1006F00000000000000000000000000000000000FA
:100700000003EBFF000000000000000000000000FC
:10071000000000000000000000000000000003EBEB
:10072000FF000000000000000000000000000000CA
:10073000000000000000000000000003EBFF0000CC
:1007400000000000000000000000000000000000A9
:10075000000000000000000003EBFF0000000000AC
:100760000000000000000000000000000000000089
:10077000000000000003EBFF00000000000000008C
:100780000000000000000000000000000000000069
:10079000000003EBFF00000000000000000000006C
:1007A0000000000000000000000000000000000346
:1007B000EBFF00000000000000000000000000004F
:1007C00000000000000000000000000003EBFF003C
:1007D0000000000000000000000000000000000019
:1007E00000000000000000000003EBFF000000001C
:1007F00000000000000000000000000000000000F9
:1008000000000000000003EBFF00000000000000FB
:1008100000000000000000000000000000000000D8
:1008200000000003EBFF00000000000000000000DB
:1008300000000000000000000000000000000000B8
:1008400003EBFF00000000000000000000000000BB
:100850000000000000000000000000000003EBFFAB
:100860000000000000000000000000000000000088
:100870000000000000000000000003EBFF0000008B
:100880000000000000000000000000000000000068
:100890000000000000000003EBFF0000000000006B
:1008A0000000000000000000000000000000000048
:1008B0000000000003EBFF0000000000000000004B
:1008C0000000000000000000000000000000000028
:1008D0000003EBFF0000000000000000000000002B
:1008E000000000000000000000000000000003EB1A
:1008F000FF000000000000000000000000000000F9
:10090000000000000000000000000003EBFF0000FA
:1009100000000000000000000000000000000000D7
:10092000000000000000000003EBFF0000000000DA
:1009300000000000000000000000000000000000B7
:10094000000000000003EBFF0000000000000000BA
:100950000000000000000000000000000000000097
:10096000000003EBFF00000000000000000000009A
:100970000000000000000000000000000000000374
:10098000EBFF00000000000000000000000000007D
:1009900000000000000000000000000003EBFF006A
:1009A0000000000000000000000000000000000047
:1009B00000000000000000000003EBFF000000004A
:1009C0000000000000000000000000000000000027
:1009D00000000000000003EBFF000000000000002A
:1009E0000000000000000000000000000000000007
:1009F00000000003EBFF000000000000000000000A
:100A000000000000000000000000000000000000E6
:100A100003EBFF00000000000000000000000000E9
:100A20000000000000000000000000000003EBFFD9
:100A300000000000000000000000000000000000B6
:100A40000000000000000000000003EBFF000000B9
:100A50000000000000000000000000000000000096
:100A60000000000000000003EBFF00000000000099
:100A70000000000000000000000000000000000076
:100A80000000000003EBFF00000000000000000079
:100A90000000000000000000000000000000000056
:100AA0000003EBFF00000000000000000000000059
:100AB000000000000000000000000000000003EB48
:100AC000FF00000000000000000000000000000027
:100AD000000000000000000000000003EBFF000029
:100AE0000000000000000000000000000000000006
:100AF000000000000000000003EBFF000000000009
:100B000000000000000000000000000000000000E5
:100B1000000000000003EBFF0000000000000000E8
:100B200000000000000000000000000000000000C5
:100B3000000003EBFF0000000000000000000000C8
:100B400000000000000000000000000000000003A2
:100B5000EBFF0000000000000000000000000000AB
:100B600000000000000000000000000003EBFF0098
:100B70000000000000000000000000000000000075
:100B800000000000000000000003EBFF0000000078
:100B90000000000000000000000000000000000055
:100BA00000000000000003EBFF0000000000000058
:100BB0000000000000000000000000000000000035
:100BC00000000003EBFF0000000000000000000038
:100BD0000000000000000000000000000000000015
:100BE00003EBFF0000000000000000000000000018
:100BF0000000000000000000000000000003EBFF08
:100C000000000000000000000000000000000000E4
:100C10000000000000000000000003EBFF000000E7
:100C200000000000000000000000000000000000C4
:100C30000000000000000003EBFF000000000000C7
:100C400000000000000000000000000000000000A4
:100C50000000000003EBFF000000000000000000A7
:100C60000000000000000000000000000000000084
:100C70000003EBFF00000000000000000000000087
:100C8000000000000000000000000000000003EB76
:100C9000FF00000000000000000000000000000055
:100CA000000000000000000000000003EBFF000057
:100CB0000000000000000000000000000000000034
:100CC000000000000000000003EBFF000000000037
:100CD0000000000000000000000000000000000014
:100CE000000000000003EBFF000000000000000017
:100CF00000000000000000000000000000000000F4
:100D0000000003EBFF0000000000000000000000F6
:100D100000000000000000000000000000000003D0
:100D2000EBFF0000000000000000000000000000D9
:100D300000000000000000000000000003EBFF00C6
:100D400000000000000000000000000000000000A3
:100D500000000000000000000003EBFF00000000A6
:100D60000000000000000000000000000000000083
:100D700000000000000003EBFF0000000000000086
:100D80000000000000000000000000000000000063
:100D900000000003EBFF0000000000000000000066
:100DA0000000000000000000000000000000000043
:100DB00003EBFF0000000000000000000000000046
:100DC0000000000000000000000000000003EBFF36
:100DD0000000000000000000000000000000000013
:100DE0000000000000000000000003EBFF00000016
:100DF00000000000000000000000000000000000F3
:100E00000000000000000003EBFF000000000000F5
:100E100000000000000000000000000000000000D2
:100E20000000000003EBFF000000000000000000D5
:100E300000000000000000000000000000000000B2
:100E40000003EBFF000000000000000000000000B5
:100E5000000000000000000000000000000003EBA4
:100E6000FF00000000000000000000000000000083
:100E7000000000000000000000000003EBFF000085
:100E80000000000000000000000000000000000062
:100E9000000000000000000003EBFF000000000065
:100EA0000000000000000000000000000000000042
:100EB000000000000003EBFF000000000000000045
:100EC0000000000000000000000000000000000022
:100ED000000003EBFF000000000000000000000025
:100EE00000000000000000000000000000000003FF
:100EF000EBFF000000000000000000000000000008
:100F000000000000000000000000000003EBFF00F4
:100F100000000000000000000000000000000000D1
:100F200000000000000000000003EBFF00000000D4
:100F300000000000000000000000000000000000B1
:100F400000000000000003EBFF00000000000000B4
:100F50000000000000000000000000000000000091
:100F600000000003EBFF0000000000000000000094
:100F70000000000000000000000000000000000071
:100F800003EBFF0000000000000000000000000074
:100F90000000000000000000000000000003EBFF64
:100FA0000000000000000000000000000000000041
:100FB0000000000000000000000003EBFF00000044
:100FC0000000000000000000000000000000000021
:100FD0000000000000000003EBFF00000000000024
:100FE0000000000000000000000000000000000001
:100FF0000000000003EBFF00000000000000000004
:1010000000000000000000000000000000000000E0
:101010000003EBFF000000000000000000000000E3
:10102000000000000000000000000000000003EBD2
:10103000FF000000000000000000000000000000B1
:10104000000000000000000000000003EBFF0000B3
:101050000000000000000000000000000000000090
:10106000000000000000000003EBFF000000000093
:101070000000000000000000000000000000000070
:10108000000000000003EBFF000000000000000073
:101090000000000000000000000000000000000050
:1010A000000003EBFF000000000000000000000053
:1010B000000000000000000000000000000000032D
:1010C000EBFF000000000000000000000000000036
:1010D00000000000000000000000000003EBFF0023
:1010E0000000000000000000000000000000000000
:1010F00000000000000000000003EBFF0000000003
:1011000000000000000000000000000000000000DF
:1011100000000000000003EBFF00000000000000E2
:1011200000000000000000000000000000000000BF
:1011300000000003EBFF00000000000000000000C2
:10114000000000000000000000000000000000009F
:1011500003EBFF00000000000000000000000000A2
:101160000000000000000000000000000003EBFF92
:10117000000000000000000000000000000000006F
:101180000000000000000000000003EBFF00000072
:10119000000000000000000000000000000000004F
:1011A0000000000000000003EBFF00000000000052
:1011B000000000000000000000000000000000002F
:1011C0000000000003EBFF00000000000000000032
:1011D000000000000000000000000000000000000F
:1011E0000003EBFF00000000000000000000000012
:1011F000000000000000000000000000000003EB01
:10120000FF000000000000000000000000000000DF
:10121000000000000000000000000003EBFF0000E1
:1012200000000000000000000000000000000000BE
:10123000000000000000000003EBFF0000000000C1
:10124000000000000000000000000000000000009E
:10125000000000000003EBFF0000000000000000A1
:10126000000000000000000000000000000000007E
:10127000000003EBFF000000000000000000000081
:10128000000000000000000000000000000000035B
:10129000EBFF000000000000000000000000000064
:1012A00000000000000000000000000003EBFF0051
:1012B000000000000000000000000000000000002E
:1012C00000000000000000000003EBFF0000000031
:1012D000000000000000000000000000000000000E
:1012E00000000000000003EBFF0000000000000011
:1012F00000000000000000000000000000000000EE
:1013000000000003EBFF00000000000000000000F0
:1013100000000000000000000000000000000000CD
:1013200003EBFF00000000000000000000000000D0
:101330000000000000000000000000000003EBFFC0
:10134000000000000000000000000000000000009D
:101350000000000000000000000003EBFF000000A0
:10136000000000000000000000000000000000007D
:101370000000000000000003EBFF00000000000080
:10138000000000000000000000000000000000005D
:101390000000000003EBFF00000000000000000060
:1013A000000000000000000000000000000000003D
:1013B0000003EBFF00000000000000000000000040
:1013C000000000000000000000000000000003EB2F
:1013D000FF0000000000000000000000000000000E
:1013E000000000000000000000000003EBFF000010
:1013F00000000000000000000000000000000000ED
:10140000000000000000000003EBFF0000000000EF
:1014100000000000000000000000000000000000CC
:10142000000000000003EBFF0000000000000000CF
:1014300000000000000000000000000000000000AC
:10144000000003EBFF0000000000000000000000AF
:101450000000000000000000000000000000000389
:10146000EBFF000000000000000000000000000092
:1014700000000000000000000000000003EBFF007F
:10148000000000000000000000000000000000005C
:1014900000000000000000000003EBFF000000005F
:1014A000000000000000000000000000000000003C
:1014B00000000000000003EBFF000000000000003F
:1014C000000000000000000000000000000000001C
:1014D00000000003EBFF000000000000000000001F
:1014E00000000000000000000000000000000000FC
:1014F00003EBFF00000000000000000000000000FF
:101500000000000000000000000000000003EBFFEE
:1015100000000000000000000000000000000000CB
:101520000000000000000000000003EBFF000000CE
:1015300000000000000000000000000000000000AB
:101540000000000000000003EBFF000000000000AE
:10155000000000000000000000000000000000008B
:101560000000000003EBFF0000000000000000008E
:10157000000000000000000000000000000000006B
:101580000003EBFF0000000000000000000000006E
:10159000000000000000000000000000000003EB5D
:1015A000FF0000000000000000000000000000003C
:1015B000000000000000000000000003EBFF00003E
:1015C000000000000000000000000000000000001B
:1015D000000000000000000003EBFF00000000001E
:1015E00000000000000000000000000000000000FB
:1015F000000000000003EBFF0000000000000000FE
:1016000000000000000000000000000000000000DA
:10161000000003EBFF0000000000000000000000DD
:1016200000000000000000000000000000000003B7
:10163000EBFF0000000000000000000000000000C0
:1016400000000000000000000000000003EBFF00AD
:10165000000000000000000000000000000000008A
:1016600000000000000000000003EBFF000000008D
:10167000000000000000000000000000000000006A
:1016800000000000000003EBFF000000000000006D
:10169000000000000000000000000000000000004A
:1016A00000000003EBFF000000000000000000004D
:1016B000000000000000000000000000000000002A
:1016C00003EBFF000000000000000000000000002D
:1016D0000000000000000000000000000003EBFF1D
:1016E00000000000000000000000000000000000FA
:1016F0000000000000000000000003EBFF000000FD
:1017000000000000000000000000000000000000D9
:101710000000000000000003EBFF000000000000DC
:1017200000000000000000000000000000000000B9
:101730000000000003EBFF000000000000000000BC
:101740000000000000000000000000000000000099
:101750000003EBFF0000000000000000000000009C
:10176000000000000000000000000000000003EB8B
:10177000FF0000000000000000000000000000006A
:10178000000000000000000000000003EBFF00006C
:101790000000000000000000000000000000000049
:1017A000000000000000000003EBFF00000000004C
:1017B0000000000000000000000000000000000029
:1017C000000000000003EBFF00000000000000002C
:1017D0000000000000000000000000000000000009
:1017E000000003EBFF00000000000000000000000C
:1017F00000000000000000000000000000000003E6
:10180000EBFF0000000000000000000000000000EE
:1018100000000000000000000000000003EBFF00DB
:1018200000000000000000000000000000000000B8
:1018300000000000000000000003EBFF00000000BB
:101840000000000000000000000000000000000098
:1018500000000000000003EBFF000000000000009B
:101860000000000000000000000000000000000078
:1018700000000003EBFF000000000000000000007B
:101880000000000000000000000000000000000058
:1018900003EBFF000000000000000000000000005B
:1018A0000000000000000000000000000003EBFF4B
:1018B0000000000000000000000000000000000028
:1018C0000000000000000000000003EBFF0000002B
:1018D0000000000000000000000000000000000008
:1018E0000000000000000003EBFF0000000000000B
:1018F00000000000000000000000000000000000E8
:101900000000000003EBFF000000000000000000EA
:1019100000000000000000000000000000000000C7
:101920000003EBFF000000000000000000000000CA
:10193000000000000000000000000000000003EBB9
:10194000FF00000000000000000000000000000098
:10195000000000000000000000000003EBFF00009A
:101960000000000000000000000000000000000077
:10197000000000000000000003EBFF00000000007A
:101980000000000000000000000000000000000057
:10199000000000000003EBFF00000000000000005A
:1019A0000000000000000000000000000000000037
:1019B000000003EBFF00000000000000000000003A
:1019C0000000000000000000000000000000000314
:1019D000EBFF00000000000000000000000000001D
:1019E00000000000000000000000000003EBFF000A
:1019F00000000000000000000000000000000000E7
:101A000000000000000000000003EBFF00000000E9
:101A100000000000000000000000000000000000C6
:101A200000000000000003EBFF00000000000000C9
:101A300000000000000000000000000000000000A6
:101A400000000003EBFF00000000000000000000A9
:101A50000000000000000000000000000000000086
:101A600003EBFF0000000000000000000000000089
:101A70000000000000000000000000000003EBFF79
:101A80000000000000000000000000000000000056
:101A90000000000000000000000003EBFF00000059
:101AA0000000000000000000000000000000000036
:101AB0000000000000000003EBFF00000000000039
:101AC0000000000000000000000000000000000016
:101AD0000000000003EBFF00000000000000000019
:101AE00000000000000000000000000000000000F6
:101AF0000003EBFF000000000000000000000000F9
:101B0000000000000000000000000000000003EBE7
:101B1000FF000000000000000000000000000000C6
:101B2000000000000000000000000003EBFF0000C8
:101B300000000000000000000000000000000000A5
:101B4000000000000000000003EBFF0000000000A8
:101B50000000000000000000000000000000000085
:101B6000000000000003EBFF000000000000000088
:101B70000000000000000000000000000000000065
:101B8000000003EBFF000000000000000000000068
:101B90000000000000000000000000000000000342
:101BA000EBFF00000000000000000000000000004B
:101BB00000000000000000000000000003EBFF0038
:101BC0000000000000000000000000000000000015
:101BD00000000000000000000003EBFF0000000018
:101BE00000000000000000000000000000000000F5
:101BF00000000000000003EBFF00000000000000F8
:101C000000000000000000000000000000000000D4
:101C100000000003EBFF00000000000000000000D7
:101C200000000000000000000000000000000000B4
:101C300003EBFF00000000000000000000000000B7
:101C40000000000000000000000000000003EBFFA7
:101C50000000000000000000000000000000000084
:101C60000000000000000000000003EBFF00000087
:101C70000000000000000000000000000000000064
:101C80000000000000000003EBFF00000000000067
:101C90000000000000000000000000000000000044
:101CA0000000000003EBFF00000000000000000047
:101CB0000000000000000000000000000000000024
:101CC0000003EBFF00000000000000000000000027
:101CD000000000000000000000000000000003EB16
:101CE000FF000000000000000000000000000000F5
:101CF000000000000000000000000003EBFF0000F7
:101D000000000000000000000000000000000000D3
:101D1000000000000000000003EBFF0000000000D6
:101D200000000000000000000000000000000000B3
:101D3000000000000003EBFF0000000000000000B6
:101D40000000000000000000000000000000000093
:101D5000000003EBFF000000000000000000000096
:101D60000000000000000000000000000000000370
:101D7000EBFF000000000000000000000000000079
:101D800000000000000000000000000003EBFF0066
:101D90000000000000000000000000000000000043
:101DA00000000000000000000003EBFF0000000046
:101DB0000000000000000000000000000000000023
:101DC00000000000000003EBFF0000000000000026
:101DD0000000000000000000000000000000000003
:101DE00000000003EBFF0000000000000000000006
:101DF00000000000000000000000000000000000E3
:101E000003EBFF00000000000000000000000000E5
:101E10000000000000000000000000000003EBFFD5
:101E200000000000000000000000000000000000B2
:101E30000000000000000000000003EBFF000000B5
:101E40000000000000000000000000000000000092
:101E50000000000000000003EBFF00000000000095
:101E60000000000000000000000000000000000072
:101E70000000000003EBFF00000000000000000075
:101E80000000000000000000000000000000000052
:101E90000003EBFF00000000000000000000000055
:101EA000000000000000000000000000000003EB44
:101EB000FF00000000000000000000000000000023
:101EC000000000000000000000000003EBFF000025
:101ED0000000000000000000000000000000000002
:101EE000000000000000000003EBFF000000000005
:101EF00000000000000000000000000000000000E2
:101F0000000000000003EBFF0000000000000000E4
:101F100000000000000000000000000000000000C1
:101F2000000003EBFF0000000000000000000000C4
:101F3000000000000000000000000000000000039E
:101F4000EBFF0000000000000000000000000000A7
:101F500000000000000000000000000003EBFF0094
:101F60000000000000000000000000000000000071
:101F700000000000000000000003EBFF0000000074
:101F80000000000000000000000000000000000051
:101F900000000000000003EBFF0000000000000054
:101FA0000000000000000000000000000000000031
:101FB00000000003EBFF0000000000000000000034
:101FC0000000000000000000000000000000000011
:101FD00003EBFF0000000000000000000000000014
:101FE0000000000000000000000000000003EBFF04
:101FF00000000000000000000000000000000000E1
:102000000000000000000000000003EBFF000000E3
:1020100000000000000000000000000000000000C0
:102020000000000000000003EBFF000000000000C3
:1020300000000000000000000000000000000000A0
:102040000000000003EBFF000000000000000000A3
:102050000000000000000000000000000000000080
:102060000003EBFF00000000000000000000000083
:10207000000000000000000000000000000003EB72
:10208000FF00000000000000000000000000000051
:10209000000000000000000000000003EBFF000053
:1020A0000000000000000000000000000000000030
:1020B000000000000000000003EBFF000000000033
:1020C0000000000000000000000000000000000010
:1020D000000000000003EBFF000000000000000013
:1020E00000000000000000000000000000000000F0
:1020F000000003EBFF0000000000000000000000F3
:1021000000000000000000000000000000000003CC
:10211000EBFF0000000000000000000000000000D5
:1021200000000000000000000000000003EBFF00C2
:10213000000000000000000000000000000000009F
:1021400000000000000000000003EBFF00000000A2
:10215000000000000000000000000000000000007F
:1021600000000000000003EBFF0000000000000082
:10217000000000000000000000000000000000005F
:1021800000000003EBFF0000000000000000000062
:10219000000000000000000000000000000000003F
:1021A00003EBFF0000000000000000000000000042
:1021B0000000000000000000000000000003EBFF32
:1021C000000000000000000000000000000000000F
:1021D0000000000000000000000003EBFF00000012
:1021E00000000000000000000000000000000000EF
:1021F0000000000000000003EBFF000000000000F2
:1022000000000000000000000000000000000000CE
:102210000000000003EBFF000000000000000000D1
:1022200000000000000000000000000000000000AE
:102230000003EBFF000000000000000000000000B1
:10224000000000000000000000000000000003EBA0
:10225000FF0000000000000000000000000000007F
:10226000000000000000000000000003EBFF000081
:10227000000000000000000000000000000000005E
:10228000000000000000000003EBFF000000000061
:10229000000000000000000000000000000000003E
:1022A000000000000003EBFF000000000000000041
:1022B000000000000000000000000000000000001E
:1022C000000003EBFF000000000000000000000021
:1022D00000000000000000000000000000000003FB
:1022E000EBFF000000000000000000000000000004
:1022F00000000000000000000000000003EBFF00F1
:1023000000000000000000000000000000000000CD
:1023100000000000000000000003EBFF00000000D0
:1023200000000000000000000000000000000000AD
:1023300000000000000003EBFF00000000000000B0
:10234000000000000000000000000000000000008D
:1023500000000003EBFF0000000000000000000090
:10236000000000000000000000000000000000006D
:1023700003EBFF0000000000000000000000000070
:102380000000000000000000000000000003EBFF60
:10239000000000000000000000000000000000003D
:1023A0000000000000000000000003EBFF00000040
:1023B000000000000000000000000000000000001D
:1023C0000000000000000003EBFF00000000000020
:1023D00000000000000000000000000000000000FD
:1023E0000000000003EBFF00000000000000000000
:1023F00000000000000000000000000000000000DD
:102400000003EBFF000000000000000000000000DF
:10241000000000000000000000000000000003EBCE
:10242000FF000000000000000000000000000000AD
:10243000000000000000000000000003EBFF0000AF
:10244000000000000000000000000000000000008C
:10245000000000000000000003EBFF00000000008F
:10246000000000000000000000000000000000006C
:10247000000000000003EBFF00000000000000006F
:10248000000000000000000000000000000000004C
:10249000000003EBFF00000000000000000000004F
:1024A0000000000000000000000000000000000329
:1024B000EBFF000000000000000000000000000032
:1024C00000000000000000000000000003EBFF001F
:1024D00000000000000000000000000000000000FC
:1024E00000000000000000000003EBFF00000000FF
:1024F00000000000000000000000000000000000DC
:1025000000000000000003EBFF00000000000000DE
:1025100000000000000000000000000000000000BB
:1025200000000003EBFF00000000000000000000BE
:10253000000000000000000000000000000000009B
:1025400003EBFF000000000000000000000000009E
:102550000000000000000000000000000003EBFF8E
:10256000000000000000000000000000000000006B
:102570000000000000000000000003EBFF0000006E
:10258000000000000000000000000000000000004B
:102590000000000000000003EBFF0000000000004E
:1025A000000000000000000000000000000000002B
:1025B0000000000003EBFF0000000000000000002E
:1025C000000000000000000000000000000000000B
:1025D0000003EBFF0000000000000000000000000E
:1025E000000000000000000000000000000003EBFD
:1025F000FF000000000000000000000000000000DC
:10260000000000000000000000000003EBFF0000DD
:1026100000000000000000000000000000000000BA
:10262000000000000000000003EBFF0000000000BD
:10263000000000000000000000000000000000009A
:10264000000000000003EBFF00000000000000009D
:10265000000000000000000000000000000000007A
:10266000000003EBFF00000000000000000000007D
:102670000000000000000000000000000000000357
:10268000EBFF000000000000000000000000000060
:1026900000000000000000000000000003EBFF004D
:1026A000000000000000000000000000000000002A
:1026B00000000000000000000003EBFF000000002D
:1026C000000000000000000000000000000000000A
:1026D00000000000000003EBFF000000000000000D
:1026E00000000000000000000000000000000000EA
:1026F00000000003EBFF00000000000000000000ED
:1027000000000000000000000000000000000000C9
:1027100003EBFF00000000000000000000000000CC
:102720000000000000000000000000000003EBFFBC
:102730000000000000000000000000000000000099
:102740000000000000000000000003EBFF0000009C
:102750000000000000000000000000000000000079
:102760000000000000000003EBFF0000000000007C
:102770000000000000000000000000000000000059
:102780000000000003EBFF0000000000000000005C
:102790000000000000000000000000000000000039
:1027A0000003EBFF0000000000000000000000003C
:1027B000000000000000000000000000000003EB2B
:1027C000FF0000000000000000000000000000000A
:1027D000000000000000000000000003EBFF00000C
:1027E00000000000000000000000000000000000E9
:1027F000000000000000000003EBFF0000000000EC
:1028000000000000000000000000000000000000C8
:10281000000000000003EBFF0000000000000000CB
:1028200000000000000000000000000000000000A8
:10283000000003EBFF0000000000000000000000AB
:102840000000000000000000000000000000000385
:10285000EBFF00000000000000000000000000008E
:1028600000000000000000000000000003EBFF007B
:102870000000000000000000000000000000000058
:1028800000000000000000000003EBFF000000005B
:102890000000000000000000000000000000000038
:1028A00000000000000003EBFF000000000000003B
:1028B0000000000000000000000000000000000018
:1028C00000000003EBFF000000000000000000001B
:1028D00000000000000000000000000000000000F8
:1028E00003EBFF00000000000000000000000000FB
:1028F0000000000000000000000000000003EBFFEB
:1029000000000000000000000000000000000000C7
:102910000000000000000000000003EBFF000000CA
:1029200000000000000000000000000000000000A7
:102930000000000000000003EBFF000000000000AA
:102940000000000000000000000000000000000087
:102950000000000003EBFF0000000000000000008A
:102960000000000000000000000000000000000067
:102970000003EBFF0000000000000000000000006A
:10298000000000000000000000000000000003EB59
:10299000FF00000000000000000000000000000038
:1029A000000000000000000000000003EBFF00003A
:1029B0000000000000000000000000000000000017
:1029C000000000000000000003EBFF00000000001A
:1029D00000000000000000000000000000000000F7
:1029E000000000000003EBFF0000000000000000FA
:1029F00000000000000000000000000000000000D7
:102A0000000003EBFF0000000000000000000000D9
:102A100000000000000000000000000000000003B3
:102A2000EBFF0000000000000000000000000000BC
:102A300000000000000000000000000003EBFF00A9
:102A40000000000000000000000000000000000086
:102A500000000000000000000003EBFF0000000089
:102A60000000000000000000000000000000000066
:102A700000000000000003EBFF0000000000000069
:102A80000000000000000000000000000000000046
:102A900000000003EBFF0000000000000000000049
:102AA0000000000000000000000000000000000026
:102AB00003EBFF0000000000000000000000000029
:102AC0000000000000000000000000000003EBFF19
:102AD00000000000000000000000000000000000F6
:102AE0000000000000000000000003EBFF000000F9
:102AF00000000000000000000000000000000000D6
:102B00000000000000000003EBFF000000000000D8
:102B100000000000000000000000000000000000B5
:102B20000000000003EBFF000000000000000000B8
:102B30000000000000000000000000000000000095
:102B40000003EBFF00000000000000000000000098
:102B5000000000000000000000000000000003EB87
:102B6000FF00000000000000000000000000000066
:102B7000000000000000000000000003EBFF000068
:102B80000000000000000000000000000000000045
:102B9000000000000000000003EBFF000000000048
:102BA0000000000000000000000000000000000025
:102BB000000000000003EBFF000000000000000028
:102BC0000000000000000000000000000000000005
:102BD000000003EBFF000000000000000000000008
:102BE00000000000000000000000000000000003E2
:102BF000EBFF0000000000000000000000000000EB
:102C000000000000000000000000000003EBFF00D7
:102C100000000000000000000000000000000000B4
:102C200000000000000000000003EBFF00000000B7
:102C30000000000000000000000000000000000094
:102C400000000000000003EBFF0000000000000097
:102C50000000000000000000000000000000000074
:102C600000000003EBFF0000000000000000000077
:102C70000000000000000000000000000000000054
:102C800003EBFF0000000000000000000000000057
:102C90000000000000000000000000000003EBFF47
:102CA0000000000000000000000000000000000024
:102CB0000000000000000000000003EBFF00000027
:102CC0000000000000000000000000000000000004
:102CD0000000000000000003EBFF00000000000007
:102CE00000000000000000000000000000000000E4
:102CF0000000000003EBFF000000000000000000E7
:102D000000000000000000000000000000000000C3
:102D10000003EBFF000000000000000000000000C6
:102D2000000000000000000000000000000003EBB5
:102D3000FF00000000000000000000000000000094
:102D4000000000000000000000000003EBFF000096
:102D50000000000000000000000000000000000073
:102D6000000000000000000003EBFF000000000076
:102D70000000000000000000000000000000000053
:102D8000000000000003EBFF000000000000000056
:102D90000000000000000000000000000000000033
:102DA000000003EBFF000000000000000000000036
:102DB0000000000000000000000000000000000310
:102DC000EBFF000000000000000000000000000019
:102DD00000000000000000000000000003EBFF0006
:102DE00000000000000000000000000000000000E3
:102DF00000000000000000000003EBFF00000000E6
:102E000000000000000000000000000000000000C2
:102E100000000000000003EBFF00000000000000C5
:102E200000000000000000000000000000000000A2
:102E300000000003EBFF00000000000000000000A5
:102E40000000000000000000000000000000000082
:102E500003EBFF0000000000000000000000000085
:102E60000000000000000000000000000003EBFF75
:102E70000000000000000000000000000000000052
:102E80000000000000000000000003EBFF00000055
:102E90000000000000000000000000000000000032
:102EA0000000000000000003EBFF00000000000035
:102EB0000000000000000000000000000000000012
:102EC0000000000003EBFF00000000000000000015
:102ED00000000000000000000000000000000000F2
:102EE0000003EBFF000000000000000000000000F5
:102EF000000000000000000000000000000003EBE4
:102F0000FF000000000000000000000000000000C2
:102F1000000000000000000000000003EBFF0000C4
:102F200000000000000000000000000000000000A1
:102F3000000000000000000003EBFF0000000000A4
:102F40000000000000000000000000000000000081
:102F5000000000000003EBFF000000000000000084
:102F60000000000000000000000000000000000061
:102F7000000003EBFF000000000000000000000064
:102F8000000000000000000000000000000000033E
:102F9000EBFF000000000000000000000000000047
:102FA00000000000000000000000000003EBFF0034
:102FB0000000000000000000000000000000000011
:102FC00000000000000000000003EBFF0000000014
:102FD00000000000000000000000000000000000F1
:102FE00000000000000003EBFF00000000000000F4
:102FF00000000000000000000000000000000000D1
:1030000000000003EBFF00000000000000000000D3
:1030100000000000000000000000000000000000B0
:1030200003EBFF00000000000000000000000000B3
:103030000000000000000000000000000003EBFFA3
:103040000000000000000000000000000000000080
:103050000000000000000000000003EBFF00000083
:103060000000000000000000000000000000000060
:103070000000000000000003EBFF00000000000063
:103080000000000000000000000000000000000040
:103090000000000003EBFF00000000000000000043
:1030A0000000000000000000000000000000000020
:1030B0000003EBFF00000000000000000000000023
:1030C000000000000000000000000000000003EB12
:1030D000FF000000000000000000000000000000F1
:1030E000000000000000000000000003EBFF0000F3
:1030F00000000000000000000000000000000000D0
:10310000000000000000000003EBFF0000000000D2
:1031100000000000000000000000000000000000AF
:10312000000000000003EBFF0000000000000000B2
:10313000000000000000000000000000000000008F
:10314000000003EBFF000000000000000000000092
:10315000000000000000000000000000000000036C
:10316000EBFF000000000000000000000000000075
:1031700000000000000000000000000003EBFF0062
:10318000000000000000000000000000000000003F
:1031900000000000000000000003EBFF0000000042
:1031A000000000000000000000000000000000001F
:1031B00000000000000003EBFF0000000000000022
:1031C00000000000000000000000000000000000FF
:1031D00000000003EBFF0000000000000000000002
:1031E00000000000000000000000000000000000DF
:1031F00003EBFF00000000000000000000000000E2
:103200000000000000000000000000000003EBFFD1
:1032100000000000000000000000000000000000AE
:103220000000000000000000000003EBFF000000B1
:10323000000000000000000000000000000000008E
:103240000000000000000003EBFF00000000000091
:10325000000000000000000000000000000000006E
:103260000000000003EBFF00000000000000000071
:10327000000000000000000000000000000000004E
:103280000003EBFF00000000000000000000000051
:10329000000000000000000000000000000003EB40
:1032A000FF0000000000000000000000000000001F
:1032B000000000000000000000000003EBFF000021
:1032C00000000000000000000000000000000000FE
:1032D000000000000000000003EBFF000000000001
:1032E00000000000000000000000000000000000DE
:1032F000000000000003EBFF0000000000000000E1
:1033000000000000000000000000000000000000BD
:10331000000003EBFF0000000000000000000000C0
:10332000000000000000000000000000000000039A
:10333000EBFF0000000000000000000000000000A3
:1033400000000000000000000000000003EBFF0090
:10335000000000000000000000000000000000006D
:1033600000000000000000000003EBFF0000000070
:10337000000000000000000000000000000000004D
:1033800000000000000003EBFF0000000000000050
:10339000000000000000000000000000000000002D
:1033A00000000003EBFF0000000000000000000030
:1033B000000000000000000000000000000000000D
:1033C00003EBFF0000000000000000000000000010
:1033D0000000000000000000000000000003EBFF00
:1033E00000000000000000000000000000000000DD
:1033F0000000000000000000000003EBFF000000E0
:1034000000000000000000000000000000000000BC
:103410000000000000000003EBFF000000000000BF
:10342000000000000000000000000000000000009C
:103430000000000003EBFF0000000000000000009F
:10344000000000000000000000000000000000007C
:103450000003EBFF0000000000000000000000007F
:10346000000000000000000000000000000003EB6E
:10347000FF0000000000000000000000000000004D
:10348000000000000000000000000003EBFF00004F
:10349000000000000000000000000000000000002C
:1034A000000000000000000003EBFF00000000002F
:1034B000000000000000000000000000000000000C
:1034C000000000000003EBFF00000000000000000F
:1034D00000000000000000000000000000000000EC
:1034E000000003EBFF0000000000000000000000EF
:1034F00000000000000000000000000000000003C9
:10350000EBFF0000000000000000000000000000D1
:1035100000000000000000000000000003EBFF00BE
:10352000000000000000000000000000000000009B
:1035300000000000000000000003EBFF000000009E
:10354000000000000000000000000000000000007B
:1035500000000000000003EBFF000000000000007E
:10356000000000000000000000000000000000005B
:1035700000000003EBFF000000000000000000005E
:10358000000000000000000000000000000000003B
:1035900003EBFF000000000000000000000000003E
:1035A0000000000000000000000000000003EBFF2E
:1035B000000000000000000000000000000000000B
:1035C0000000000000000000000003EBFF0000000E
:1035D00000000000000000000000000000000000EB
:1035E0000000000000000003EBFF000000000000EE
:1035F00000000000000000000000000000000000CB
:103600000000000003EBFF000000000000000000CD
:1036100000000000000000000000000000000000AA
:103620000003EBFF000000000000000000000000AD
:10363000000000000000000000000000000003EB9C
:10364000FF0000000000000000000000000000007B
:10365000000000000000000000000003EBFF00007D
:10366000000000000000000000000000000000005A
:10367000000000000000000003EBFF00000000005D
:10368000000000000000000000000000000000003A
:10369000000000000003EBFF00000000000000003D
:1036A000000000000000000000000000000000001A
:1036B000000003EBFF00000000000000000000001D
:1036C00000000000000000000000000000000003F7
:1036D000EBFF000000000000000000000000000000
:1036E00000000000000000000000000003EBFF00ED
:1036F00000000000000000000000000000000000CA
:1037000000000000000000000003EBFF00000000CC
:1037100000000000000000000000000000000000A9
:1037200000000000000003EBFF00000000000000AC
:103730000000000000000000000000000000000089
:1037400000000003EBFF000000000000000000008C
:103750000000000000000000000000000000000069
:1037600003EBFF000000000000000000000000006C
:103770000000000000000000000000000003EBFF5C
:103780000000000000000000000000000000000039
:103790000000000000000000000003EBFF0000003C
:1037A0000000000000000000000000000000000019
:1037B0000000000000000003EBFF0000000000001C
:1037C00000000000000000000000000000000000F9
:1037D0000000000003EBFF000000000000000000FC
:1037E00000000000000000000000000000000000D9
:1037F0000003EBFF000000000000000000000000DC
:10380000000000000000000000000000000003EBCA
:10381000FF000000000000000000000000000000A9
:10382000000000000000000000000003EBFF0000AB
:103830000000000000000000000000000000000088
:10384000000000000000000003EBFF00000000008B
:103850000000000000000000000000000000000068
:10386000000000000003EBFF00000000000000006B
:103870000000000000000000000000000000000048
:10388000000003EBFF00000000000000000000004B
:103890000000000000000000000000000000000325
:1038A000EBFF00000000000000000000000000002E
:1038B00000000000000000000000000003EBFF001B
:1038C00000000000000000000000000000000000F8
:1038D00000000000000000000003EBFF00000000FB
:1038E00000000000000000000000000000000000D8
:1038F00000000000000003EBFF00000000000000DB
:1039000000000000000000000000000000000000B7
:1039100000000003EBFF00000000000000000000BA
:103920000000000000000000000000000000000097
:1039300003EBFF000000000000000000000000009A
:103940000000000000000000000000000003EBFF8A
:103950000000000000000000000000000000000067
:103960000000000000000000000003EBFF0000006A
:103970000000000000000000000000000000000047
:103980000000000000000003EBFF006000000000EA
:103990000000000000000000000000000000000027
:1039A00000000000FE54FF000000000000000000C6
:1039B0000000000000000000000000000000000007
:1039C0000003EBFF0000000000000000000000000A
:1039D000000000000000000000000000000003EBF9
:1039E000FF000000000000000000000000000000D8
:1039F000000000000000000000000003EBFF0000DA
:103A000000000000000000000000000000000000B6
:103A1000000000000000000003EBFF0000000000B9
:103A20000000000000000000000000000000000096
:103A3000000000000003EBFF000000000000000099
:103A40000000000000000000000000000000000076
:103A5000000003EBFF000000000000000000000079
:103A60000000000000000000000000000000000353
:103A7000EBFF00000000000000000000000000005C
:103A800000000000000000000000000003EBFF0049
:103A90000000000000000000000000000000000026
:103AA00000000000000000000003EBFF0000000029
:103AB0000000000000000000000000000000000006
:103AC00000000000000003EBFF0000000000000009
:103AD00000000000000000000000000000000000E6
:103AE00000000003EBFF00000000000000000000E9
:103AF00000000000000000000000000000000000C6
:103B000003EBFF00000000000000000000000000C8
:103B10000000000000000000000000000003EBFFB8
:103B20000000000000000000000000000000000095
:103B30000000000000000000000003EBFF00000098
:103B40000000000000000000000000000000000075
:103B50000000000000000003EBFF40000000000038
:103B60000000000000000000000000000000000055
:103B70000000000056D5FF0000000000000000001B
:103B80000000000000000000000000000000000035
:103B90000003EBFF00000000000000000000000038
:103BA000000000000000000000000000000003EB27
:103BB000FF00000000000000000000000000000006
:103BC000000000000000000000000003EBFF000008
:103BD00000000000000000000000000000000000E5
:103BE000000000000000000003EBFF2000000000C8
:103BF00000000000000000000000000000000000C5
:103C000000000000002854FF000000000000000039
:103C100000000000000000000000000000000000A4
:103C2000000003EBFF0000000000000000000000A7
:103C30000000000000000000000000000000000381
:103C4000EBFF00000000000000000000000000008A
:103C500000000000000000000000000003EBFF0077
:103C60000000000000000000000000000000000054
:103C700000000000000000000003EBFF0000000057
:103C80000000000000000000000000000000000034
:103C900000000000000003EBFF0000000000000037
:103CA0000000000000000000000000000000000014
:103CB00000000003EBFF0000000000000000000017
:103CC00000000000000000000000000000000000F4
:103CD00003EBFF00000000000000000000000000F7
:103CE0000000000000000000000000000003EBFFE7
:103CF00000000000000000000000000000000000C4
:103D00000000000000000000000003EBFF000000C6
:103D100000000000000000000000000000000000A3
:103D20000000000000000003EBFF000000000000A6
:103D30000000000000000000000000000000000083
:103D40000000000003EBFF00000000000000000086
:103D50000000000000000000000000000000000063
:103D60000003EBFF00000000000000000000000066
:103D7000000000000000000000000000000003EB55
:103D8000FF00000000000000000000000000000034
:103D9000000000000000000000000003EBFF000036
:103DA0000000000000000000000000000000000013
:103DB000000000000000000003EBFF000000000016
:103DC00000000000000000000000000000000000F3
:103DD000000000000003EBFF0000000000000000F6
:103DE00000000000000000000000000000000000D3
:103DF000000003EBFF0000000000000000000000D6
:103E000000000000000000000000000000000003AF
:103E1000EBFF0000000000000000000000000000B8
:103E200000000000000000000000000003EBFF00A5
:103E30000000000000000000000000000000000082
:103E400000000000000000000003EBFF0000000085
:103E50000000000000000000000000000000000062
:103E600000000000000003EBFF0000000000000065
:103E70000000000000000000000000000000000042
:103E800000000003EBFF0000000000000000000045
:103E90000000000000000000000000000000000022
:103EA00003EBFF0000000000000000000000000025
:103EB0000000000000000000000000000003EBFF15
:103EC00000000000000000000000000000000000F2
:103ED0000000000000000000000003EBFF000000F5
:103EE00000000000000000000000000000000000D2
:103EF0000000000000000003EBFF000000000000D5
:103F000000000000000000000000000000000000B1
:103F10000000000003EBFF000000000000000000B4
:103F20000000000000000000000000000000000091
:103F30000003EBFF00000000000000000000000094
:103F4000000000000000000000000000000003EB83
:103F5000FF00000000000000000000000000000062
:103F6000000000000000000000000003EBFF000064
:103F70000000000000000000000000000000000041
:103F8000000000000000000003EBFF000000000044
:103F90000000000000000000000000000000000021
:103FA000000000000003EBFF000000000000000024
:103FB0000000000000000000000000000000000001
:103FC000000003EBFF000000000000000000000004
:103FD00000000000000000000000000000000003DE
:103FE000EBFF0000000000000000000000000000E7
:103FF00000000000000000000000000003EBFF00D4
:1040000000000000000000000000000000000000B0
:1040100000000000000000000003EBFF00000000B3
:104020000000000000000000000000000000000090
:1040300000000000000003EBFF0000000000000093
:104040000000000000000000000000000000000070
:1040500000000003EBFF0000000000000000000073
:104060000000000000000000000000000000000050
:1040700003EBFF0000000000000000000000000053
:104080000000000000000000000000000003EBFF43
:104090000000000000000000000000000000000020
:1040A0000000000000000000000003EBFF00000023
:1040B0000000000000000000000000000000000000
:1040C0000000000000000003EBFF00000000000003
:1040D00000000000000000000000000000000000E0
:1040E0000000000003EBFF000000000000000000E3
:1040F00000000000000000000000000000000000C0
:104100000003EBFF000000000000000000000000C2
:10411000000000000000000000000000000003EBB1
:10412000FF00000000000000000000000000000090
:10413000000000000000000000000003EBFF000092
:10414000000000000000000000000000000000006F
:10415000000000000000000003EBFF000000000072
:10416000000000000000000000000000000000004F
:10417000000000000003EBFF000000000000000052
:10418000000000000000000000000000000000002F
:10419000000003EBFF000000000000000000000032
:1041A000000000000000000000000000000000030C
:1041B000EBFF000000000000000000000000000015
:1041C00000000000000000000000000003EBFF0002
:1041D00000000000000000000000000000000000DF
:1041E00000000000000000000003EBFF00000000E2
:1041F00000000000000000000000000000000000BF
:1042000000000000000003EBFF00000000000000C1
:10421000000000000000000000000000000000009E
:1042200000000003EBFF00000000000000000000A1
:10423000000000000000000000000000000000007E
:1042400003EBFF0000000000000000000000000081
:104250000000000000000000000000000003EBFF71
:10426000000000000000000000000000000000004E
:104270000000000000000000000003EBFF00000051
:10428000000000000000000000000000000000002E
:104290000000000000000003EBFF00000000000031
:1042A000000000000000000000000000000000000E
:1042B0000000000003EBFF00000000000000000011
:1042C00000000000000000000000000000000000EE
:1042D0000003EBFF000000000000000000000000F1
:1042E000000000000000000000000000000003EBE0
:1042F000FF000000000000000000000000000000BF
:10430000000000000000000000000003EBFF0000C0
:10431000000000000000000000000000000000009D
:10432000000000000000000003EBFF0000000000A0
:10433000000000000000000000000000000000007D
:10434000000000000003EBFF000000000000000080
:10435000000000000000000000000000000000005D
:10436000000003EBFF000000000000000000000060
:10437000000000000000000000000000000000033A
:10438000EBFF000000000000000000000000000043
:1043900000000000000000000000000003EBFF0030
:1043A000000000000000000000000000000000000D
:1043B00000000000000000000003EBFF0000000010
:1043C00000000000000000000000000000000000ED
:1043D00000000000000003EBFF00000000000000F0
:1043E00000000000000000000000000000000000CD
:1043F00000000003EBFF00000000000000000000D0
:1044000000000000000000000000000000000000AC
:1044100003EBFF00000000000000000000000000AF
:104420000000000000000000000000000003EBFF9F
:10443000000000000000000000000000000000007C
:104440000000000000000000000003EBFF0000007F
:10445000000000000000000000000000000000005C
:104460000000000000000003EBFF0000000000005F
:10447000000000000000000000000000000000003C
:104480000000000003EBFF0000000000000000003F
:10449000000000000000000000000000000000001C
:1044A0000003EBFF0000000000000000000000001F
:1044B000000000000000000000000000000003EB0E
:1044C000FF000000000000000000000000000000ED
:1044D000000000000000000000000003EBFF0000EF
:1044E00000000000000000000000000000000000CC
:1044F000000000000000000003EBFF0000000000CF
:1045000000000000000000000000000000000000AB
:10451000000000000003EBFF0000000000000000AE
:10452000000000000000000000000000000000008B
:10453000000003EBFF00000000000000000000008E
:104540000000000000000000000000000000000368
:10455000EBFF000000000000000000000000000071
:1045600000000000000000000000000003EBFF005E
:10457000000000000000000000000000000000003B
:1045800000000000000000000003EBFF000000003E
:10459000000000000000000000000000000000001B
:1045A00000000000000003EBFF000000000000001E
:1045B00000000000000000000000000000000000FB
:1045C00000000003EBFF00000000000000000000FE
:1045D00000000000000000000000000000000000DB
:1045E00003EBFF00000000000000000000000000DE
:1045F0000000000000000000000000000003EBFFCE
:1046000000000000000000000000000000000000AA
:104610000000000000000000000003EBFF000000AD
:10462000000000000000000000000000000000008A
:104630000000000000000003EBFF0000000000008D
:10464000000000000000000000000000000000006A
:104650000000000003EBFF0000000000000000006D
:10466000000000000000000000000000000000004A
:104670000003EBFF0000000000000000000000004D
:10468000000000000000000000000000000003EB3C
:10469000FF0000000000000000000000000000001B
:1046A000000000000000000000000003EBFF00001D
:1046B00000000000000000000000000000000000FA
:1046C000000000000000000003EBFF0000000000FD
:1046D00000000000000000000000000000000000DA
:1046E000000000000003EBFF0000000000000000DD
:1046F00000000000000000000000000000000000BA
:10470000000003EBFF0000000000000000000000BC
:104710000000000000000000000000000000000396
:10472000EBFF00000000000000000000000000009F
:1047300000000000000000000000000003EBFF008C
:104740000000000000000000000000000000000069
:1047500000000000000000000003EBFF000000006C
:104760000000000000000000000000000000000049
:1047700000000000000003EBFF000000000000004C
:104780000000000000000000000000000000000029
:1047900000000003EBFF000000000000000000002C
:1047A0000000000000000000000000000000000009
:1047B00003EBFF000000000000000000000000000C
:1047C0000000000000000000000000000003EBFFFC
:1047D00000000000000000000000000000000000D9
:1047E0000000000000000000000003EBFF000000DC
:1047F00000000000000000000000000000000000B9
:104800000000000000000003EBFF000000000000BB
:104810000000000000000000000000000000000098
:104820000000000003EBFF0000000000000000009B
:104830000000000000000000000000000000000078
:104840000003EBFF0000000000000000000000007B
:10485000000000000000000000000000000003EB6A
:10486000FF00000000000000000000000000000049
:10487000000000000000000000000003EBFF00004B
:104880000000000000000000000000000000000028
:10489000000000000000000003EBFF00000000002B
:1048A0000000000000000000000000000000000008
:1048B000000000000003EBFF00000000000000000B
:1048C00000000000000000000000000000000000E8
:1048D000000003EBFF0000000000000000000000EB
:1048E00000000000000000000000000000000003C5
:1048F000EBFF0000000000000000000000000000CE
:1049000000000000000000000000000003EBFF00BA
:104910000000000000000000000000000000000097
:1049200000000000000000000003EBFF000000009A
:104930000000000000000000000000000000000077
:1049400000000000000003EBFF000000000000007A
:104950000000000000000000000000000000000057
:1049600000000003EBFF000000000000000000005A
:104970000000000000000000000000000000000037
:1049800003EBFF000000000000000000000000003A
:104990000000000000000000000000000003EBFF2A
:1049A0000000000000000000000000000000000007
:1049B0000000000000000000000003EBFF0000000A
:1049C00000000000000000000000000000000000E7
:1049D0000000000000000003EBFF000000000000EA
:1049E00000000000000000000000000000000000C7
:1049F0000000000003EBFF000000000000000000CA
:104A000000000000000000000000000000000000A6
:104A10000003EBFF000000000000000000000000A9
:104A2000000000000000000000000000000003EB98
:104A3000FF00000000000000000000000000000077
:104A4000000000000000000000000003EBFF000079
:104A50000000000000000000000000000000000056
:104A6000000000000000000003EBFF000000000059
:104A70000000000000000000000000000000000036
:104A8000000000000003EBFF000000000000000039
:104A90000000000000000000000000000000000016
:104AA000000003EBFF000000000000000000000019
:104AB00000000000000000000000000000000003F3
:104AC000EBFF0000000000000000000000000000FC
:104AD00000000000000000000000000003EBFF00E9
:104AE00000000000000000000000000000000000C6
:104AF00000000000000000000003EBFF00000000C9
:104B000000000000000000000000000000000000A5
:104B100000000000000003EBFF00000000000000A8
:104B20000000000000000000000000000000000085
:104B300000000003EBFF0000000000000000000088
:104B40000000000000000000000000000000000065
:104B500003EBFF0000000000000000000000000068
:104B60000000000000000000000000000003EBFF58
:104B70000000000000000000000000000000000035
:104B80000000000000000000000003EBFF00000038
:104B90000000000000000000000000000000000015
:104BA0000000000000000003EBFF00000000000018
:104BB00000000000000000000000000000000000F5
:104BC0000000000003EBFF000000000000000000F8
:104BD00000000000000000000000000000000000D5
:104BE0000003EBFF000000000000000000000000D8
:104BF000000000000000000000000000000003EBC7
:104C0000FF000000000000000000000000000000A5
:104C1000000000000000000000000003EBFF0000A7
:104C20000000000000000000000000000000000084
:104C3000000000000000000003EBFF000000000087
:104C40000000000000000000000000000000000064
:104C5000000000000003EBFF000000000000000067
:104C60000000000000000000000000000000000044
:104C7000000003EBFF000000000000000000000047
:104C80000000000000000000000000000000000321
:104C9000EBFF00000000000000000000000000002A
:104CA00000000000000000000000000003EBFF0017
:104CB00000000000000000000000000000000000F4
:104CC00000000000000000000003EBFF00000000F7
:104CD00000000000000000000000000000000000D4
:104CE00000000000000003EBFF00000000000000D7
:104CF00000000000000000000000000000000000B4
:104D000000000003EBFF00000000000000000000B6
:104D10000000000000000000000000000000000093
:104D200003EBFF0000000000000000000000000096
:104D30000000000000000000000000000003EBFF86
:104D40000000000000000000000000000000000063
:104D50000000000000000000000003EBFF00000066
:104D60000000000000000000000000000000000043
:104D70000000000000000003EBFF00000000000046
:104D80000000000000000000000000000000000023
:104D90000000000003EBFF00000000000000000026
:104DA0000000000000000000000000000000000003
:104DB0000003EBFF00000000000000000000000006
:104DC000000000000000000000000000000003EBF5
:104DD000FF000000000000000000000000000000D4
:104DE000000000000000000000000003EBFF0000D6
:104DF00000000000000000000000000000000000B3
:104E0000000000000000000003EBFF0000000000B5
:104E10000000000000000000000000000000000092
:104E2000000000000003EBFF000000000000000095
:104E30000000000000000000000000000000000072
:104E4000000003EBFF000000000000000000000075
:104E5000000000000000000000000000000000034F
:104E6000EBFF000000000000000000000000000058
:104E700000000000000000000000000003EBFF0045
:104E80000000000000000000000000000000000022
:104E900000000000000000000003EBFF0000000025
:104EA0000000000000000000000000000000000002
:104EB00000000000000003EBFF0000000000000005
:104EC00000000000000000000000000000000000E2
:104ED00000000003EBFF00000000000000000000E5
:104EE00000000000000000000000000000000000C2
:104EF00003EBFF00000000000000000000000000C5
:104F00000000000000000000000000000003EBFFB4
:104F10000000000000000000000000000000000091
:104F20000000000000000000000003EBFF00000094
:104F30000000000000000000000000000000000071
:104F40000000000000000003EBFF00000000000074
:104F50000000000000000000000000000000000051
:104F60000000000003EBFF00000000000000000054
:104F70000000000000000000000000000000000031
:104F80000003EBFF00000000000000000000000034
:104F9000000000000000000000000000000003EB23
:104FA000FF00000000000000000000000000000002
:104FB000000000000000000000000003EBFF000004
:104FC00000000000000000000000000000000000E1
:104FD000000000000000000003EBFF0000000000E4
:104FE00000000000000000000000000000000000C1
:104FF000000000000003EBFF0000000000000000C4
:1050000000000000000000000000000000000000A0
:10501000000003EBFF0000000000000000000000A3
:10502000000000000000000000000000000000037D
:10503000EBFF000000000000000000000000000086
:1050400000000000000000000000000003EBFF0073
:105050000000000000000000000000000000000050
:1050600000000000000000000003EBFF0000000053
:105070000000000000000000000000000000000030
:1050800000000000000003EBFF0000000000000033
:105090000000000000000000000000000000000010
:1050A00000000003EBFF0000000000000000000013
:1050B00000000000000000000000000000000000F0
:1050C00003EBFF00000000000000000000000000F3
:1050D0000000000000000000000000000003EBFFE3
:1050E00000000000000000000000000000000000C0
:1050F0000000000000000000000003EBFF000000C3
:10510000000000000000000000000000000000009F
:105110000000000000000003EBFF000000000000A2
:10512000000000000000000000000000000000007F
:105130000000000003EBFF00000000000000000082
:10514000000000000000000000000000000000005F
:105150000003EBFF00000000000000000000000062
:10516000000000000000000000000000000003EB51
:10517000FF00000000000000000000000000000030
:10518000000000000000000000000003EBFF000032
:10519000000000000000000000000000000000000F
:1051A000000000000000000003EBFF000000000012
:1051B00000000000000000000000000000000000EF
:1051C000000000000003EBFF0000000000000000F2
:1051D00000000000000000000000000000000000CF
:1051E000000003EBFF0000000000000000000000D2
:1051F00000000000000000000000000000000003AC
:10520000EBFF0000000000000000000000000000B4
:1052100000000000000000000000000003EBFF00A1
:10522000000000000000000000000000000000007E
:1052300000000000000000000003EBFF0000000081
:10524000000000000000000000000000000000005E
:1052500000000000000003EBFF0000000000000061
:10526000000000000000000000000000000000003E
:1052700000000003EBFF0000000000000000000041
:10528000000000000000000000000000000000001E
:1052900003EBFF0000000000000000000000000021
:1052A0000000000000000000000000000003EBFF11
:1052B00000000000000000000000000000000000EE
:1052C0000000000000000000000003EBFF000000F1
:1052D00000000000000000000000000000000000CE
:1052E0000000000000000003EBFF000000000000D1
:1052F00000000000000000000000000000000000AE
:105300000000000003EBFF000000000000000000B0
:10531000000000000000000000000000000000008D
:105320000003EBFF00000000000000000000000090
:10533000000000000000000000000000000003EB7F
:10534000FF0000000000000000000000000000005E
:10535000000000000000000000000003EBFF000060
:10536000000000000000000000000000000000003D
:10537000000000000000000003EBFF000000000040
:10538000000000000000000000000000000000001D
:10539000000000000003EBFF000000000000000020
:1053A00000000000000000000000000000000000FD
:1053B000000003EBFF000000000000000000000000
:1053C00000000000000000000000000000000003DA
:1053D000EBFF0000000000000000000000000000E3
:1053E00000000000000000000000000003EBFF00D0
:1053F00000000000000000000000000000000000AD
:1054000000000000000000000003EBFF00000000AF
:10541000000000000000000000000000000000008C
:1054200000000000000003EBFF000000000000008F
:10543000000000000000000000000000000000006C
:1054400000000003EBFF000000000000000000006F
:10545000000000000000000000000000000000004C
:1054600003EBFF000000000000000000000000004F
:105470000000000000000000000000000003EBFF3F
:10548000000000000000000000000000000000001C
:105490000000000000000000000003EBFF0000001F
:1054A00000000000000000000000000000000000FC
:1054B0000000000000000003EBFF000000000000FF
:1054C00000000000000000000000000000000000DC
:1054D0000000000003EBFF000000000000000000DF
:1054E00000000000000000000000000000000000BC
:1054F0000003EBFF000000000000000000000000BF
:10550000000000000000000000000000000003EBAD
:10551000FF0000000000000000000000000000008C
:10552000000000000000000000000003EBFF00008E
:10553000000000000000000000000000000000006B
:10554000000000000000000003EBFF00000000006E
:10555000000000000000000000000000000000004B
:10556000000000000003EBFF00000000000000004E
:10557000000000000000000000000000000000002B
:10558000000003EBFF00000000000000000000002E
:105590000000000000000000000000000000000308
:1055A000EBFF000000000000000000000000000011
:1055B00000000000000000000000000003EBFF00FE
:1055C00000000000000000000000000000000000DB
:1055D00000000000000000000003EBFF00000000DE
:1055E00000000000000000000000000000000000BB
:1055F00000000000000003EBFF00000000000000BE
:10560000000000000000000000000000000000009A
:1056100000000003EBFF000000000000000000009D
:10562000000000000000000000000000000000007A
:1056300003EBFF000000000000000000000000007D
:105640000000000000000000000000000003EBFF6D
:10565000000000000000000000000000000000004A
:105660000000000000000000000003EBFF0000004D
:10567000000000000000000000000000000000002A
:105680000000000000000003EBFF0000000000002D
:10569000000000000000000000000000000000000A
:1056A0000000000003EBFF0000000000000000000D
:1056B00000000000000000000000000000000000EA
:1056C0000003EBFF000000000000000000000000ED
:1056D000000000000000000000000000000003EBDC
:1056E000FF000000000000000000000000000000BB
:1056F000000000000000000000000003EBFF0000BD
:105700000000000000000000000000000000000099
:10571000000000000000000003EBFF00000000009C
:105720000000000000000000000000000000000079
:10573000000000000003EBFF00000000000000007C
:105740000000000000000000000000000000000059
:10575000000003EBFF00000000000000000000005C
:105760000000000000000000000000000000000336
:10577000EBFF00000000000000000000000000003F
:1057800000000000000000000000000003EBFF002C
:105790000000000000000000000000000000000009
:1057A00000000000000000000003EBFF000000000C
:1057B00000000000000000000000000000000000E9
:1057C00000000000000003EBFF00000000000000EC
:1057D00000000000000000000000000000000000C9
:1057E00000000003EBFF00000000000000000000CC
:1057F00000000000000000000000000000000000A9
:1058000003EBFF00000000000000000000000000AB
:105810000000000000000000000000000003EBFF9B
:105820000000000000000000000000000000000078
:105830000000000000000000000003EBFF0000007B
:105840000000000000000000000000000000000058
:105850000000000000000003EBFF0000000000005B
:105860000000000000000000000000000000000038
:105870000000000003EBFF0000000000000000003B
:105880000000000000000000000000000000000018
:105890000003EBFF0000000000000000000000001B
:1058A000000000000000000000000000000003EB0A
:1058B000FF000000000000000000000000000000E9
:1058C000000000000000000000000003EBFF0000EB
:1058D00000000000000000000000000000000000C8
:1058E000000000000000000003EBFF0000000000CB
:1058F00000000000000000000000000000000000A8
:10590000000000000003EBFF0000000000000000AA
:105910000000000000000000000000000000000087
:10592000000003EBFF00000000000000000000008A
:105930000000000000000000000000000000000364
:10594000EBFF00000000000000000000000000006D
:1059500000000000000000000000000003EBFF005A
:105960000000000000000000000000000000000037
:1059700000000000000000000003EBFF000000003A
:105980000000000000000000000000000000000017
:1059900000000000000003EBFF000000000000001A
:1059A00000000000000000000000000000000000F7
:1059B00000000003EBFF00000000000000000000FA
:1059C00000000000000000000000000000000000D7
:1059D00003EBFF00000000000000000000000000DA
:1059E0000000000000000000000000000003EBFFCA
:1059F00000000000000000000000000000000000A7
:105A00000000000000000000000003EBFF000000A9
:105A10000000000000000000000000000000000086
:105A20000000000000000003EBFF00000000000089
:105A30000000000000000000000000000000000066
:105A40000000000003EBFF00000000000000000069
:105A50000000000000000000000000000000000046
:105A60000003EBFF00000000000000000000000049
:105A7000000000000000000000000000000003EB38
:105A8000FF00000000000000000000000000000017
:105A9000000000000000000000000003EBFF000019
:105AA00000000000000000000000000000000000F6
:105AB000000000000000000003EBFF0000000000F9
:105AC00000000000000000000000000000000000D6
:105AD000000000000003EBFF0000000000000000D9
:105AE00000000000000000000000000000000000B6
:105AF000000003EBFF0000000000000000000000B9
:105B00000000000000000000000000000000000392
:105B1000EBFF00000000000000000000000000009B
:105B200000000000000000000000000003EBFF0088
:105B30000000000000000000000000000000000065
:105B400000000000000000000003EBFF0000000068
:105B50000000000000000000000000000000000045
:105B600000000000000003EBFF0000000000000048
:105B70000000000000000000000000000000000025
:105B800000000003EBFF0000000000000000000028
:105B90000000000000000000000000000000000005
:105BA00003EBFF0000000000000000000000000008
:105BB0000000000000000000000000000003EBFFF8
:105BC00000000000000000000000000000000000D5
:105BD0000000000000000000000003EBFF000000D8
:105BE00000000000000000000000000000000000B5
:105BF0000000000000000003EBFF000000000000B8
:105C00000000000000000000000000000000000094
:105C10000000000003EBFF00000000000000000097
:105C20000000000000000000000000000000000074
:105C30000003EBFF00000000000000000000000077
:105C4000000000000000000000000000000003EB66
:105C5000FF00000000000000000000000000000045
:105C6000000000000000000000000003EBFF000047
:105C70000000000000000000000000000000000024
:105C8000000000000000000003EBFF000000000027
:105C90000000000000000000000000000000000004
:105CA000000000000003EBFF000000000000000007
:105CB00000000000000000000000000000000000E4
:105CC000000003EBFF0000000000000000000000E7
:105CD00000000000000000000000000000000003C1
:105CE000EBFF0000000000000000000000000000CA
:105CF00000000000000000000000000003EBFF10A7
:105D00000000000000000000000000000000000093
:105D10000000000000000000009714FF00000000D9
:105D20000000000000000000000000000000000073
:105D300000000000000003EBFF0000000000000076
:105D40000000000000000000000000000000000053
:105D500000000003EBFF0000000000000000000056
:105D60000000000000000000000000000000000033
:105D700003EBFF0000000000000000000000000036
:105D80000000000000000000000000000003EBFF26
:105D90000000000000000000000000000000000003
:105DA0000000000000000000000003EBFF00000006
:105DB00000000000000000000000000000000000E3
:105DC0000000000000000003EBFF000000000000E6
:105DD00000000000000000000000000000000000C3
:105DE0000000000003EBFF000000000000000000C6
:105DF00000000000000000000000000000000000A3
:105E00000003EBFF000000000000000000000000A5
:105E1000000000000000000000000000000003EB94
:105E2000FF00000000000000000000000000000073
:105E3000000000000000000000000003EBFF000075
:105E40000000000000000000000000000000000052
:105E5000000000000000000003EBFF000000000055
:105E60000000000000000000000000000000000032
:105E7000000000000003EBFF000000000000000035
:105E80000000000000000000000000000000000012
:105E9000000003EBFF000000000000000000000015
:105EA00000000000000000000000000000000003EF
:105EB000EBFF0000000000000000000000000000F8
:105EC00000000000000000000000000003EBFF00E5
:105ED00000000000000000000000000000000000C2
:105EE00000000000000000000003EBFF00000000C5
:105EF00000000000000000000000000000000000A2
:105F000000000000000003EBFF00000000000000A4
:105F10000000000000000000000000000000000081
:105F200000000003EBFF0000000000000000000084
:105F30000000000000000000000000000000000061
:105F400003EBFF0000000000000000000000000064
:105F50000000000000000000000000000003EBFF54
:105F60000000000000000000000000000000000031
:105F70000000000000000000000003EBFF00000034
:105F80000000000000000000000000000000000011
:105F90000000000000000003EBFF00000000000014
:105FA00000000000000000000000000000000000F1
:105FB0000000000003EBFF000000000000000000F4
:105FC00000000000000000000000000000000000D1
:105FD0000003EBFF000000000000000000000000D4
:105FE000000000000000000000000000000003EBC3
:105FF000FF000000000000000000000000000000A2
:10600000000000000000000000000003EBFF0000A3
:106010000000000000000000000000000000000080
:10602000000000000000000003EBFF000000000083
:106030000000000000000000000000000000000060
:10604000000000000003EBFF000000000000000063
:106050000000000000000000000000000000000040
:10606000000003EBFF000000000000000000000043
:10607000000000000000000000000000000000031D
:10608000EBFF000000000000000000000000000026
:1060900000000000000000000000000003EBFF080B
:1060A00000000000000000000000000000000000F0
:1060B000000000000000000000C994FF080000007C
:1060C00000000000000000000000000000000000D0
:1060D000000000000000C994FF0000000000000064
:1060E00000000000000000000000000000000000B0
:1060F00000000003EBFF00000000000000000000B3
:10610000000000000000000000000000000000008F
:1061100003EBFF0000000000000000000000000092
:106120000000000000000000000000000003EBFF82
:10613000000000000000000000000000000000005F
:106140000000000000000000000003EBFF00000062
:10615000000000000000000000000000000000003F
:106160000000000000000003EBFF00000000000042
:10617000000000000000000000000000000000001F
:106180000000000003EBFF00000000000000000022
:1061900000000000000000000000000000000000FF
:1061A0000003EBFF00000000000000000000000002
:1061B000000000000000000000000000000003EBF1
:1061C000FF000000000000000000000000000000D0
:1061D000000000000000000000000003EBFF0000D2
:1061E00000000000000000000000000000000000AF
:1061F000000000000000000003EBFF0000000000B2
:10620000000000000000000000000000000000008E
:10621000000000000003EBFF000000000000000091
:10622000000000000000000000000000000000006E
:10623000000003EBFF000000000000000000000071
:10624000000000000000000000000000000000034B
:10625000EBFF000000000000000000000000000054
:1062600000000000000000000000000003EBFF0041
:10627000000000000000000000000000000000001E
:1062800000000000000000000003EBFF0000000021
:1062900000000000000000000000000000000000FE
:1062A00000000000000003EBFF0000000000000001
:1062B00000000000000000000000000000000000DE
:1062C00000000003EBFF00000000000000000000E1
:1062D00000000000000000000000000000000000BE
:1062E00003EBFF00000000000000000000000000C1
:1062F0000000000000000000000000000003EBFFB1
:10630000000000000000000000000000000000008D
:106310000000000000000000000003EBFF00000090
:10632000000000000000000000000000000000006D
:106330000000000000000003EBFF00000000000070
:10634000000000000000000000000000000000004D
:106350000000000003EBFF00000000000000000050
:10636000000000000000000000000000000000002D
:106370000003EBFF00000000000000000000000030
:10638000000000000000000000000000000003EB1F
:10639000FF000000000000000000000000000000FE
:1063A000000000000000000000000003EBFF000000
:1063B00000000000000000000000000000000000DD
:1063C000000000000000000003EBFF0000000000E0
:1063D00000000000000000000000000000000000BD
:1063E000000000000003EBFF0000000000000000C0
:1063F000000000000000000000000000000000009D
:10640000000003EBFF00000000000000000000009F
:106410000000000000000000000000000000000379
:10642000EBFF000000000000000000000000000082
:1064300000000000000000000000000003EBFF006F
:10644000000000000000000000000000000000004C
:1064500000000000000000000003EBFF000000004F
:10646000000000000000000000000000000000002C
:1064700000000000000003EBFF000000000000002F
:10648000000000000000000000000000000000000C
:1064900000000003EBFF000000000000000000000F
:1064A00000000000000000000000000000000000EC
:1064B00003EBFF00000000000000000000000000EF
:1064C0000000000000000000000000000003EBFFDF
:1064D00000000000000000000000000000000000BC
:1064E0000000000000000000000003EBFF000000BF
:1064F000000000000000000000000000000000009C
:106500000000000000000003EBFF0000000000009E
:10651000000000000000000000000000000000007B
:106520000000000003EBFF0000000000000000007E
:10653000000000000000000000000000000000005B
:106540000003EBFF4400000000000000000000001A
:106550000000000000000000000000000000B3EA9E
:10656000FF0000000000000000000000000000002C
:10657000000000000000000000000003EBFF20000E
:10658000000000000000000000000000000000000B
:1065900000000000000000002854FF000000000080
:1065A00000000000000000000000000000000000EB
:1065B000000000000003EBFF0000000000000000EE
:1065C00000000000000000000000000000000000CB
:1065D000000003EBFF0000000000000000000000CE
:1065E00000000000000000000000000000000003A8
:1065F000EBFF0000000000000000000000000000B1
:1066000000000000000000000000000003EBFF009D
:10661000000000000000000000000000000000007A
:1066200000000000000000000003EBFF000000007D
:10663000000000000000000000000000000000005A
:1066400000000000000003EBFF000000000000005D
:10665000000000000000000000000000000000003A
:1066600000000003EBFF000000000000000000003D
:10667000000000000000000000000000000000001A
:1066800003EBFF000000000000000000000000001D
:106690000000000000000000000000000003EBFF0D
:1066A00000000000000000000000000000000000EA
:1066B0000000000000000000000003EBFF000000ED
:1066C00000000000000000000000000000000000CA
:1066D0000000000000000003EBFF000000000000CD
:1066E00000000000000000000000000000000000AA
:1066F0000000000003EBFF000000000000000000AD
:106700000000000000000000000000000000000089
:106710000003EBFF0000000000000000000000008C
:10672000000000000000000000000000000003EB7B
:10673000FF0000000000000000000000000000005A
:10674000000000000000000000000003EBFF00005C
:106750000000000000000000000000000000000039
:10676000000000000000000003EBFF00000000003C
:106770000000000000000000000000000000000019
:10678000000000000003EBFF00000000000000001C
:1067900000000000000000000000000000000000F9
:1067A000000003EBFF0000000000000000000000FC
:1067B00000000000000000000000000000000003D6
:1067C000EBFF0000000000000000000000000000DF
:1067D00000000000000000000000000003EBFF00CC
:1067E00000000000000000000000000000000000A9
:1067F00000000000000000000003EBFF00000000AC
:106800000000000000000000000000000000000088
:1068100000000000000003EBFF000000000000008B
:106820000000000000000000000000000000000068
:1068300000000003EBFF000000000000000000006B
:106840000000000000000000000000000000000048
:1068500003EBFF000000000000000000000000004B
:106860000000000000000000000000000003EBFF3B
:106870000000000000000000000000000000000018
:106880000000000000000000000003EBFF0000001B
:1068900000000000000000000000000000000000F8
:1068A0000000000000000003EBFF000000000000FB
:1068B00000000000000000000000000000000000D8
:1068C0000000000003EBFF000000000000000000DB
:1068D00000000000000000000000000000000000B8
:1068E0000003EBFF000000000000000000000000BB
:1068F000000000000000000000000000000003EBAA
:10690000FF10000000000000000000000000000078
:1069100000000000000000000000009714FF0000CD
:106920000000000000000000000000000000000067
:10693000000000000000000003EBFF00000000006A
:106940000000000000000000000000000000000047
:10695000000000000003EBFF00000000000000004A
:106960000000000000000000000000000000000027
:10697000000003EBFF00000000000000000000002A
:106980000000000000000000000000000000000304
:10699000EBFF00000000000000000000000000000D
:1069A00000000000000000000000000003EBFF00FA
:1069B00000000000000000000000000000000000D7
:1069C00000000000000000000003EBFF00000000DA
:1069D00000000000000000000000000000000000B7
:1069E00000000000000003EBFF00000000000000BA
:1069F0000000000000000000000000000000000097
:106A000000000003EBFF0000000000000000000099
:106A10000000000000000000000000000000000076
:106A200003EBFF0000000000000000000000000079
:106A30000000000000000000000000000003EBFF69
:106A40000000000000000000000000000000000046
:106A50000000000000000000000003EBFF00000049
:106A60000000000000000000000000000000000026
:106A70000000000000000003EBFF00000000000029
:106A80000000000000000000000000000000000006
:106A90000000000003EBFF00000000000000000009
:106AA00000000000000000000000000000000000E6
:106AB0000003EBFF000000000000000000000000E9
:106AC000000000000000000000000000000003EBD8
:106AD000FF000000000000000000000000000000B7
:106AE000000000000000000000000003EBFF0000B9
:106AF0000000000000000000000000000000000096
:106B0000000000000000000003EBFF000000000098
:106B10000000000000000000000000000000000075
:106B2000000000000003EBFF000000000000000078
:106B30000000000000000000000000000000000055
:106B4000000003EBFF000000000000000000000058
:106B50000000000000000000000000000000000332
:106B6000EBFF00000000000000000000000000003B
:106B700000000000000000000000000003EBFF0028
:106B80000000000000000000000000000000000005
:106B900000000000000000000003EBFF0000000008
:106BA00000000000000000000000000000000000E5
:106BB00000000000000003EBFF00000000000000E8
:106BC00000000000000000000000000000000000C5
:106BD00000000003EBFF00000000000000000000C8
:106BE00000000000000000000000000000000000A5
:106BF00003EBFF00000000000000000000000000A8
:106C00000000000000000000000000000003EBFF97
:106C10000000000000000000000000000000000074
:106C20000000000000000000000003EBFF00000077
:106C30000000000000000000000000000000000054
:106C40000000000000000003EBFF00000000000057
:106C50000000000000000000000000000000000034
:106C60000000000003EBFF00000000000000000037
:106C70000000000000000000000000000000000014
:106C80000003EBFF00000000000000000000000017
:106C9000000000000000000000000000000003EB06
:106CA000FF080000000000000000000000000000DD
:106CB0000000000000000000000000C994FF080070
:106CC00000000000000000000000000000000000C4
:106CD0000000000000000000C994FF000000000058
:106CE00000000000000000000000000000000000A4
:106CF000000000000003EBFF0000000000000000A7
:106D00000000000000000000000000000000000083
:106D1000000003EBFF000000000000000000000086
:106D20000000000000000000000000000000000360
:106D3000EBFF000000000000000000000000000069
:106D400000000000000000000000000003EBFF0056
:106D50000000000000000000000000000000000033
:106D600000000000000000000003EBFF0000000036
:106D70000000000000000000000000000000000013
:106D800000000000000003EBFF0000000000000016
:106D900000000000000000000000000000000000F3
:106DA00000000003EBFF00000000000000000000F6
:106DB00000000000000000000000000000000000D3
:106DC00003EBFF00000000000000000000000000D6
:106DD0000000000000000000000000000003EBFFC6
:106DE00000000000000000000000000000000000A3
:106DF0000000000000000000000003EBFF000000A6
:106E00000000000000000000000000000000000082
:106E10000000000000000003EBFF00000000000085
:106E20000000000000000000000000000000000062
:106E30000000000003EBFF00000000000000000065
:106E40000000000000000000000000000000000042
:106E50000003EBFF00000000000000000000000045
:106E6000000000000000000000000000000003EB34
:106E7000FF00000000000000000000000000000013
:106E8000000000000000000000000003EBFF000015
:106E900000000000000000000000000000000000F2
:106EA000000000000000000003EBFF0000000000F5
:106EB00000000000000000000000000000000000D2
:106EC000000000000003EBFF0000000000000000D5
:106ED00000000000000000000000000000000000B2
:106EE000000003EBFF0000000000000000000000B5
:106EF000000000000000000000000000000000038F
:106F0000EBFF000000000000000000000000000097
:106F100000000000000000000000000003EBFF0084
:106F20000000000000000000000000000000000061
:106F300000000000000000000003EBFF0000000064
:106F40000000000000000000000000000000000041
:106F500000000000000003EBFF0000000000000044
:106F60000000000000000000000000000000000021
:106F700000000003EBFF0000000000000000000024
:106F80000000000000000000000000000000000001
:106F900003EBFF0000000000000000000000000004
:106FA0000000000000000000000000000003EBFFF4
:106FB00000000000000000000000000000000000D1
:106FC0000000000000000000000003EBFF000000D4
:106FD00000000000000000000000000000000000B1
:106FE0000000000000000003EBFF000000000000B4
:106FF0000000000000000000000000000000000091
:107000000000000003EBFF00000000000000000093
:107010000000000000000000000000000000000070
:107020000003EBFF00000000000000000000000073
:10703000000000000000000000000000000003EB62
:10704000FF00000000000000000000000000000041
:10705000000000000000000000000003EBFF000043
:107060000000000000000000000000000000000020
:10707000000000000000000003EBFF000000000023
:107080000000000000000000000000000000000000
:10709000000000000003EBFF000000000000000003
:1070A00000000000000000000000000000000000E0
:1070B000000003EBFF0000000000000000000000E3
:1070C00000000000000000000000000000000003BD
:1070D000EBFF0000000000000000000000000000C6
:1070E00000000000000000000000000003EBFF00B3
:1070F0000000000000000000000000000000000090
:1071000000000000000000000003EBFF0000000092
:10711000000000000000000000000000000000006F
:1071200000000000000003EBFF0000000000000072
:10713000000000000000000000000000000000004F
:1071400000000003EBFF440000000000000000000E
:10715000000000000000000000000000000000002F
:10716000B3EAFF0000000000000000000000000083
:107170000000000000000000000000000003EBFF22
:1071800020000000000000000000000000000000DF
:10719000000000000000000000002854FF00000074
:1071A00000000000000000000000000000000000DF
:1071B0000000000000000003EBFF000000000000E2
:1071C00000000000000000000000000000000000BF
:1071D0000000000003EBFF000000000000000000C2
:1071E000000000000000000000000000000000009F
:1071F0000003EBFF000000000000000000000000A2
:10720000000000000000000000000000000003EB90
:10721000FF0000000000000000000000000000006F
:10722000000000000000000000000003EBFF000071
:10723000000000000000000000000000000000004E
:10724000000000000000000003EBFF000000000051
:10725000000000000000000000000000000000002E
:10726000000000000003EBFF000000000000000031
:10727000000000000000000000000000000000000E
:10728000000003EBFF000000000000000000000011
:1072900000000000000000000000000000000003EB
:1072A000EBFF0000000000000000000000000000F4
:1072B00000000000000000000000000003EBFF00E1
:1072C00000000000000000000000000000000000BE
:1072D00000000000000000000003EBFF00000000C1
:1072E000000000000000000000000000000000009E
:1072F00000000000000003EBFF00000000000000A1
:10730000000000000000000000000000000000007D
:1073100000000003EBFF0000000000000000000080
:10732000000000000000000000000000000000005D
:1073300003EBFF0000000000000000000000000060
:107340000000000000000000000000000003EBFF50
:10735000000000000000000000000000000000002D
:107360000000000000000000000003EBFF00000030
:10737000000000000000000000000000000000000D
:107380000000000000000003EBFF00000000000010
:1073900000000000000000000000000000000000ED
:1073A0000000000003EBFF000000000000000000F0
:1073B00000000000000000000000000000000000CD
:1073C0000003EBFF000000000000000000000000D0
:1073D000000000000000000000000000000003EBBF
:1073E000FF0000000000000000000000000000009E
:1073F000000000000000000000000003EBFF0000A0
:10740000000000000000000000000000000000007C
:10741000000000000000000003EBFF00000000007F
:10742000000000000000000000000000000000005C
:10743000000000000003EBFF00000000000000005F
:10744000000000000000000000000000000000003C
:10745000000003EBFF00000000000000000000003F
:107460000000000000000000000000000000000319
:10747000EBFF000000000000000000000000000022
:1074800000000000000000000000000003EBFF000F
:1074900000000000000000000000000000000000EC
:1074A00000000000000000000003EBFF00000000EF
:1074B00000000000000000000000000000000000CC
:1074C00000000000000003EBFF00000000000000CF
:1074D00000000000000000000000000000000000AC
:1074E00000000003EBFF00000000000000000000AF
:1074F000000000000000000000000000000000008C
:1075000003EBFF000000000000000000000000008E
:107510000000000000000000000000000003EBFF7E
:10752000000000000000000000000000000000005B
:107530000000000000000000000003EBFF0000005E
:10754000000000000000000000000000000000003B
:107550000000000000000003EBFF0000000000003E
:10756000000000000000000000000000000000001B
:107570000000000003EBFF0000000000000000001E
:1075800000000000000000000000000000000000FB
:107590000003EBFF000000000000000000000000FE
:1075A000000000000000000000000000000003EBED
:1075B000FF000000000000000000000000000000CC
:1075C000000000000000000000000003EBFF0000CE
:1075D00000000000000000000000000000000000AB
:1075E000000000000000000003EBFF0000000000AE
:1075F000000000000000000000000000000000008B
:10760000000000000003EBFF00000000000000008D
:10761000000000000000000000000000000000006A
:10762000000003EBFF00000000000000000000006D
:107630000000000000000000000000000000000347
:10764000EBFF000000000000000000000000000050
:1076500000000000000000000000000003EBFF003D
:10766000000000000000000000000000000000001A
:1076700000000000000000000003EBFF000000001D
:1076800000000000000000000000000000000000FA
:1076900000000000000003EBFF00000000000000FD
:1076A00000000000000000000000000000000000DA
:1076B00000000003EBFF00000000000000000000DD
:1076C00000000000000000000000000000000000BA
:1076D00003EBFF00000000000000000000000000BD
:1076E0000000000000000000000000000003EBFFAD
:1076F000000000000000000000000000000000008A
:107700000000000000000000000003EBFF0000008C
:107710000000000000000000000000000000000069
:107720000000000000000003EBFF0000000000006C
:107730000000000000000000000000000000000049
:107740000000000003EBFF0000000000000000004C
:107750000000000000000000000000000000000029
:107760000003EBFF0000000000000000000000002C
:10777000000000000000000000000000000003EB1B
:10778000FF000000000000000000000000000000FA
:10779000000000000000000000000003EBFF0000FC
:1077A00000000000000000000000000000000000D9
:1077B000000000000000000003EBFF0000000000DC
:1077C00000000000000000000000000000000000B9
:1077D000000000000003EBFF0000000000000000BC
:1077E0000000000000000000000000000000000099
:1077F000000003EBFF00000000000000000000009C
:107800000000000000000000000000000000000375
:10781000EBFF00000000000000000000000000007E
:1078200000000000000000000000000003EBFF006B
:107830000000000000000000000000000000000048
:1078400000000000000000000003EBFF000000004B
:107850000000000000000000000000000000000028
:1078600000000000000003EBFF000000000000002B
:107870000000000000000000000000000000000008
:1078800000000003EBFF000000000000000000000B
:1078900000000000000000000000000000000000E8
:1078A00003EBFF00000000000000000000000000EB
:1078B0000000000000000000000000000003EBFFDB
:1078C00000000000000000000000000000000000B8
:1078D0000000000000000000000003EBFF000000BB
:1078E0000000000000000000000000000000000098
:1078F0000000000000000003EBFF0000000000009B
:107900000000000000000000000000000000000077
:107910000000000003EBFF0000000000000000007A
:107920000000000000000000000000000000000057
:107930000003EBFF0000000000000000000000005A
:10794000000000000000000000000000000003EB49
:10795000FF00000000000000000000000000000028
:10796000000000000000000000000003EBFF00002A
:107970000000000000000000000000000000000007
:10798000000000000000000003EBFF00000000000A
:1079900000000000000000000000000000000000E7
:1079A000000000000003EBFF0000000000000000EA
:1079B00000000000000000000000000000000000C7
:1079C000000003EBFF0000000000000000000000CA
:1079D00000000000000000000000000000000003A4
:1079E000EBFF0000000000000000000000000000AD
:1079F00000000000000000000000000003EBFF009A
:107A00000000000000000000000000000000000076
:107A100000000000000000000003EBFF0000000079
:107A20000000000000000000000000000000000056
:107A300000000000000003EBFF0000000000000059
:107A40000000000000000000000000000000000036
:107A500000000003EBFF0000000000000000000039
:107A60000000000000000000000000000000000016
:107A700003EBFF0000000000000000000000000019
:107A80000000000000000000000000000003EBFF09
:107A900000000000000000000000000000000000E6
:107AA0000000000000000000000003EBFF000000E9
:107AB00000000000000000000000000000000000C6
:107AC0000000000000000003EBFF000000000000C9
:107AD00000000000000000000000000000000000A6
:107AE0000000000003EBFF000000000000000000A9
:107AF0000000000000000000000000000000000086
:107B00000003EBFF00000000000000000000000088
:107B1000000000000000000000000000000003EB77
:107B2000FF00000000000000000000000000000056
:107B3000000000000000000000000003EBFF000058
:107B40000000000000000000000000000000000035
:107B5000000000000000000003EBFF000000000038
:107B60000000000000000000000000000000000015
:107B7000000000000003EBFF000000000000000018
:107B800000000000000000000000000000000000F5
:107B9000000003EBFF0000000000000000000000F8
:107BA00000000000000000000000000000000003D2
:107BB000EBFF0000000000000000000000000000DB
:107BC00000000000000000000000000003EBFF00C8
:107BD00000000000000000000000000000000000A5
:107BE00000000000000000000003EBFF00000000A8
:107BF0000000000000000000000000000000000085
:107C000000000000000003EBFF0000000000000087
:107C10000000000000000000000000000000000064
:107C200000000003EBFF0000000000000000000067
:107C30000000000000000000000000000000000044
:107C400003EBFF0000000000000000000000000047
:107C50000000000000000000000000000003EBFF37
:107C60000000000000000000000000000000000014
:107C70000000000000000000000003EBFF00000017
:107C800000000000000000000000000000000000F4
:107C90000000000000000003EBFF000000000000F7
:107CA00000000000000000000000000000000000D4
:107CB0000000000003EBFF000000000000000000D7
:107CC00000000000000000000000000000000000B4
:107CD0000003EBFF000000000000000000000000B7
:107CE000000000000000000000000000000003EBA6
:107CF000FF00000000000000000000000000000085
:107D0000000000000000000000000003EBFF000086
:107D10000000000000000000000000000000000063
:107D2000000000000000000003EBFF000000000066
:107D30000000000000000000000000000000000043
:107D4000000000000003EBFF000000000000000046
:107D50000000000000000000000000000000000023
:107D6000000003EBFF000000000000000000000026
:107D70000000000000000000000000000000000300
:107D8000EBFF000000000000000000000000000009
:107D900000000000000000000000000003EBFF00F6
:107DA00000000000000000000000000000000000D3
:107DB00000000000000000000003EBFF00000000D6
:107DC00000000000000000000000000000000000B3
:107DD00000000000000003EBFF00000000000000B6
:107DE0000000000000000000000000000000000093
:107DF00000000003EBFF0000000000000000000096
:107E00000000000000000000000000000000000072
:107E100003EBFF0000000000000000000000000075
:107E20000000000000000000000000000003EBFF65
:107E30000000000000000000000000000000000042
:107E40000000000000000000000003EBFF00000045
:107E50000000000000000000000000000000000022
:107E60000000000000000003EBFF000000044000E1
:107E700004400004000000000000000000000000BA
:107E800000000000D3A6FFFFFFFFFF43010000003A
:0D7E900000000011117A000000FFFFFFFF4D
:00000001FF